Keyword,Position,Previous position,Search Volume,Keyword Difficulty,CPC,URL,Traffic,Traffic (%),Traffic Cost,Competition,Number of Results,Trends,Timestamp,SERP Features by Keyword,Keyword Intents,Position Type
ottawa moving companies,1,1,880,39,6.95,https://www.firstratemovers.com/?utm_source=GMB&utm_medium=organic&utm_campaign=gmb-website,218,9.34,1515.00,0.86,38100000,"[5,10,8,10,35,16,24,16,13,13,13,16]",2026-02-03,"Local pack, Sitelinks, Video, People also ask, Related searches, Discussions and forums",commercial,Local pack
moving companies ottawa,1,1,2400,45,9.63,https://www.firstratemovers.com/?utm_source=GMB&utm_medium=organic&utm_campaign=gmb-website,196,8.39,1887.00,0.88,0,"[36,66,80,52,100,66,80,44,44,44,66,52]",2026-03-11,"Local pack, Sitelinks, Related searches",commercial,Local pack
first rate movers ottawa,1,1,170,18,3.58,https://www.firstratemovers.com/,136,5.82,486.00,0.71,723000,"[3,5,9,17,14,21,32,26,26,21,21,17]",2026-02-28,"Knowledge panel, Sitelinks, Related searches",navigational,Organic
first rate movers,1,1,170,32,2.62,https://www.firstratemovers.com/,136,5.82,356.00,0.37,63200000,"[29,35,35,35,29,43,35,43,35,43,43,43]",2026-01-19,"Knowledge panel, Sitelinks, Video, Image, Related searches",navigational,Organic
ottawa movers,1,1,1600,47,6.95,https://www.firstratemovers.com/?utm_source=GMB&utm_medium=organic&utm_campaign=gmb-website,131,5.61,910.00,0.86,2450000,"[10,10,13,24,66,35,24,35,35,35,44,35]",2026-01-28,"Local pack, Sitelinks, Video, Image, People also ask, Related searches",commercial,Local pack
first rate movers inc,1,1,140,18,2.62,https://www.firstratemovers.com/,112,4.79,293.00,0.37,33400000,"[42,53,53,26,53,65,65,53,53,53,53,42]",2026-02-11,"Knowledge panel, Sitelinks, Video, Image, People also ask, Related searches",navigational,Organic
moving company ottawa,1,1,1000,52,6.95,https://www.firstratemovers.com/?utm_source=GMB&utm_medium=organic&utm_campaign=gmb-website,82,3.51,569.00,0.86,79000000,"[13,16,24,30,24,30,30,54,79,100,41,54]",2026-01-21,"Local pack, Sitelinks, Image, People also ask, Related searches",commercial,Local pack
movers in ottawa ontario,1,1,1000,49,6.95,https://www.firstratemovers.com/?utm_source=GMB&utm_medium=organic&utm_campaign=gmb-website,82,3.51,569.00,0.86,544000,"[82,55,4,5,20,65,30,16,24,24,24,20]",2026-02-21,"Local pack, Sitelinks, Image, People also ask, Related searches",commercial,Local pack
moving companies in ottawa canada,1,1,590,26,6.95,https://www.firstratemovers.com/?utm_source=GMB&utm_medium=organic&utm_campaign=gmb-website,77,3.29,535.00,0.86,14000000,"[0,0,0,0,100,65,5,1,55,2,4,3]",2026-01-21,"Local pack, Sitelinks, People also ask, Related searches",commercial,Local pack
movers in ottawa,1,1,880,44,6.95,https://www.firstratemovers.com/?utm_source=GMB&utm_medium=organic&utm_campaign=gmb-website,72,3.08,500.00,0.86,2550000,"[16,41,20,54,100,54,16,30,30,41,24,20]",2026-01-21,"Local pack, Sitelinks, Image, People also ask, Related searches",commercial,Local pack
best moving companies ottawa,1,1,390,44,4.10,https://www.firstratemovers.com/?utm_source=GMB&utm_medium=organic&utm_campaign=gmb-website,51,2.18,209.00,0.59,34000000,"[44,54,29,54,44,54,44,54,54,54,36,54]",2026-01-19,"Local pack, Sitelinks, People also ask, Related searches, Discussions and forums",commercial,Local pack
kanata movers,1,1,480,18,6.26,https://www.firstratemovers.com/?utm_source=GMB&utm_medium=organic&utm_campaign=gmb-website,39,1.67,244.00,0.78,303000,"[13,3,30,36,55,20,24,30,45,100,45,30]",2026-02-05,"Local pack, Image, People also ask, Related searches",commercial,Local pack
movers in ottawa,2,2,880,44,6.95,https://www.firstratemovers.com/,38,1.62,264.00,0.86,2550000,"[16,41,20,54,100,54,16,30,30,41,24,20]",2026-01-21,"Local pack, Sitelinks, Image, People also ask, Related searches",commercial,Organic
ottawa movers,5,5,1600,47,6.95,https://www.firstratemovers.com/,35,1.49,243.00,0.86,2450000,"[10,10,13,24,66,35,24,35,35,35,44,35]",2026-01-28,"Local pack, Sitelinks, Video, Image, People also ask, Related searches",commercial,Organic
movers ottawa ontario,1,1,390,43,6.95,https://www.firstratemovers.com/?utm_source=GMB&utm_medium=organic&utm_campaign=gmb-website,31,1.32,215.00,0.86,585000,"[3,21,32,11,32,26,26,72,48,59,100,48]",2026-01-27,"Local pack, Image, People also ask, Related searches",commercial,Local pack
moving companies in ottawa ontario,1,1,390,47,6.95,https://www.firstratemovers.com/?utm_source=GMB&utm_medium=organic&utm_campaign=gmb-website,31,1.32,215.00,0.86,7560000,"[30,34,3,3,3,3,4,24,5,16,7,3]",2026-01-29,"Local pack, People also ask, Related searches",commercial,Local pack
furniture movers ottawa,1,1,210,25,3.60,https://www.firstratemovers.com/?utm_source=GMB&utm_medium=organic&utm_campaign=gmb-website,27,1.15,97.00,0.72,1020000,"[5,5,5,7,7,11,11,59,39,32,39,39]",2026-01-15,"Local pack, Sitelinks, People also ask, Related searches",commercial,Local pack
moving ottawa,1,1,320,35,6.95,https://www.firstratemovers.com/?utm_source=GMB&utm_medium=organic&utm_campaign=gmb-website,26,1.11,180.00,0.86,133000000,"[81,54,12,15,100,19,36,29,81,29,19,29]",2026-01-31,"Local pack, Sitelinks, Video, Image, People also ask, Related searches",commercial,Local pack
ottawa moving company,3,3,720,45,6.95,https://www.firstratemovers.com/,25,1.07,173.00,0.86,75000000,"[16,20,81,100,36,30,45,55,45,55,55,45]",2026-02-11,"Local pack, Sitelinks, Video, Image, People also ask, Related searches",commercial,Organic
moving company ottawa,3,3,1000,52,6.95,https://www.firstratemovers.com/,22,0.94,152.00,0.86,79000000,"[13,16,24,30,24,30,30,54,79,100,41,54]",2026-01-21,"Local pack, Sitelinks, Image, People also ask, Related searches",commercial,Organic
flat rate movers,1,1,90,5,4.85,https://www.firstratemovers.com/?utm_source=GMB&utm_medium=organic&utm_campaign=gmb-website,22,0.94,106.00,0.86,16200000,"[21,15,15,21,21,21,28,43,43,43,43,34]",2026-01-26,"Local pack, Video, Ads bottom, People also ask, Related searches",commercial,Local pack
moving companies ottawa to toronto,1,1,90,5,8.15,https://www.firstratemovers.com/moving-from-ottawa-to-toronto/,22,0.94,179.00,0.88,8400000,"[50,50,50,100,78,50,78,78,78,64,50,50]",2026-03-03,"People also ask, Related searches, AI overview",informational,Organic
movers in ottawa ontario,3,3,1000,49,6.95,https://www.firstratemovers.com/,22,0.94,152.00,0.86,544000,"[82,55,4,5,20,65,30,16,24,24,24,20]",2026-02-21,"Local pack, Sitelinks, Image, People also ask, Related searches",commercial,Organic
moving manotick,1,1,90,,0.00,https://www.firstratemovers.com/manotick/,22,0.94,0.00,0,553000,"[0,0,0,0,4,4,4,80,80,66,100,100]",2026-02-13,"Local pack, Sitelinks, Video, Image, People also ask, Related searches",commercial,Organic
kanata movers,2,2,480,18,6.26,https://www.firstratemovers.com/kanata/,21,0.89,131.00,0.78,303000,"[13,3,30,36,55,20,24,30,45,100,45,30]",2026-02-05,"Local pack, Image, People also ask, Related searches",commercial,Organic
ottawa moving services,1,1,260,43,6.95,https://www.firstratemovers.com/?utm_source=GMB&utm_medium=organic&utm_campaign=gmb-website,21,0.89,145.00,0.86,124,"[24,13,4,4,5,7,7,13,16,10,13,13]",2026-03-05,"Local pack, Video, Image, People also ask, Related searches",commercial,Local pack
movers ottawa,6,6,1600,46,6.95,https://www.firstratemovers.com/,20,0.85,139.00,0.86,2180000,"[44,30,65,44,44,55,44,65,55,55,55,55]",2026-01-26,"Local pack, Sitelinks, Image, People also ask, Related searches",commercial,Organic
ottawa moving companies,3,3,880,39,6.95,https://www.firstratemovers.com/,19,0.81,132.00,0.86,38100000,"[5,10,8,10,35,16,24,16,13,13,13,16]",2026-02-03,"Local pack, Sitelinks, Video, People also ask, Related searches, Discussions and forums",commercial,Organic
movers ottawa ontario,2,2,390,43,6.95,https://www.firstratemovers.com/,17,0.72,118.00,0.86,585000,"[3,21,32,11,32,26,26,72,48,59,100,48]",2026-01-27,"Local pack, Image, People also ask, Related searches",commercial,Organic
moving companies kanata,1,1,210,11,6.26,https://www.firstratemovers.com/?utm_source=GMB&utm_medium=organic&utm_campaign=gmb-website,17,0.72,106.00,0.78,373000,"[43,43,65,65,43,43,81,81,100,100,43,34]",2026-01-23,"Local pack, People also ask, Related searches",commercial,Local pack
moving service quote,3,3,590,30,9.28,https://www.firstratemovers.com/?utm_source=GMB&utm_medium=organic&utm_campaign=gmb-website,17,0.72,157.00,0.42,315000000,"[1,1,62,100,81,55,62,62,30,13,6,10]",2026-01-26,"Local pack, Video, People also ask, Related searches, Discussions and forums, AI overview",commercial,Local pack
moving companies ottawa prices,1,1,70,17,5.33,https://www.firstratemovers.com/?utm_source=GMB&utm_medium=organic&utm_campaign=gmb-website,17,0.72,90.00,0.72,17700000,"[10,14,10,10,10,14,10,18,29,22,18,18]",2026-01-16,"Local pack, Sitelinks, People also ask, Related searches, AI overview",commercial,Local pack
ottawa moving services,1,1,260,43,6.95,https://www.firstratemovers.com/,16,0.68,111.00,0.86,124,"[24,13,4,4,5,7,7,13,16,10,13,13]",2026-03-05,"Local pack, Video, Image, People also ask, Related searches",commercial,Organic
professional movers ottawa,5,5,590,54,5.19,https://www.firstratemovers.com/,14,0.59,72.00,0.38,1030000,"[48,59,39,39,48,72,100,72,59,59,48,72]",2026-01-26,"Knowledge panel, Sitelinks, People also ask, Related searches",informational,Organic
moving company packers,1,1,110,21,7.62,https://www.firstratemovers.com/?utm_source=GMB&utm_medium=organic&utm_campaign=gmb-website,14,0.59,106.00,0.84,0,"[0,8,2,29,18,0,29,22,35,29,35,43]",2026-03-10,"Local pack, Video, Related searches",commercial,Local pack
toronto to ottawa movers,2,2,110,7,8.14,https://www.firstratemovers.com/moving-to-ottawa-from-toronto/,14,0.59,113.00,0.44,2420000,"[82,64,52,82,100,52,41,52,52,41,64,41]",2026-02-05,"Sitelinks, Image, Ads bottom, People also ask, Related searches",commercial,Organic
movers barrhaven,1,1,110,11,5.43,https://www.firstratemovers.com/?utm_source=GMB&utm_medium=organic&utm_campaign=gmb-website,14,0.59,76.00,0.65,25600,"[3,3,7,7,7,11,11,80,80,65,100,100]",2026-01-27,"Local pack, Video, Image, People also ask, Related searches",commercial,Local pack
ottawa piano mover,4,4,210,18,2.15,https://www.firstratemovers.com/ottawa-piano-movers/,13,0.55,27.00,0.4,283000,"[43,21,65,53,81,100,81,100,43,34,65,65]",2026-01-18,"Knowledge panel, Sitelinks, Video, Image, People also ask, Related searches",informational,Organic
ottawa residential movers,1,1,170,,0.00,https://www.firstratemovers.com/?utm_source=GMB&utm_medium=organic&utm_campaign=gmb-website,13,0.55,0.00,0.21,324000,"[42,19,80,65,100,100,80,100,42,42,80,100]",2026-02-11,"Local pack, Image, People also ask, Related searches",commercial,Local pack
best movers in ottawa,1,1,170,41,4.10,https://www.firstratemovers.com/?utm_source=GMB&utm_medium=organic&utm_campaign=gmb-website,13,0.55,53.00,0.59,2080000,"[82,66,66,17,23,100,28,28,35,28,35,35]",2026-01-17,"Local pack, Sitelinks, Image, People also ask, Related searches, Discussions and forums",commercial,Local pack
movers kanata,1,1,140,14,6.26,https://www.firstratemovers.com/?utm_source=GMB&utm_medium=organic&utm_campaign=gmb-website,11,0.47,68.00,0.78,258000,"[9,43,15,15,15,15,15,81,81,65,81,100]",2026-02-14,"Local pack, Image, People also ask, Related searches",commercial,Local pack
moving companies in ottawa ontario,2,2,390,47,6.95,https://www.firstratemovers.com/,11,0.47,76.00,0.86,7560000,"[30,34,3,3,3,3,4,24,5,16,7,3]",2026-01-29,"Local pack, People also ask, Related searches",commercial,Organic
moving ottawa,3,3,320,35,6.95,https://www.firstratemovers.com/,11,0.47,76.00,0.86,133000000,"[81,54,12,15,100,19,36,29,81,29,19,29]",2026-01-31,"Local pack, Sitelinks, Video, Image, People also ask, Related searches",commercial,Organic
professional packers,2,2,140,10,4.83,https://www.firstratemovers.com/ottawa-packing-services/,11,0.47,53.00,0.66,211,"[14,9,9,52,80,52,100,100,100,100,100,100]",2026-03-09,"Local pack, Video, Related searches, See results about, AI overview",informational,Organic
movers kanata,1,1,140,14,6.26,https://www.firstratemovers.com/kanata/,9,0.38,56.00,0.78,258000,"[9,43,15,15,15,15,15,81,81,65,81,100]",2026-02-14,"Local pack, Image, People also ask, Related searches",commercial,Organic
movers manotick,2,2,70,,0.00,https://www.firstratemovers.com/manotick/,9,0.38,0.00,0,180000,"[4,0,0,0,4,0,4,80,80,66,100,100]",2026-02-21,"Knowledge panel, Image pack, Sitelinks, Video, Image, People also ask",informational,Organic
business moving companies near me,10,10,1900,23,6.38,https://www.firstratemovers.com/,9,0.38,57.00,0.22,0,"[1,16,53,100,35,29,53,44,53,16,18,18]",2026-03-08,"Local pack, Video, Related searches",transactional,Organic
moving companies in vaughan ontario,4,4,1000,21,11.12,https://www.firstratemovers.com/local-ottawa-moving-rates/,9,0.38,100.00,0.67,6850000,"[46,52,100,68,100,46,52,52,46,68,37,25]",2026-02-09,"Local pack, Sitelinks, People also ask, Related searches",commercial,People also ask
moving company in ottawa,1,1,480,50,6.95,https://www.firstratemovers.com/?utm_source=GMB&utm_medium=organic&utm_campaign=gmb-website,8,0.34,55.00,0.86,16500000,"[20,62,1,1,1,10,1,13,20,100,81,6]",2026-01-26,"Local pack, Sitelinks, Image, People also ask, Related searches",commercial,Local pack
barrhaven movers,1,1,110,14,5.43,https://www.firstratemovers.com/barrhaven/,7,0.29,38.00,0.65,241000,"[5,5,28,28,53,23,5,17,17,100,28,43]",2026-01-22,"Local pack, Video, Image, People also ask, Related searches",commercial,Organic
moving from ottawa to toronto,2,2,110,6,8.15,https://www.firstratemovers.com/moving-from-ottawa-to-toronto/,7,0.29,57.00,0.88,81500000,"[33,33,33,66,9,9,9,100,100,100,100,80]",2026-01-23,"Sitelinks, Video, Ads bottom, People also ask, Related searches, Discussions and forums, AI overview","commercial, informational",Organic
moving companies in ottawa canada,5,5,590,26,6.95,https://www.firstratemovers.com/,7,0.29,48.00,0.86,14000000,"[0,0,0,0,100,65,5,1,55,2,4,3]",2026-01-21,"Local pack, Sitelinks, People also ask, Related searches",commercial,Organic
moving company kanata,1,1,90,16,6.26,https://www.firstratemovers.com/?utm_source=GMB&utm_medium=organic&utm_campaign=gmb-website,7,0.29,43.00,0.78,1150000,"[9,14,33,42,19,42,23,66,52,100,66,52]",2026-01-19,"Local pack, Image, People also ask, Related searches",commercial,Local pack
moving companies ottawa,16,2,2400,45,9.63,https://www.firstratemovers.com/,7,0.29,67.00,0.88,0,"[36,66,80,52,100,66,80,44,44,44,66,52]",2026-03-11,"Local pack, Sitelinks, Related searches",commercial,Organic
movers barrhaven,1,1,110,11,5.43,https://www.firstratemovers.com/barrhaven/,7,0.29,38.00,0.65,25600,"[3,3,7,7,7,11,11,80,80,65,100,100]",2026-01-27,"Local pack, Video, Image, People also ask, Related searches",commercial,Organic
ottawa piano moving,4,4,210,20,2.15,https://www.firstratemovers.com/ottawa-piano-movers/,6,0.25,12.00,0.4,998000,"[34,21,65,53,81,100,65,100,53,53,43,53]",2026-02-28,"Local pack, Sitelinks, Image, People also ask, Related searches",commercial,Organic
professional packers and movers,1,1,110,31,2.15,https://www.firstratemovers.com/ottawa-packing-services/,6,0.25,12.00,0.77,9040000,"[7,7,7,26,42,19,100,80,53,65,65,65]",2026-03-08,"Local pack, Video, Related searches, Discussions and forums, AI overview",informational,AI overview
long distance movers ottawa,5,14,260,24,8.43,https://www.firstratemovers.com/long-distance-moving/,6,0.25,50.00,0.4,0,"[35,43,81,29,43,29,54,66,66,81,81,100]",2026-03-12,"Local pack, Video, Related searches",commercial,Organic
moving companies kanata,2,2,210,11,6.26,https://www.firstratemovers.com/kanata/,6,0.25,37.00,0.78,373000,"[43,43,65,65,43,43,81,81,100,100,43,34]",2026-01-23,"Local pack, People also ask, Related searches",commercial,Organic
ranger moving systems,2,2,210,13,2.55,https://www.firstratemovers.com/how-to-choose-a-good-moving-company/,6,0.25,15.00,0.08,18900000,"[53,65,80,53,65,100,65,65,80,65,80,80]",2026-03-05,"Knowledge panel, Video, People also ask, Related searches",navigational,People also ask
best moving company ottawa,1,1,70,53,4.10,https://www.firstratemovers.com/?utm_source=GMB&utm_medium=organic&utm_campaign=gmb-website,5,0.21,20.00,0.59,36300000,"[15,19,3,3,19,7,100,65,11,11,42,7]",2026-02-26,"Local pack, Sitelinks, People also ask, Related searches, Discussions and forums",commercial,Local pack
piano movers ottawa ontario,6,6,210,30,2.30,https://www.firstratemovers.com/ottawa-piano-movers/,5,0.21,11.00,0.94,68600,"[43,66,53,43,66,53,43,43,53,66,43,43]",2026-02-22,"Local pack, Image, People also ask, Related searches",commercial,Organic
moving company quote,1,1,480,36,9.28,https://www.firstratemovers.com/local-ottawa-moving-rates/,5,0.21,46.00,0.42,397000000,"[54,54,54,66,66,66,66,100,81,100,100,100]",2026-02-13,"Video, People also ask, Related searches, Discussions and forums, AI overview","commercial, informational",AI overview
moving companies ottawa ontario,1,1,70,45,6.95,https://www.firstratemovers.com/?utm_source=GMB&utm_medium=organic&utm_campaign=gmb-website,5,0.21,34.00,0.86,6630000,"[0,100,0,0,19,7,26,26,53,80,26,15]",2026-01-18,"Local pack, Sitelinks, People also ask, Related searches",commercial,Local pack
ottawa residential moving,2,2,210,44,0.00,https://www.firstratemovers.com/,5,0.21,0.00,0.33,7680000,"[42,19,80,80,100,100,80,100,53,42,65,80]",2026-02-07,"Local pack, People also ask, Related searches",commercial,Organic
ottawa residential movers,3,3,170,,0.00,https://www.firstratemovers.com/,5,0.21,0.00,0.21,324000,"[42,19,80,65,100,100,80,100,42,42,80,100]",2026-02-11,"Local pack, Image, People also ask, Related searches",commercial,Organic
moving nepean,1,1,70,10,0.00,https://www.firstratemovers.com/?utm_source=GMB&utm_medium=organic&utm_campaign=gmb-website,5,0.21,0.00,0,620000,"[4,4,4,0,0,0,0,80,80,66,100,100]",2026-02-17,"Local pack, Video, Image, People also ask, Related searches",commercial,Local pack
moving services ottawa,3,3,720,55,6.95,https://www.firstratemovers.com/,5,0.21,34.00,0.86,133000000,"[24,27,5,4,7,66,20,10,13,44,16,16]",2026-02-05,"Local pack, Sitelinks, Video, People also ask, Related searches",commercial,Organic
usedottawa,11,11,390,7,0.84,https://www.firstratemovers.com/where-can-i-sell-donate-or-dispose-of-my-belongings-in-ottawa/,5,0.21,4.00,0.22,21600,"[10,5,8,8,10,7,10,13,7,13,16,10]",2026-01-19,"Sitelinks, Video, Image, Related searches",informational,Organic
best ottawa moving companies,1,1,50,40,4.10,https://www.firstratemovers.com/?utm_source=GMB&utm_medium=organic&utm_campaign=gmb-website,4,0.17,16.00,0.59,6010000,"[100,63,0,0,45,18,81,63,81,45,63,63]",2026-02-26,"Local pack, Sitelinks, Video, People also ask, Related searches, Discussions and forums",commercial,Local pack
local movers ottawa,2,2,140,46,5.40,https://www.firstratemovers.com/,4,0.17,21.00,0.72,744000,"[12,35,12,23,23,23,28,66,53,43,53,53]",2026-01-27,"Local pack, People also ask, Related searches",commercial,Organic
first rate movers inc,10,10,140,18,2.62,https://www.firstratemovers.com/?utm_source=GMB&utm_medium=organic&utm_campaign=gmb-website,4,0.17,10.00,0.37,33400000,"[42,53,53,26,53,65,65,53,53,53,53,42]",2026-02-11,"Knowledge panel, Sitelinks, Video, Image, People also ask, Related searches",navigational,Knowledge panel
moving company in ottawa,2,2,480,50,6.95,https://www.firstratemovers.com/,4,0.17,27.00,0.86,16500000,"[20,62,1,1,1,10,1,13,20,100,81,6]",2026-01-26,"Local pack, Sitelinks, Image, People also ask, Related searches",commercial,Organic
moving companies price,8,8,320,12,3.44,https://www.firstratemovers.com/local-ottawa-moving-rates/,4,0.17,13.00,0.76,811000000,"[44,54,54,54,54,54,44,66,54,66,35,35]",2026-01-31,"Sitelinks, Video, People also ask, Related searches, Ads middle, AI overview",transactional,Organic
moving companies in ottawa,1,1,260,41,6.95,https://www.firstratemovers.com/?utm_source=GMB&utm_medium=organic&utm_campaign=gmb-website,4,0.17,27.00,0.86,84100000,"[23,67,4,4,44,54,12,36,29,23,36,19]",2026-02-09,"Local pack, Sitelinks, Video, People also ask, Related searches",commercial,Local pack
ranger moving systems,2,2,210,13,2.55,https://www.firstratemovers.com/,4,0.17,10.00,0.08,18900000,"[53,65,80,53,65,100,65,65,80,65,80,80]",2026-03-05,"Knowledge panel, Video, People also ask, Related searches",navigational,People also ask
moving from toronto to ottawa,3,3,170,5,8.14,https://www.firstratemovers.com/moving-to-ottawa-from-toronto/,4,0.17,32.00,0.44,64400000,"[43,43,43,81,15,53,12,65,65,65,65,65]",2026-02-21,"Sitelinks, Video, Video Carousel, People also ask, Related searches, Discussions and forums, AI overview",informational,Organic
movers orleans,3,3,140,15,4.55,https://www.firstratemovers.com/orleans-movers/,4,0.17,18.00,0.75,3630000,"[14,18,14,18,22,22,43,43,43,43,29,35]",2026-01-19,"Local pack, Video, Image, People also ask, Related searches",commercial,Organic
best moving company in ottawa,1,1,50,41,4.10,https://www.firstratemovers.com/?utm_source=GMB&utm_medium=organic&utm_campaign=gmb-website,4,0.17,16.00,0.59,11300000,"[81,63,18,27,100,36,45,45,45,27,81,18]",2026-02-21,"Local pack, Sitelinks, People also ask, Related searches, Discussions and forums",commercial,Local pack
furniture movers ottawa,2,2,210,25,3.60,https://www.firstratemovers.com/furniture-donation-disposal/,3,0.12,10.00,0.72,1020000,"[5,5,5,7,7,11,11,59,39,32,39,39]",2026-01-15,"Local pack, Sitelinks, People also ask, Related searches",commercial,People also ask
nepean movers,2,2,90,9,0.00,https://www.firstratemovers.com/nepean-movers/,3,0.12,0.00,0.59,115000,"[14,14,35,28,14,78,28,100,100,100,100,100]",2026-01-18,"Local pack, Image, People also ask, Related searches",commercial,Organic
mover in ottawa,2,2,70,44,6.95,https://www.firstratemovers.com/,3,0.12,20.00,0.86,40100000,"[0,0,7,0,0,100,2,17,23,23,7,5]",2026-01-25,"Local pack, Sitelinks, Image, People also ask, Related searches",commercial,Organic
moving services,23,23,2400,42,6.38,https://www.firstratemovers.com/,3,0.12,19.00,0.18,0,"[44,44,44,36,36,80,66,66,66,100,80,80]",2026-03-09,"Local pack, Video, Related searches",commercial,Organic
long distance moving companies ottawa,8,8,210,15,8.43,https://www.firstratemovers.com/long-distance-moving/,3,0.12,25.00,0.4,0,"[29,66,54,43,35,29,54,54,43,35,35,35]",2026-03-10,"Local pack, Video, Related searches",commercial,Organic
piano mover near me,4,4,110,13,2.95,https://www.firstratemovers.com/ottawa-piano-movers/,3,0.12,8.00,0.67,0,"[23,42,33,19,19,14,66,80,42,66,80,100]",2026-03-08,"Local pack, Video, Image, Related searches",transactional,Organic
ottawa professional movers,3,3,90,48,5.19,https://www.firstratemovers.com/,3,0.12,15.00,0.38,622000,"[0,3,1,1,1,3,5,8,8,100,44,11]",2026-02-17,"Local pack, Sitelinks, People also ask, Related searches",commercial,Organic
moving company orleans,1,1,50,16,4.55,https://www.firstratemovers.com/orleans-movers/,3,0.12,13.00,0.75,57700000,"[7,14,14,7,7,14,35,78,100,78,64,64]",2026-02-16,"Local pack, People also ask, Related searches",commercial,Organic
moving company cost per hour,1,1,90,9,2.46,https://www.firstratemovers.com/local-ottawa-moving-rates/,3,0.12,7.00,0.76,433000000,"[35,64,64,78,50,64,64,35,50,100,50,50]",2026-01-13,"Sitelinks, Video, People also ask, Related searches, AI overview",informational,AI overview
moving company kanata,2,2,90,16,6.26,https://www.firstratemovers.com/kanata/,3,0.12,18.00,0.78,1150000,"[9,14,33,42,19,42,23,66,52,100,66,52]",2026-01-19,"Local pack, Image, People also ask, Related searches",commercial,Organic
piano moving service near me,1,1,140,10,2.61,https://www.firstratemovers.com/ottawa-piano-movers/,3,0.12,7.00,0.56,98900000,"[65,65,53,43,21,34,43,65,53,34,28,43]",2026-03-03,"Local pack, People also ask, Related searches",transactional,Organic
best moving companies ottawa,3,3,390,44,4.10,https://www.firstratemovers.com/,3,0.12,12.00,0.59,34000000,"[44,54,29,54,44,54,44,54,54,54,36,54]",2026-01-19,"Local pack, Sitelinks, People also ask, Related searches, Discussions and forums",commercial,Organic
movers sterling,4,4,170,42,14.01,https://www.firstratemovers.com/,3,0.12,42.00,0.23,11900000,"[53,53,53,65,80,53,53,53,65,100,65,100]",2026-01-19,"Local pack, Video, Image, People also ask, Related searches",commercial,Organic
orleans moving companies,3,3,170,14,4.55,https://www.firstratemovers.com/orleans-movers/,3,0.12,13.00,0.75,23800000,"[18,29,29,22,43,29,54,43,35,66,35,35]",2026-02-28,"Local pack, Video, Image, People also ask, Related searches",commercial,Organic
movers service,7,7,480,62,6.50,https://www.firstratemovers.com/,3,0.12,19.00,0.1,165000000,"[0,0,0,0,7,1,3,100,11,24,20,20]",2026-01-25,"Local pack, Ads bottom, People also ask, Related searches",commercial,Organic
moving estimates,4,4,90,14,6.87,https://www.firstratemovers.com/detailed-moving-estimates/,3,0.12,20.00,0.81,217000000,"[3,3,26,42,34,42,42,53,34,65,53,11]",2026-02-26,"Video, People also ask, Related searches, AI overview","commercial, informational",Organic
cost for movers,1,1,110,,3.33,https://www.firstratemovers.com/typical-move-costs-for-2024/,3,0.12,9.00,0.54,81400000,"[0,6,3,3,1,6,100,6,6,81,3,3]",2026-02-09,"Sitelinks, Video, People also ask, Related searches, AI overview",informational,People also ask
movers cost,8,8,390,9,3.33,https://www.firstratemovers.com/local-ottawa-moving-rates/,3,0.12,9.00,0.54,104000000,"[36,44,54,67,44,44,67,44,54,54,29,29]",2026-01-16,"Sitelinks, Video, Ads bottom, People also ask, Related searches, AI overview",informational,Organic
mover ottawa,2,2,70,55,9.64,https://www.firstratemovers.com/,3,0.12,28.00,0.88,0,"[65,15,11,11,15,19,53,65,53,34,19,7]",2026-03-08,"Local pack, Video, Image, Related searches",commercial,Organic
local moving companies ottawa,2,2,90,43,5.40,https://www.firstratemovers.com/,3,0.12,16.00,0.72,9990000,"[12,17,12,23,23,23,28,23,28,17,17,17]",2026-01-18,"Local pack, Sitelinks, People also ask, Related searches",commercial,Organic
furniture removal ottawa,3,3,70,13,3.14,https://www.firstratemovers.com/furniture-donation-disposal/,2,0.08,6.00,1,0,"[21,21,78,78,21,21,78,78,78,64,100,50]",2026-03-08,"Local pack, Video, Related searches, Discussions and forums",commercial,Organic
sell my stuff ottawa,4,4,390,32,0.05,https://www.firstratemovers.com/where-can-i-sell-donate-or-dispose-of-my-belongings-in-ottawa/,2,0.08,0.00,0.1,30100000,"[28,66,44,81,54,81,66,44,81,81,81,44]",2026-02-04,"Knowledge panel, Sitelinks, Video, People also ask, Related searches",navigational,Organic
recommended moving companies,6,6,260,31,5.79,https://www.firstratemovers.com/?utm_source=GMB&utm_medium=organic&utm_campaign=gmb-website,2,0.08,11.00,0.57,342000000,"[19,0,5,5,54,36,23,44,66,54,54,36]",2026-01-22,"Local pack, Sitelinks, Video, Ads bottom, People also ask, Related searches, Ads middle, AI overview",commercial,Local pack
newmarket ontario moving companies,3,3,210,19,8.76,https://www.firstratemovers.com/local-ottawa-moving-rates/,2,0.08,17.00,0.74,128,"[48,48,1,2,3,2,1,2,48,48,39,32]",2026-03-05,"Local pack, Image, People also ask, Related searches",commercial,People also ask
moving services in ottawa,1,1,170,50,6.95,https://www.firstratemovers.com/?utm_source=GMB&utm_medium=organic&utm_campaign=gmb-website,2,0.08,13.00,0.86,20800000,"[37,20,1,0,3,2,0,8,8,5,4,4]",2026-02-13,"Local pack, People also ask, Related searches",commercial,Local pack
donate furniture with free pick up ottawa,2,2,140,14,2.11,https://www.firstratemovers.com/furniture-donation-disposal/,2,0.08,4.00,0.62,900000,"[12,12,15,19,12,15,19,19,19,23,15,29]",2026-01-21,"Local pack, Sitelinks, Video, People also ask, Related searches",commercial,People also ask
moving help ottawa,9,9,590,16,3.07,https://www.firstratemovers.com/,2,0.08,6.00,0.37,115000000,"[24,20,10,13,20,36,55,55,55,45,45,36]",2026-01-13,"Local pack, Sitelinks, People also ask, Related searches",commercial,Organic
movers toronto to ottawa,7,7,110,5,8.14,https://www.firstratemovers.com/moving-to-ottawa-from-toronto/,2,0.08,16.00,0.44,1520000,"[64,64,64,100,100,52,52,64,64,64,100,64]",2026-01-24,"Sitelinks, Video, Ads bottom, Related searches",commercial,Organic
shared moving trucks,9,9,320,16,0.00,https://www.firstratemovers.com/consolidated-moves-between-cities-can-save-you-money/,2,0.08,0.00,0.29,139000000,"[66,66,54,66,66,66,54,66,66,100,81,66]",2026-01-24,"Sitelinks, Video, Ads bottom, People also ask, Related searches, AI overview",commercial,Organic
how much is moving service,9,9,320,20,2.53,https://www.firstratemovers.com/local-ottawa-moving-rates/,2,0.08,5.00,0.83,1490000000,"[100,54,44,23,66,54,44,29,23,29,23,15]",2026-01-30,"Sitelinks, Video, People also ask, Related searches, AI overview",informational,Organic
piano moving estimate,7,7,260,5,1.82,https://www.firstratemovers.com/ottawa-piano-movers/,2,0.08,3.00,0.18,5870000,"[23,54,81,100,29,23,29,23,29,9,15,54]",2026-02-26,"Image pack, Sitelinks, Video, People also ask, Related searches, AI overview",informational,Organic
moving company cost per hour,7,7,90,9,2.46,https://www.firstratemovers.com/local-ottawa-moving-rates/,2,0.08,4.00,0.76,433000000,"[35,64,64,78,50,64,64,35,50,100,50,50]",2026-01-13,"Sitelinks, Video, People also ask, Related searches, AI overview",informational,Organic
moving companies prices,9,9,140,8,3.44,https://www.firstratemovers.com/local-ottawa-moving-rates/,2,0.08,6.00,0.76,0,"[35,66,100,35,35,2,17,28,28,43,28,12]",2026-02-27,"Sitelinks, Video, Related searches, AI overview",transactional,Organic
moving companies milton ontario,2,2,210,20,8.32,https://www.firstratemovers.com/local-ottawa-moving-rates/,2,0.08,16.00,0.55,3800000,"[54,35,54,29,100,18,4,4,43,54,81,35]",2026-03-03,"Local pack, Sitelinks, Video, Image, People also ask, Related searches",commercial,People also ask
moving company prices,9,9,320,15,3.44,https://www.firstratemovers.com/local-ottawa-moving-rates/,2,0.08,6.00,0.76,465000000,"[66,100,81,54,54,44,44,44,23,35,35,18]",2026-01-26,"Sitelinks, Video, People also ask, Related searches, AI overview",transactional,Organic
how much do movers cost,12,12,590,17,2.19,https://www.firstratemovers.com/local-ottawa-moving-rates/,2,0.08,4.00,0.76,3880000000,"[54,54,67,81,100,81,54,67,67,67,54,44]",2026-01-27,"Sitelinks, Video, People also ask, Related searches, AI overview",informational,Organic
moving cost,10,10,480,14,3.33,https://www.firstratemovers.com/local-ottawa-moving-rates/,2,0.08,6.00,0.54,1480000000,"[32,32,32,39,48,48,48,39,59,72,59,48]",2026-01-29,"Sitelinks, Video, People also ask, Related searches, AI overview",informational,Organic
how much would a moving company cost,12,12,720,15,2.53,https://www.firstratemovers.com/local-ottawa-moving-rates/,2,0.08,5.00,0.83,912000000,"[76,76,76,100,76,67,76,24,36,36,24,20]",2026-02-25,"Sitelinks, Video, People also ask, Related searches, AI overview",informational,Organic
moving companies in ottawa,2,2,260,41,6.95,https://www.firstratemovers.com/,2,0.08,13.00,0.86,84100000,"[23,67,4,4,44,54,12,36,29,23,36,19]",2026-02-09,"Local pack, Sitelinks, Video, People also ask, Related searches",commercial,Organic
moving and storage ottawa,4,4,90,34,5.11,https://www.firstratemovers.com/free-storage-ottawa/,2,0.08,10.00,0.93,20800000,"[6,9,12,15,21,12,12,43,43,34,43,43]",2026-01-18,"Local pack, Image, Related searches",commercial,Organic
furniture consignment ottawa,4,4,170,18,0.45,https://www.firstratemovers.com/furniture-donation-disposal/,2,0.08,0.00,0.89,333000,"[53,65,34,53,43,53,43,65,34,65,81,21]",2026-03-02,"Local pack, Sitelinks, Video, Image, Video Carousel, People also ask, Related searches, Discussions and forums",commercial,People also ask
ottawa moving,7,7,110,37,7.83,https://www.firstratemovers.com/,2,0.08,15.00,0.41,0,"[5,5,5,8,5,5,16,16,10,8,10,8]",2026-03-06,"Local pack, Sitelinks, Video, Image, Related searches",commercial,Organic
furniture movement service,1,1,90,14,4.00,https://www.firstratemovers.com/professional-hoisting/,2,0.08,8.00,0.63,384000000,"[11,11,41,64,64,82,64,41,41,100,29,52]",2026-02-15,"Local pack, Video, Related searches, AI overview",informational,AI overview
movers in ajax ontario,1,1,140,10,8.71,https://www.firstratemovers.com/local-ottawa-moving-rates/,2,0.08,17.00,0.68,130000,"[29,22,10,4,100,29,29,35,35,35,29,18]",2026-03-03,"Local pack, Image, People also ask, Related searches",commercial,People also ask
moving prices,14,14,720,12,3.33,https://www.firstratemovers.com/local-ottawa-moving-rates/,2,0.08,6.00,0.54,710000000,"[24,55,67,100,76,36,36,30,67,67,55,30]",2026-01-22,"Sitelinks, Video, Ads bottom, People also ask, Related searches, AI overview",transactional,Organic
commercial movers near me,15,15,720,23,18.29,https://www.firstratemovers.com/,1,0.04,18.00,0.67,23000000,"[68,84,100,84,46,11,8,25,20,16,16,16]",2026-02-18,"Local pack, People also ask, Related searches",transactional,Organic
cheapest moving,5,5,70,35,4.49,https://www.firstratemovers.com/,1,0.04,4.00,0.8,210,"[15,11,23,15,15,5,8,11,5,5,6,6]",2026-03-10,"Local pack, Video, Popular products, Related searches, AI overview",commercial,Organic
piano movers near me,11,11,590,21,2.61,https://www.firstratemovers.com/ottawa-piano-movers/,1,0.04,2.00,0.56,6200000,"[48,48,100,88,72,39,39,39,39,88,59,59]",2026-01-26,"Local pack, Video, Ads bottom, People also ask, Related searches",transactional,Organic
furniture movers ottawa,5,5,210,25,3.60,https://www.firstratemovers.com/professional-hoisting/,1,0.04,3.00,0.72,1020000,"[5,5,5,7,7,11,11,59,39,32,39,39]",2026-01-15,"Local pack, Sitelinks, People also ask, Related searches",commercial,Organic
piano movers cost,6,6,140,4,1.82,https://www.firstratemovers.com/ottawa-piano-movers/,1,0.04,1.00,0.18,4310000,"[21,28,34,43,43,15,6,53,65,100,34,65]",2026-02-28,"Image pack, Sitelinks, Video, People also ask, Related searches, AI overview",informational,Organic
ottawa movers reviews,4,4,70,12,2.22,https://www.firstratemovers.com/reviews/,1,0.04,2.00,0.71,1480000,"[14,14,14,28,28,35,78,78,100,50,64,35]",2026-01-19,"Local pack, Sitelinks, People also ask, Related searches, Discussions and forums",commercial,Organic
moving services in ottawa,3,3,170,50,6.95,https://www.firstratemovers.com/,1,0.04,6.00,0.86,20800000,"[37,20,1,0,3,2,0,8,8,5,4,4]",2026-02-13,"Local pack, People also ask, Related searches",commercial,Organic
local mover,7,7,70,39,5.77,https://www.firstratemovers.com/,1,0.04,5.00,0.4,0,"[1,3,4,1,4,5,8,6,4,4,6,5]",2026-03-08,"Local pack, Video, Image, Related searches",commercial,Organic
pro moving company,6,6,140,22,6.11,https://www.firstratemovers.com/how-to-choose-a-good-moving-company/,1,0.04,6.00,0.23,669000000,"[82,82,64,82,64,82,64,64,82,64,64,100]",2026-03-05,"Local pack, Video, Image, People also ask, Related searches, See results about",commercial,People also ask
movers ottawa,30,30,1600,46,6.95,https://www.firstratemovers.com/local-ottawa-moving-rates/,1,0.04,6.00,0.86,2180000,"[44,30,65,44,44,55,44,65,55,55,55,55]",2026-01-26,"Local pack, Sitelinks, Image, People also ask, Related searches",commercial,Organic
commercial moving companies near me,8,8,210,24,18.29,https://www.firstratemovers.com/,1,0.04,18.00,0.67,305000000,"[88,72,7,5,3,2,3,17,21,14,14,21]",2026-03-03,"Local pack, Video, People also ask, Related searches",transactional,Organic
ottawa fast movers,10,10,50,22,1.83,https://www.firstratemovers.com/,1,0.04,1.00,0.19,694000,"[19,19,15,15,42,26,7,19,19,11,7,7]",2026-02-25,"Knowledge panel, Sitelinks, Video, Related searches",informational,Organic
moving boxes close to me,37,37,1600,36,1.48,https://www.firstratemovers.com/moving-boxes-and-supplies/,1,0.04,1.00,1,164000000,"[66,54,79,100,100,79,54,66,100,79,36,41]",2026-02-27,"Local pack, Sitelinks, Video, Image, Related searches",commercial,Organic
movers from toronto to ottawa,6,6,70,6,8.14,https://www.firstratemovers.com/moving-to-ottawa-from-toronto/,1,0.04,8.00,0.44,588000,"[9,4,4,14,23,19,100,33,42,23,42,33]",2026-01-18,"Sitelinks, Video, Ads bottom, People also ask, Related searches, AI overview",informational,Organic
moving storage,20,20,1000,62,7.04,https://www.firstratemovers.com/free-storage-ottawa/,1,0.04,7.00,0.31,685000000,"[20,24,36,55,36,30,45,81,100,100,81,100]",2026-02-08,"Local pack, Sitelinks, Image, Ads bottom, People also ask, Popular products, Related searches",commercial,Organic
moving company quotes,14,14,880,44,10.30,https://www.firstratemovers.com/local-ottawa-moving-rates/,1,0.04,10.00,0.6,0,"[36,45,100,62,45,81,55,45,62,45,45,45]",2026-03-07,"Local pack, Image pack, Video, Image, Ads bottom, Related searches, AI overview","commercial, informational",Organic
moving quotes,11,11,1000,51,9.28,https://www.firstratemovers.com/local-ottawa-moving-rates/,1,0.04,9.00,0.42,603000000,"[67,45,76,76,100,76,100,76,76,100,76,76]",2026-02-11,"Local pack, Video, People also ask, Related searches, AI overview",commercial,Organic
size of boxes for moving,5,5,110,28,0.57,https://www.firstratemovers.com/typical-number-of-boxes-on-a-move/,1,0.04,0.00,1,170000000,"[78,78,78,78,100,100,100,100,100,100,64,78]",2026-02-24,"Image pack, Sitelinks, Video, Video Carousel, People also ask, Popular products, Related searches, Discussions and forums, AI overview",commercial,Organic
storage in ottawa ontario,21,21,720,47,3.65,https://www.firstratemovers.com/free-storage-ottawa/,1,0.04,3.00,0.71,11200000,"[84,68,7,8,7,100,68,13,13,16,16,7]",2026-02-04,"Local pack, Image, People also ask, Related searches",commercial,Organic
shared moving trucks,12,12,320,16,0.00,https://www.firstratemovers.com/consolidated-moves-between-cities-can-save-you-money/,1,0.04,0.00,0.29,139000000,"[66,66,54,66,66,66,54,66,66,100,81,66]",2026-01-24,"Sitelinks, Video, Ads bottom, People also ask, Related searches, AI overview",commercial,Organic
laporte moving reviews,7,7,170,15,0.00,https://www.firstratemovers.com/how-to-choose-a-good-moving-company/,1,0.04,0.00,0.01,662000,"[53,65,53,65,65,43,81,34,53,81,43,34]",2026-03-04,"Knowledge panel, People also ask, Related searches, AI overview",commercial,People also ask
laporte moving reviews,7,7,170,15,0.00,https://www.firstratemovers.com/,1,0.04,0.00,0.01,662000,"[53,65,53,65,65,43,81,34,53,81,43,34]",2026-03-04,"Knowledge panel, People also ask, Related searches, AI overview",commercial,People also ask
mover service,14,14,480,67,6.50,https://www.firstratemovers.com/,1,0.04,6.00,0.1,0,"[46,0,2,2,31,2,3,13,16,25,25,100]",2026-03-06,"Local pack, Video, Related searches",commercial,Organic
furniture donation ottawa,12,12,260,15,1.73,https://www.firstratemovers.com/furniture-donation-disposal/,1,0.04,1.00,0.77,0,"[36,23,29,36,36,36,54,44,44,36,44,54]",2026-03-09,"Local pack, Sitelinks, Video, Image, Related searches",commercial,Organic
issa furniture movers,5,5,90,22,1.66,https://www.firstratemovers.com/how-to-choose-a-good-moving-company/,1,0.04,1.00,0.23,82,"[29,41,82,100,11,64]",2026-03-04,"Knowledge panel, People also ask, Related searches",informational,People also ask
issa furniture movers,5,5,90,22,1.66,https://www.firstratemovers.com/,1,0.04,1.00,0.23,82,"[29,41,82,100,11,64]",2026-03-04,"Knowledge panel, People also ask, Related searches",informational,People also ask
business moving companies near me,27,27,1900,23,6.38,https://www.firstratemovers.com/,1,0.04,6.00,0.22,0,"[1,16,53,100,35,29,53,44,53,16,18,18]",2026-03-08,"Local pack, Video, Related searches",transactional,Organic
business moving companies near me,30,30,1900,23,6.38,https://www.firstratemovers.com/,1,0.04,6.00,0.22,0,"[1,16,53,100,35,29,53,44,53,16,18,18]",2026-03-08,"Local pack, Video, Related searches",transactional,Organic
how to move a tv,1,1,50,31,1.47,https://www.firstratemovers.com/how-to-safely-move-your-big-screen-tv/,1,0.04,1.00,0.52,2580000000,"[100,78,14,78,14,14,14,14,78,14,14,14]",2026-02-24,"Sitelinks, Video, People also ask, Related searches, Discussions and forums, AI overview",informational,AI overview
moving company rates per hour,4,4,70,9,2.46,https://www.firstratemovers.com/local-ottawa-moving-rates/,1,0.04,2.00,0.76,151000000,"[45,81,63,81,45,63,63,36,63,81,63,63]",2026-01-16,"Sitelinks, Video, People also ask, Related searches, Discussions and forums, AI overview",informational,Organic
local movers,29,29,1600,23,5.44,https://www.firstratemovers.com/local-moving-in-ottawa/,1,0.04,5.00,0.15,2410000000,"[29,13,29,22,13,20,36,100,29,43,54,65]",2026-02-12,"Local pack, Video, Ads bottom, People also ask, Related searches, AI overview",informational,Organic
movers price,14,14,390,8,3.33,https://www.firstratemovers.com/local-ottawa-moving-rates/,1,0.04,3.00,0.54,215,"[36,54,44,54,66,81,66,100,54,54,36,36]",2026-03-04,"Sitelinks, Video, People also ask, Related searches, AI overview",informational,Organic
full service movers,7,7,320,62,6.65,https://www.firstratemovers.com/?utm_source=GMB&utm_medium=organic&utm_campaign=gmb-website,1,0.04,6.00,0.15,138000000,"[10,10,10,10,10,16,100,20,24,20,24,24]",2026-01-13,"Local pack, Sitelinks, Video, Ads bottom, People also ask, Related searches",commercial,Local pack
how much is a moving company,9,9,320,13,2.53,https://www.firstratemovers.com/local-ottawa-moving-rates/,1,0.04,2.00,0.83,1450000000,"[81,66,15,44,81,66,35,81,66,66,44,44]",2026-01-18,"Sitelinks, Video, Ads bottom, People also ask, Related searches, AI overview",informational,Organic
small moving companies ottawa,3,3,90,38,2.45,https://www.firstratemovers.com/,1,0.04,2.00,0.92,9220000,"[50,64,64,64,64,64,64,78,100,100,64,64]",2026-03-03,"Local pack, Sitelinks, People also ask, Related searches",commercial,Organic
moving costs ontario,10,10,390,13,2.28,https://www.firstratemovers.com/typical-move-costs-for-2024/,1,0.04,2.00,0.22,23100000,"[54,54,54,66,66,66,54,66,66,100,81,66]",2026-02-01,"Sitelinks, Video, People also ask, Related searches, AI overview",informational,Organic
moving costs ontario,11,11,390,13,2.28,https://www.firstratemovers.com/typical-move-costs-for-2024/,1,0.04,2.00,0.22,23100000,"[54,54,54,66,66,66,54,66,66,100,81,66]",2026-02-01,"Sitelinks, Video, People also ask, Related searches, AI overview",informational,Organic
where to find moving boxes,21,21,1000,38,0.89,https://www.firstratemovers.com/moving-boxes-and-supplies/,1,0.04,0.00,1,364000000,"[55,67,67,76,76,100,67,100,76,76,55,55]",2026-01-24,"Local pack, Sitelinks, Video, Image, Ads bottom, People also ask, Popular products, Related searches, AI overview",informational,Organic
moving companies ottawa ontario,3,3,70,45,6.95,https://www.firstratemovers.com/,1,0.04,6.00,0.86,6630000,"[0,100,0,0,19,7,26,26,53,80,26,15]",2026-01-18,"Local pack, Sitelinks, People also ask, Related searches",commercial,Organic
how much are movers,11,11,590,22,2.53,https://www.firstratemovers.com/local-ottawa-moving-rates/,1,0.04,2.00,0.83,178000000,"[100,76,55,55,13,55,55,36,30,30,24,24]",2026-02-21,"Sitelinks, Video, People also ask, Related searches, Discussions and forums, AI overview",informational,Organic
ottawa movers,32,32,1600,47,6.95,https://www.firstratemovers.com/local-ottawa-moving-rates/,1,0.04,6.00,0.86,2450000,"[10,10,13,24,66,35,24,35,35,35,44,35]",2026-01-28,"Local pack, Sitelinks, Video, Image, People also ask, Related searches",commercial,Organic
piano moving company price,7,7,90,4,1.82,https://www.firstratemovers.com/ottawa-piano-movers/,1,0.04,1.00,0.18,17500000,"[18,18,0,14,100,0,0,10,22,29,22,2]",2026-03-01,"Sitelinks, People also ask, Related searches, AI overview",transactional,Organic
get moving company,10,10,390,59,4.28,https://www.firstratemovers.com/,1,0.04,4.00,0.86,1510000000,"[36,62,62,100,1,1,1,1,1,1,1,1]",2026-01-21,"Local pack, Video, People also ask, Related searches",transactional,Organic
ottawa furniture donation,5,5,90,21,1.53,https://www.firstratemovers.com/furniture-donation-disposal/,1,0.04,1.00,0.69,1430000,"[19,19,33,42,23,33,23,80,42,66,66,52]",2026-01-20,"Local pack, Sitelinks, Video, Image, People also ask, Related searches",commercial,People also ask
moving cost,12,12,480,14,3.33,https://www.firstratemovers.com/local-ottawa-moving-rates/,1,0.04,3.00,0.54,1480000000,"[32,32,32,39,48,48,48,39,59,72,59,48]",2026-01-29,"Sitelinks, Video, People also ask, Related searches, AI overview",informational,Organic
movers st catharines ontario,5,5,210,21,5.72,https://www.firstratemovers.com/local-ottawa-moving-rates/,1,0.04,5.00,0.81,127,"[28,28,23,35,54,35,23,28,35,28,35,23]",2026-03-04,"Local pack, Sitelinks, Image, People also ask, Related searches",commercial,People also ask
movers niagara falls ontario,3,3,110,26,6.38,https://www.firstratemovers.com/local-ottawa-moving-rates/,1,0.04,6.00,0.7,308000,"[64,82,100,41,64,52,5,52,41,82,82,52]",2026-03-03,"Local pack, Image, People also ask, Related searches",commercial,People also ask
movers ajax ontario,4,4,110,24,8.71,https://www.firstratemovers.com/local-ottawa-moving-rates/,1,0.04,8.00,0.68,129000,"[53,42,34,26,26,42,19,80,65,65,53,34]",2026-03-03,"Local pack, Image, People also ask, Related searches",commercial,People also ask
moving comoany,6,6,90,64,7.03,https://www.firstratemovers.com/local-ottawa-moving-rates/,1,0.04,7.00,0.66,0,"[35,2,2,0,2,2,82,7,23,100,28,2]",2026-03-08,"Local pack, Video, Image, Related searches",commercial,Organic
piano movers,31,31,1600,11,3.08,https://www.firstratemovers.com/ottawa-piano-movers/,1,0.04,3.00,0.8,7810000,"[22,22,10,29,29,29,22,100,81,43,22,36]",2026-01-17,"Local pack, Sitelinks, Video, Image, People also ask, Related searches, See results about",commercial,Organic
piano movers ottawa,8,8,390,36,2.30,https://www.firstratemovers.com/ottawa-piano-movers/,1,0.04,2.00,0.94,193000,"[35,44,44,44,54,54,44,100,100,81,100,100]",2026-02-10,"Local pack, Sitelinks, Image, People also ask, Related searches",commercial,Organic
mover tv,6,6,50,8,2.00,https://www.firstratemovers.com/how-to-safely-move-your-big-screen-tv/,1,0.04,2.00,0.51,0,"[81,100,63,63,0,63,81,81,81,0,0,0]",2026-03-06,"Sitelinks, Video, Related searches, AI overview",informational,Organic
facebook marketplace ottawa ontario,4,4,260,45,0.00,https://www.firstratemovers.com/where-can-i-sell-donate-or-dispose-of-my-belongings-in-ottawa/,1,0.04,0.00,0,12100000,"[44,44,44,44,44,44,44,54,54,44,54,54]",2026-01-25,"Sitelinks, People also ask, Related searches",navigational,People also ask
cost for movers,7,7,110,,3.33,https://www.firstratemovers.com/local-ottawa-moving-rates/,1,0.04,3.00,0.54,81400000,"[0,6,3,3,1,6,100,6,6,81,3,3]",2026-02-09,"Sitelinks, Video, People also ask, Related searches, AI overview",informational,Organic
household list,8,8,210,20,0.77,https://www.firstratemovers.com/sample-household-content-list/,1,0.04,0.00,0.3,4420000000,"[65,100,65,65,80,100,80,80,100,80,100,65]",2026-02-28,"Image pack, Sitelinks, Video, Image, People also ask, Related searches, AI overview",informational,Organic
how much is a moving company cost,10,10,210,14,2.53,https://www.firstratemovers.com/local-ottawa-moving-rates/,1,0.04,2.00,0.83,744000000,"[81,100,18,43,100,66,18,29,29,29,22,14]",2026-03-03,"Sitelinks, Video, People also ask, Related searches, AI overview",informational,Organic
how much moving company cost,8,8,140,10,2.53,https://www.firstratemovers.com/local-ottawa-moving-rates/,1,0.04,2.00,0.83,1210000000,"[100,28,2,5,43,17,7,43,43,53,28,23]",2026-02-03,"Sitelinks, Video, People also ask, Related searches, AI overview",informational,Organic
moving nepean,7,7,70,10,0.00,https://www.firstratemovers.com/nepean-movers/,1,0.04,0.00,0,620000,"[4,4,4,0,0,0,0,80,80,66,100,100]",2026-02-17,"Local pack, Video, Image, People also ask, Related searches",commercial,Organic
how much movers charge,7,7,110,18,2.20,https://www.firstratemovers.com/local-ottawa-moving-rates/,1,0.04,2.00,0.79,24300000,"[78,100,64,78,78,100,78,100,78,100,64,64]",2026-03-03,"Sitelinks, Video, People also ask, Related searches, Discussions and forums, AI overview",informational,Organic
moving company rates,8,8,70,6,3.65,https://www.firstratemovers.com/local-ottawa-moving-rates/,1,0.04,3.00,0.77,569000000,"[9,9,9,66,52,52,9,23,52,52,19,14]",2026-01-22,"Sitelinks, Video, Related searches, AI overview",informational,Organic
moving companies ottawa prices,1,1,70,17,5.33,https://www.firstratemovers.com/local-ottawa-moving-rates/,1,0.04,5.00,0.72,17700000,"[10,14,10,10,10,14,10,18,29,22,18,18]",2026-01-16,"Local pack, Sitelinks, People also ask, Related searches, AI overview",commercial,Organic
moving service ottawa,2,2,260,50,6.95,https://www.firstratemovers.com/,1,0.04,6.00,0.86,18600000,"[81,36,1,1,2,67,4,15,100,10,10,7]",2026-03-03,"Local pack, Image, People also ask, Related searches",commercial,Organic
how much does movers cost,7,7,90,13,2.19,https://www.firstratemovers.com/local-ottawa-moving-rates/,1,0.04,2.00,0.76,57800000,"[0,4,10,8,6,4,100,6,6,81,4,4]",2026-02-26,"Sitelinks, Video, People also ask, Related searches, AI overview",informational,Organic
moving company fees,7,7,260,12,3.44,https://www.firstratemovers.com/local-ottawa-moving-rates/,1,0.04,3.00,0.76,391000000,"[44,100,36,36,44,44,29,29,29,29,19,15]",2026-01-15,"Sitelinks, Video, Ads bottom, People also ask, Related searches, AI overview",informational,Organic
emergency moving company,87,87,50,5,5.44,https://www.firstratemovers.com/,0,0,0.00,0.89,398000000,"[35,64,35,64,14,14,14,50,35,78,35,50]",2026-03-03,"Knowledge panel, Related searches, AI overview",commercial,Organic
pack and move companies,33,33,140,28,5.27,https://www.firstratemovers.com/ottawa-packing-services/,0,0,0.00,0.94,265000000,"[65,80,65,80,65,42,100,42,42,34,19,26]",2026-01-17,"Knowledge panel, People also ask, Related searches",commercial,Organic
here 2 there enterprises ltd,7,7,70,29,0.00,https://www.firstratemovers.com/how-to-choose-a-good-moving-company/,0,0,0.00,0.08,57,"[81,63,63,63,63,63,63,45,63,63,63,63]",2026-03-04,"Knowledge panel, Sitelinks, People also ask, Related searches",navigational,People also ask
here 2 there enterprises ltd,7,7,70,29,0.00,https://www.firstratemovers.com/,0,0,0.00,0.08,57,"[81,63,63,63,63,63,63,45,63,63,63,63]",2026-03-04,"Knowledge panel, Sitelinks, People also ask, Related searches",navigational,People also ask
moving companies richmond hill ontario,1,1,90,16,10.12,https://www.firstratemovers.com/local-ottawa-moving-rates/,0,0,0.00,0.64,19300000,"[0,3,3,6,6,6,3,28,53,100,53,53]",2026-02-10,"Local pack, People also ask, Related searches",commercial,People also ask
movers komoka,5,5,140,18,0.00,https://www.firstratemovers.com/local-ottawa-moving-rates/,0,0,0.00,0,93400,"[42,100,34]",2026-02-16,"Local pack, Video, Image, People also ask, Related searches",commercial,People also ask
movers komoka,39,39,140,18,0.00,https://www.firstratemovers.com/,0,0,0.00,0,93400,"[42,100,34]",2026-02-16,"Local pack, Video, Image, People also ask, Related searches",commercial,Organic
rentason,1,1,70,,2.65,https://www.firstratemovers.com/local-ottawa-moving-rates/,0,0,0.00,0.18,1230000,"[9,12,9,6,12,9,9,12,34,100,43,28]",2026-02-17,"Knowledge panel, Sitelinks, Video, Image, People also ask, Related searches",navigational,People also ask
movers long distance,51,51,590,27,9.22,https://www.firstratemovers.com/long-distance-moving/,0,0,0.00,0.18,19500000,"[8,13,13,100,13,13,13,24,24,30,20,24]",2026-01-16,"Local pack, Video, Image, Ads bottom, People also ask, Related searches",commercial,Organic
cheapest moving,11,11,70,35,4.49,https://www.firstratemovers.com/,0,0,0.00,0.8,210,"[15,11,23,15,15,5,8,11,5,5,6,6]",2026-03-10,"Local pack, Video, Popular products, Related searches, AI overview",commercial,Organic
cheapest moving,76,76,70,35,4.49,https://www.firstratemovers.com/,0,0,0.00,0.8,210,"[15,11,23,15,15,5,8,11,5,5,6,6]",2026-03-10,"Local pack, Video, Popular products, Related searches, AI overview",commercial,Organic
cheapest moving,85,85,70,35,4.49,https://www.firstratemovers.com/,0,0,0.00,0.8,210,"[15,11,23,15,15,5,8,11,5,5,6,6]",2026-03-10,"Local pack, Video, Popular products, Related searches, AI overview",commercial,Organic
movers in dartmouth ns,4,4,70,30,3.54,https://www.firstratemovers.com/local-ottawa-moving-rates/,0,0,0.00,0.9,87100,"[19,42,15,7,34,26,3,53,42,53,26,34]",2026-03-03,"Local pack, Video, Image, People also ask, Related searches",commercial,People also ask
great moving company,32,32,320,30,5.79,https://www.firstratemovers.com/,0,0,0.00,0.57,1410000000,"[36,36,20,76,36,10,10,24,16,10,10,16]",2026-01-30,"Local pack, Video, Image, People also ask, Related searches",commercial,Organic
great moving company,58,58,320,30,5.79,https://www.firstratemovers.com/how-to-choose-a-good-moving-company/,0,0,0.00,0.57,1410000000,"[36,36,20,76,36,10,10,24,16,10,10,16]",2026-01-30,"Local pack, Video, Image, People also ask, Related searches",commercial,Organic
great moving company,78,78,320,30,5.79,https://www.firstratemovers.com/how-to-choose-a-good-moving-company/,0,0,0.00,0.57,1410000000,"[36,36,20,76,36,10,10,24,16,10,10,16]",2026-01-30,"Local pack, Video, Image, People also ask, Related searches",commercial,Organic
storage containers ottawa,25,25,50,31,5.98,https://www.firstratemovers.com/our-storage/,0,0,0.00,1,5220000,"[5,10,5,7,10,28,7,17,23,17,17,17]",2026-01-25,"Local pack, Sitelinks, People also ask, Popular products, Related searches",commercial,Organic
ottawa best movers,3,3,110,31,4.10,https://www.firstratemovers.com/how-to-choose-a-good-moving-company/,0,0,0.00,0.59,120,"[0,43,2,12,5,66,28,66,100,7,7,43]",2026-03-05,"Knowledge panel, Sitelinks, People also ask, Related searches","commercial, navigational",People also ask
ottawa best movers,3,3,110,31,4.10,https://www.firstratemovers.com/,0,0,0.00,0.59,120,"[0,43,2,12,5,66,28,66,100,7,7,43]",2026-03-05,"Knowledge panel, Sitelinks, People also ask, Related searches","commercial, navigational",People also ask
ottawa best movers,10,10,110,31,4.10,https://www.firstratemovers.com/,0,0,0.00,0.59,120,"[0,43,2,12,5,66,28,66,100,7,7,43]",2026-03-05,"Knowledge panel, Sitelinks, People also ask, Related searches","commercial, navigational",Organic
ottawa best movers,47,47,110,31,4.10,https://www.firstratemovers.com/local-ottawa-moving-rates/,0,0,0.00,0.59,120,"[0,43,2,12,5,66,28,66,100,7,7,43]",2026-03-05,"Knowledge panel, Sitelinks, People also ask, Related searches","commercial, navigational",Organic
primo self storage ottawa,32,32,320,26,1.95,https://www.firstratemovers.com/free-storage-ottawa/,0,0,0.00,0.1,0,"[66,44,44,44,100,81,54,54,44,44,15,23]",2026-03-06,"Local pack, Sitelinks, Image, Ads bottom, Related searches",navigational,Organic
primo storage ottawa,35,35,320,32,1.95,https://www.firstratemovers.com/free-storage-ottawa/,0,0,0.00,0.1,147000,"[54,44,35,23,35,66,66,54,66,44,54,44]",2026-02-04,"Knowledge panel, Sitelinks, Image, People also ask, Related searches",navigational,Organic
kingston moving companies,2,2,90,17,4.48,https://www.firstratemovers.com/local-ottawa-moving-rates/,0,0,0.00,0.81,32600000,"[5,5,9,12,15,12,19,15,15,15,9,12]",2026-02-15,"Local pack, Sitelinks, Image, People also ask, Related searches",commercial,People also ask
mover,63,63,1600,42,6.49,https://www.firstratemovers.com/,0,0,0.00,0.4,350000000,"[52,27,27,44,13,16,100,52,66,52,52,52]",2026-01-17,"Knowledge panel, Local pack, Sitelinks, Video, Image, People also ask, Related searches, AI overview",commercial,Organic
canada pro moving inc reviews,17,17,50,8,0.00,https://www.firstratemovers.com/how-to-choose-a-good-moving-company/,0,0,0.00,0,23200000,"[63,45,100,63,63,81,63,18,9,9,0,0]",2026-01-28,"Knowledge panel, Sitelinks, Video, Related searches, AI overview",commercial,Organic
packing boxes to move,51,51,140,33,1.04,https://www.firstratemovers.com/moving-boxes-and-supplies/,0,0,0.00,0.94,28200000,"[28,35,35,43,35,35,35,43,53,43,23,43]",2026-01-26,"Local pack, Sitelinks, Video, Image, People also ask, Popular products, Related searches",transactional,Organic
packing boxes to move,62,62,140,33,1.04,https://www.firstratemovers.com/moving-boxes-and-supplies/,0,0,0.00,0.94,28200000,"[28,35,35,43,35,35,35,43,53,43,23,43]",2026-01-26,"Local pack, Sitelinks, Video, Image, People also ask, Popular products, Related searches",transactional,Organic
helping with moving,73,73,110,32,3.91,https://www.firstratemovers.com/faq/,0,0,0.00,0.81,1510000000,"[0,0,0,0,0,54,100,0,0,0,1,0]",2026-01-21,"Knowledge panel, Sitelinks, Video, Ads bottom, People also ask, Related searches, Discussions and forums, AI overview",informational,Organic
where to get moving boxes cheap,44,44,320,32,1.03,https://www.firstratemovers.com/moving-boxes-and-supplies/,0,0,0.00,0.99,0,"[43,82,66,82,82,82,82,82,82,100,66,66]",2026-03-01,"Local pack, Sitelinks, Video, Image, Popular products, Related searches, Discussions and forums, AI overview",transactional,Organic
the mover's choice inc,30,30,140,31,0.00,https://www.firstratemovers.com/,0,0,0.00,0,47600,"[53,53,53,53,80,100,80,80,80,0,0,0]",2026-01-17,"Knowledge panel, Sitelinks, Video, Related searches",navigational,Organic
single item movers near me,18,18,50,22,2.70,https://www.firstratemovers.com/,0,0,0.00,1,0,"[17,17,17,64,23,17,41,41,29,17,29,29]",2026-03-09,"Local pack, Video, Ads bottom, Related searches, AI overview",transactional,Organic
single item movers near me,55,55,50,22,2.70,https://www.firstratemovers.com/,0,0,0.00,1,0,"[17,17,17,64,23,17,41,41,29,17,29,29]",2026-03-09,"Local pack, Video, Ads bottom, Related searches, AI overview",transactional,Organic
timmins movers,2,2,140,13,1.94,https://www.firstratemovers.com/local-ottawa-moving-rates/,0,0,0.00,0.33,123000,"[42,80,66,33,23,52,33,66,100,80,100,66]",2026-02-10,"Local pack, Image, People also ask, Related searches",commercial,People also ask
barrhaven movers,50,50,110,14,5.43,https://www.firstratemovers.com/,0,0,0.00,0.65,241000,"[5,5,28,28,53,23,5,17,17,100,28,43]",2026-01-22,"Local pack, Video, Image, People also ask, Related searches",commercial,Organic
piano movers kingston,72,72,50,8,1.94,https://www.firstratemovers.com/ottawa-piano-movers/,0,0,0.00,0.55,277000,"[18,18,18,100,18,18,18,63,63,100,81,63]",2026-02-16,"Local pack, Sitelinks, Image, People also ask, Related searches",commercial,Organic
professional packers and movers,1,1,110,31,2.15,https://www.firstratemovers.com/ottawa-packing-services/,0,0,0.00,0.77,9040000,"[7,7,7,26,42,19,100,80,53,65,65,65]",2026-03-08,"Local pack, Video, Related searches, Discussions and forums, AI overview",informational,AI overview
professional packers and movers,11,11,110,31,2.15,https://www.firstratemovers.com/ottawa-packing-services/,0,0,0.00,0.77,9040000,"[7,7,7,26,42,19,100,80,53,65,65,65]",2026-03-08,"Local pack, Video, Related searches, Discussions and forums, AI overview",informational,Organic
professional packers and movers,22,22,110,31,2.15,https://www.firstratemovers.com/ottawa-packing-services/,0,0,0.00,0.77,9040000,"[7,7,7,26,42,19,100,80,53,65,65,65]",2026-03-08,"Local pack, Video, Related searches, Discussions and forums, AI overview",informational,Organic
519 movers,7,7,50,28,1.58,https://www.firstratemovers.com/local-ottawa-moving-rates/,0,0,0.00,0.18,3470000,"[18,18,18,18,18,18,18,100,100,81,81,63]",2026-02-16,"Knowledge panel, Sitelinks, Video, Image, Ads bottom, People also ask, Related searches",navigational,People also ask
moving boxes wardrobe box,82,82,320,21,1.50,https://www.firstratemovers.com/free-use-of-wardrobe-boxes/,0,0,0.00,1,5060000,"[43,54,66,54,81,100,66,54,54,100,66,66]",2026-01-25,"Sitelinks, Video, Image, Ads bottom, Video Carousel, People also ask, Popular products, Related searches",transactional,Organic
tree movers ottawa,74,74,260,49,2.36,https://www.firstratemovers.com/,0,0,0.00,0.31,122,"[22,22,22,35,81,100,43,66,54,54,29,43]",2026-03-04,"Local pack, Sitelinks, Video, Image, People also ask, Related searches, AI overview",commercial,Organic
oc movers ottawa,14,14,110,34,3.18,https://www.firstratemovers.com/local-ottawa-moving-rates/,0,0,0.00,0.25,43000,"[52,17,64,64,64,100]",2026-02-06,"Knowledge panel, Sitelinks, People also ask, Related searches",navigational,Organic
oc movers ottawa,32,32,110,34,3.18,https://www.firstratemovers.com/,0,0,0.00,0.25,43000,"[52,17,64,64,64,100]",2026-02-06,"Knowledge panel, Sitelinks, People also ask, Related searches",navigational,Organic
how to choose furniture movers,15,15,210,8,0.00,https://www.firstratemovers.com/how-to-choose-a-good-moving-company/,0,0,0.00,0,174000000,"[35,43,66,43,35,35,14,14,100,22,43]",2026-02-26,"People also ask, Related searches, Discussions and forums, AI overview",informational,Organic
moving companies courtenay,4,4,110,13,3.30,https://www.firstratemovers.com/local-ottawa-moving-rates/,0,0,0.00,0.94,1030000,"[66,80,52,9,66,66,66,66,52,52,42,42]",2026-02-27,"Local pack, Sitelinks, Image, People also ask, Related searches",commercial,People also ask
movers pricing,20,20,70,11,3.33,https://www.firstratemovers.com/local-ottawa-moving-rates/,0,0,0.00,0.54,127000000,"[100,0,0,0,0,0,0,1,1,1,5,6]",2026-01-27,"Sitelinks, Video, Ads bottom, Related searches, AI overview",transactional,Organic
movers pricing,29,29,70,11,3.33,https://www.firstratemovers.com/local-ottawa-moving-rates/,0,0,0.00,0.54,127000000,"[100,0,0,0,0,0,0,1,1,1,5,6]",2026-01-27,"Sitelinks, Video, Ads bottom, Related searches, AI overview",transactional,Organic
rj movers,49,49,210,29,2.49,https://www.firstratemovers.com/,0,0,0.00,0.27,0,"[65,53,65,53,65,65,65,65,65,65,43,43]",2026-03-08,"Knowledge panel, Sitelinks, Video, Related searches",navigational,Organic
long distance movers,33,33,1600,28,9.22,https://www.firstratemovers.com/long-distance-moving/,0,0,0.00,0.18,18200000,"[44,44,24,30,30,65,65,65,65,82,82,100]",2026-01-26,"Local pack, Sitelinks, Video, People also ask, Related searches",commercial,Organic
companies in kanata ontario,76,76,90,20,0.00,https://www.firstratemovers.com/kanata/,0,0,0.00,0.08,3840000,"[50,78,100,78,100,78,78,64,50,78,50,50]",2026-02-26,"Local pack, Sitelinks, People also ask, Related searches",commercial,Organic
movers services,35,35,320,67,6.50,https://www.firstratemovers.com/ottawa-packing-services/,0,0,0.00,0.1,173000000,"[23,44,5,5,7,7,12,44,54,100,67,54]",2026-02-17,"Local pack, People also ask, Related searches",commercial,Organic
wardrobe boxes for moving,35,35,90,24,1.50,https://www.firstratemovers.com/free-use-of-wardrobe-boxes/,0,0,0.00,1,98000000,"[7,12,7,12,10,17,100,17,28,17,17,35]",2026-02-06,"Image pack, Sitelinks, Video, Image, People also ask, Popular products, Related searches",commercial,Organic
wardrobe boxes for moving,65,65,90,24,1.50,https://www.firstratemovers.com/free-use-of-wardrobe-boxes/,0,0,0.00,1,98000000,"[7,12,7,12,10,17,100,17,28,17,17,35]",2026-02-06,"Image pack, Sitelinks, Video, Image, People also ask, Popular products, Related searches",commercial,Organic
moving quotations,36,36,110,13,10.31,https://www.firstratemovers.com/moving-quotes/,0,0,0.00,0.6,0,"[11,11,17,41,64,64,100,82,82,100,82,82]",2026-03-08,"Image pack, Video, Ads bottom, Related searches, Discussions and forums, AI overview",informational,Organic
moving quotations,61,61,110,13,10.31,https://www.firstratemovers.com/moving-quotes/,0,0,0.00,0.6,0,"[11,11,17,41,64,64,100,82,82,100,82,82]",2026-03-08,"Image pack, Video, Ads bottom, Related searches, Discussions and forums, AI overview",informational,Organic
moving quotations,64,64,110,13,10.31,https://www.firstratemovers.com/moving-quotes/,0,0,0.00,0.6,0,"[11,11,17,41,64,64,100,82,82,100,82,82]",2026-03-08,"Image pack, Video, Ads bottom, Related searches, Discussions and forums, AI overview",informational,Organic
furniture recycling near me,60,60,110,33,1.43,https://www.firstratemovers.com/furniture-donation-disposal/,0,0,0.00,0.7,92000000,"[17,17,23,28,28,23,35,35,53,43,43,28]",2026-01-19,"Knowledge panel, Video, Ads bottom, People also ask, Related searches, Ads middle, AI overview",transactional,Organic
moving services newmarket,74,74,260,27,8.76,https://www.firstratemovers.com/moving-from-ottawa-to-toronto/,0,0,0.00,0.74,1040000,"[59,48,1,2,21,11,14,32,17,26,48,26]",2026-01-23,"Local pack, People also ask, Related searches",commercial,Organic
household goods list,33,33,110,37,0.39,https://www.firstratemovers.com/sample-household-content-list/,0,0,0.00,0.17,241000000,"[66,66,42,52,52,52,52,66,42,52,42,66]",2026-02-24,"Image pack, Sitelinks, Video, Video Carousel, People also ask, Related searches, AI overview",informational,Organic
ottawa piano movers,5,5,140,35,2.30,https://www.firstratemovers.com/ottawa-piano-movers/,0,0,0.00,0.94,268000,"[15,19,34,42,42,42,80,80,80,65,80,100]",2026-02-28,"Local pack, Image, People also ask, Related searches, Discussions and forums",commercial,Organic
where to buy boxes,49,49,590,42,1.45,https://www.firstratemovers.com/moving-boxes-and-supplies/,0,0,0.00,1,580000000,"[59,59,48,59,72,59,59,59,59,72,59,72]",2026-02-17,"Local pack, Sitelinks, Video, Image, Ads bottom, People also ask, Popular products, Related searches",transactional,Organic
moving companies woodstock,3,3,110,15,3.97,https://www.firstratemovers.com/local-ottawa-moving-rates/,0,0,0.00,0.71,8150000,"[9,19,52,100,52,52,52,52,52,52,42,42]",2026-03-04,"Local pack, Image, People also ask, Related searches",commercial,People also ask
corporate moving service,82,82,70,44,8.11,https://www.firstratemovers.com/,0,0,0.00,0.33,383000000,"[14,14,78,78,78,14,78,14,14,100,50,35]",2026-02-27,"Local pack, Image, People also ask, Related searches, AI overview",informational,Organic
packers movers,21,21,170,39,8.13,https://www.firstratemovers.com/ottawa-packing-services/,0,0,0.00,0.92,13700000,"[66,10,8,22,66,14,14,100,100,8,10,10]",2026-01-19,"Local pack, Video, People also ask, Related searches, AI overview",commercial,Organic
i need boxes for moving,44,44,320,37,0.00,https://www.firstratemovers.com/moving-boxes-and-supplies/,0,0,0.00,0.26,339000000,"[66,66,66,66,66,66,66,66,66,81,66,54]",2026-02-10,"Sitelinks, Video, Image, Ads top, Video Carousel, People also ask, Popular products, Related searches, Ads middle",commercial,Organic
a 1 moving company,30,30,50,5,2.86,https://www.firstratemovers.com/,0,0,0.00,0.4,1440000000,"[18,18,18,18,100,100,18,18,100,18,100,18]",2026-02-16,"Knowledge panel, Video, People also ask, Related searches","informational, transactional",Organic
movers cobourg ontario,6,6,110,10,3.97,https://www.firstratemovers.com/local-ottawa-moving-rates/,0,0,0.00,0.64,115,"[21,15,34,65,100,43,28,28,21,28,21,21]",2026-03-05,"Local pack, People also ask, Related searches",commercial,People also ask
helloyugo,7,7,90,30,0.00,https://www.firstratemovers.com/how-to-choose-a-good-moving-company/,0,0,0.00,0,2160,"[14,66,52,66,33,52,42,100,14,66,14,19]",2026-03-04,"Knowledge panel, Sitelinks, Image, People also ask",navigational,People also ask
helloyugo,7,7,90,30,0.00,https://www.firstratemovers.com/,0,0,0.00,0,2160,"[14,66,52,66,33,52,42,100,14,66,14,19]",2026-03-04,"Knowledge panel, Sitelinks, Image, People also ask",navigational,People also ask
free dresser toronto,56,56,90,7,1.32,https://www.firstratemovers.com/detailed-moving-estimates/,0,0,0.00,0.28,3330000,"[52,52,41,64,52,52,52,41,41,52,52,41]",2026-03-03,"Sitelinks, Video, Related searches",informational,Organic
movers kanata,23,23,140,14,6.26,https://www.firstratemovers.com/,0,0,0.00,0.78,258000,"[9,43,15,15,15,15,15,81,81,65,81,100]",2026-02-14,"Local pack, Image, People also ask, Related searches",commercial,Organic
how much do moving companies charge,15,15,110,9,2.20,https://www.firstratemovers.com/local-ottawa-moving-rates/,0,0,0.00,0.79,362000000,"[42,53,53,53,42,53,53,42,42,53,34,34]",2026-01-26,"Sitelinks, Video, People also ask, Related searches, AI overview",informational,Organic
furniture movers ottawa,40,40,210,25,3.60,https://www.firstratemovers.com/local-ottawa-moving-rates/,0,0,0.00,0.72,1020000,"[5,5,5,7,7,11,11,59,39,32,39,39]",2026-01-15,"Local pack, Sitelinks, People also ask, Related searches",commercial,Organic
furniture movers ottawa,72,72,210,25,3.60,https://www.firstratemovers.com/moving-from-ottawa-to-toronto/,0,0,0.00,0.72,1020000,"[5,5,5,7,7,11,11,59,39,32,39,39]",2026-01-15,"Local pack, Sitelinks, People also ask, Related searches",commercial,Organic
packing services,24,24,480,28,3.25,https://www.firstratemovers.com/ottawa-packing-services/,0,0,0.00,0.16,2160000000,"[8,11,11,25,13,16,20,37,37,25,37,52]",2026-01-20,"Local pack, Video, Image, People also ask, Related searches",commercial,Organic
moving companies with storage containers,80,80,720,56,4.32,https://www.firstratemovers.com/our-storage/,0,0,0.00,0.97,21100000,"[30,36,55,100,62,30,36,45,30,55,30,24]",2026-03-02,"Local pack, Sitelinks, People also ask, Related searches, AI overview",commercial,Organic
long distance moving,32,32,1000,29,9.22,https://www.firstratemovers.com/long-distance-moving/,0,0,0.00,0.18,772000000,"[24,20,24,24,41,30,24,54,54,54,54,54]",2026-01-27,"Local pack, Sitelinks, Video, People also ask, Related searches",commercial,Organic
cheapest moving company,15,15,110,30,5.60,https://www.firstratemovers.com/,0,0,0.00,0.81,135,"[11,6,11,11,44,8,18,15,15,28,35,35]",2026-03-09,"Local pack, Video, Related searches, Discussions and forums, AI overview",commercial,Organic
cheapest moving company,73,73,110,30,5.60,https://www.firstratemovers.com/local-ottawa-moving-rates/,0,0,0.00,0.81,135,"[11,6,11,11,44,8,18,15,15,28,35,35]",2026-03-09,"Local pack, Video, Related searches, Discussions and forums, AI overview",commercial,Organic
movers sault ste marie ontario,5,5,90,14,1.68,https://www.firstratemovers.com/local-ottawa-moving-rates/,0,0,0.00,0.57,141000,"[81,81,81,63,45,100,63,100,100,63,63,81]",2026-03-03,"Local pack, Video, Image, People also ask, Related searches",commercial,People also ask
piano disposal near me,1,1,70,10,5.60,https://www.firstratemovers.com/ottawa-piano-movers/,0,0,0.00,0.91,0,"[19,14,23,23,33,19,33,42,33,33,33,42]",2026-03-08,"Knowledge panel, Video, Ads bottom, Related searches, AI overview","informational, transactional",AI overview
piano disposal near me,1,1,70,10,5.60,https://www.firstratemovers.com/ottawa-piano-movers/,0,0,0.00,0.91,0,"[19,14,23,23,33,19,33,42,33,33,33,42]",2026-03-08,"Knowledge panel, Video, Ads bottom, Related searches, AI overview","informational, transactional",AI overview
movers kitchener ontario,1,1,590,23,8.64,https://www.firstratemovers.com/local-ottawa-moving-rates/,0,0,0.00,0.99,247000,"[55,100,8,16,10,30,81,62,16,20,24,16]",2026-02-28,"Local pack, Sitelinks, Image, People also ask, Related searches",commercial,People also ask
used furniture buyers near me,34,34,90,40,0.79,https://www.firstratemovers.com/where-can-i-sell-donate-or-dispose-of-my-belongings-in-ottawa/,0,0,0.00,0.7,426000000,"[14,14,10,29,22,22,22,18,22,18,18,18]",2026-03-01,"Local pack, Sitelinks, Video, People also ask, Related searches",transactional,Organic
used furniture buyers near me,62,62,90,40,0.79,https://www.firstratemovers.com/where-can-i-sell-donate-or-dispose-of-my-belongings-in-ottawa/,0,0,0.00,0.7,426000000,"[14,14,10,29,22,22,22,18,22,18,18,18]",2026-03-01,"Local pack, Sitelinks, Video, People also ask, Related searches",transactional,Organic
piano movers cost,26,26,140,4,1.82,https://www.firstratemovers.com/ottawa-piano-movers/,0,0,0.00,0.18,4310000,"[21,28,34,43,43,15,6,53,65,100,34,65]",2026-02-28,"Image pack, Sitelinks, Video, People also ask, Related searches, AI overview",informational,Organic
ottawa long distance moving,11,11,210,24,7.61,https://www.firstratemovers.com/long-distance-moving/,0,0,0.00,0.53,5120000,"[28,23,53,43,66,66,53,100,53,43,53,66]",2026-01-31,"Local pack, Sitelinks, Video, People also ask, Related searches",commercial,Organic
where can i buy cheap moving boxes,37,37,260,34,0.87,https://www.firstratemovers.com/moving-boxes-and-supplies/,0,0,0.00,0.94,103000000,"[19,44,36,44,36,36,44,44,44,44,29,29]",2026-02-06,"Local pack, Sitelinks, Video, Image, Ads bottom, People also ask, Popular products, Related searches, Discussions and forums, AI overview",transactional,Organic
barrhaven self storage,21,21,50,26,5.69,https://www.firstratemovers.com/our-storage/,0,0,0.00,0.76,33900,"[3,3,3,18,18,18,3,18,18,3,3,3]",2026-02-20,"Local pack, Video, Image, Ads bottom, People also ask, Related searches",commercial,Organic
barrhaven self storage,35,35,50,26,5.69,https://www.firstratemovers.com/free-storage-ottawa/,0,0,0.00,0.76,33900,"[3,3,3,18,18,18,3,18,18,3,3,3]",2026-02-20,"Local pack, Video, Image, Ads bottom, People also ask, Related searches",commercial,Organic
barrhaven self storage,67,67,50,26,5.69,https://www.firstratemovers.com/barrhaven/,0,0,0.00,0.76,33900,"[3,3,3,18,18,18,3,18,18,3,3,3]",2026-02-20,"Local pack, Video, Image, Ads bottom, People also ask, Related searches",commercial,Organic
how much does it cost for movers to move,27,27,210,12,2.19,https://www.firstratemovers.com/local-ottawa-moving-rates/,0,0,0.00,0.76,27300000,"[11,11,11,15,11,15,18,54,81,100,54,54]",2026-01-24,"Sitelinks, Video, Ads bottom, Related searches, AI overview",informational,Organic
how much does it cost for movers to move,39,39,210,12,2.19,https://www.firstratemovers.com/local-ottawa-moving-rates/,0,0,0.00,0.76,27300000,"[11,11,11,15,11,15,18,54,81,100,54,54]",2026-01-24,"Sitelinks, Video, Ads bottom, Related searches, AI overview",informational,Organic
how much does it cost for movers to move,53,53,210,12,2.19,https://www.firstratemovers.com/typical-move-costs-for-2024/,0,0,0.00,0.76,27300000,"[11,11,11,15,11,15,18,54,81,100,54,54]",2026-01-24,"Sitelinks, Video, Ads bottom, Related searches, AI overview",informational,Organic
packing moving company,29,29,110,25,2.96,https://www.firstratemovers.com/ottawa-packing-services/,0,0,0.00,0.89,89000000,"[54,66,43,100,22,4,4,4,4,4,4,4]",2026-01-28,"Local pack, Video, People also ask, Related searches",commercial,Organic
average cost of moving company,25,25,140,19,2.10,https://www.firstratemovers.com/local-ottawa-moving-rates/,0,0,0.00,0.71,377000000,"[42,80,66,66,66,4,80,66,66,80,52,66]",2026-03-03,"Sitelinks, Video, People also ask, Related searches, Discussions and forums, AI overview",informational,Organic
small moving companies near me,18,18,210,32,2.99,https://www.firstratemovers.com/,0,0,0.00,0.89,602000000,"[65,80,53,100,100,100,100,100,100,100,65,65]",2026-03-04,"Local pack, Video, People also ask, Related searches",transactional,Organic
moving companies in campbell river,2,2,70,9,2.90,https://www.firstratemovers.com/local-ottawa-moving-rates/,0,0,0.00,0.73,119,"[45,81,81,45,100,63,18,63,63,81,81,63]",2026-03-04,"Local pack, Sitelinks, People also ask, Related searches",commercial,People also ask
rental truck movers,22,22,90,68,1.71,https://www.firstratemovers.com/help-loading-or-unloading-truck-or-container/,0,0,0.00,0.23,19900000,"[7,11,11,7,7,7,26,53,100,34,42,100]",2026-01-19,"Local pack, Ads bottom, Related searches",commercial,Organic
moving appliances,28,28,140,17,2.81,https://www.firstratemovers.com/preparing-appliances/,0,0,0.00,0.86,195000000,"[80,15,19,26,65,53,34,100,80,53,53,53]",2026-01-27,"Local pack, Sitelinks, Video, Video Carousel, People also ask, Popular products, Related searches, Short videos",commercial,Organic
piano mover,92,92,320,19,3.08,https://www.firstratemovers.com/ottawa-piano-movers/,0,0,0.00,0.8,37600000,"[15,36,23,54,36,36,36,29,54,29,23,29]",2026-01-31,"Video, Image, Ads bottom, Video Carousel, People also ask, Popular products, Related searches, AI overview",commercial,Organic
piano mover ottawa,7,7,70,19,1.67,https://www.firstratemovers.com/ottawa-piano-movers/,0,0,0.00,0.57,276000,"[21,7,14,14,14,14,21,100,100,50,78,100]",2026-02-16,"Local pack, Sitelinks, Video, Image, People also ask, Related searches",commercial,Organic
storage unit first month free,19,19,70,37,8.55,https://www.firstratemovers.com/free-storage-ottawa/,0,0,0.00,0.94,217000000,"[36,36,45,45,45,100,63,63,63,63,36,45]",2026-01-18,"Video, Ads bottom, Related searches, AI overview",commercial,Organic
storage unit first month free,21,21,70,37,8.55,https://www.firstratemovers.com/free-storage-ottawa/,0,0,0.00,0.94,217000000,"[36,36,45,45,45,100,63,63,63,63,36,45]",2026-01-18,"Video, Ads bottom, Related searches, AI overview",commercial,Organic
moving companies in red deer,4,4,70,14,4.09,https://www.firstratemovers.com/local-ottawa-moving-rates/,0,0,0.00,0.9,34200000,"[19,23,100,19,23,23,23,23,23,19,14,23]",2026-02-28,"Local pack, Sitelinks, People also ask, Related searches",commercial,People also ask
boxes moving boxes,73,73,70,23,0.83,https://www.firstratemovers.com/moving-boxes-and-supplies/,0,0,0.00,1,0,"[19,14,0,23,33,100,33,42,52,66,23,4]",2026-03-09,"Local pack, Sitelinks, Video, Image, Popular products, Related searches",commercial,Organic
kanata movers,31,31,480,18,6.26,https://www.firstratemovers.com/,0,0,0.00,0.78,303000,"[13,3,30,36,55,20,24,30,45,100,45,30]",2026-02-05,"Local pack, Image, People also ask, Related searches",commercial,Organic
best moving company ottawa,3,3,70,53,4.10,https://www.firstratemovers.com/,0,0,0.00,0.59,36300000,"[15,19,3,3,19,7,100,65,11,11,42,7]",2026-02-26,"Local pack, Sitelinks, People also ask, Related searches, Discussions and forums",commercial,Organic
best moving company ottawa,31,31,70,53,4.10,https://www.firstratemovers.com/how-to-choose-a-good-moving-company/,0,0,0.00,0.59,36300000,"[15,19,3,3,19,7,100,65,11,11,42,7]",2026-02-26,"Local pack, Sitelinks, People also ask, Related searches, Discussions and forums",commercial,Organic
cheap self storage ottawa,56,56,110,32,4.21,https://www.firstratemovers.com/ottawa-self-storage/,0,0,0.00,0.91,5820000,"[26,26,26,42,42,42,53,53,53,34,42,34]",2026-03-03,"Local pack, Image, Ads bottom, People also ask, Related searches, Discussions and forums",commercial,Organic
cheap self storage ottawa,79,79,110,32,4.21,https://www.firstratemovers.com/our-storage/,0,0,0.00,0.91,5820000,"[26,26,26,42,42,42,53,53,53,34,42,34]",2026-03-03,"Local pack, Image, Ads bottom, People also ask, Related searches, Discussions and forums",commercial,Organic
cheap moving companies ottawa,4,4,110,41,4.63,https://www.firstratemovers.com/,0,0,0.00,0.86,78200000,"[26,26,34,42,42,34,42,34,42,65,42,65]",2026-01-26,"Local pack, Sitelinks, People also ask, Related searches, Discussions and forums",commercial,Organic
cheap moving companies ottawa,34,34,110,41,4.63,https://www.firstratemovers.com/local-ottawa-moving-rates/,0,0,0.00,0.86,78200000,"[26,26,34,42,42,34,42,34,42,65,42,65]",2026-01-26,"Local pack, Sitelinks, People also ask, Related searches, Discussions and forums",commercial,Organic
cheap moving companies ottawa,64,64,110,41,4.63,https://www.firstratemovers.com/ottawa-packing-services/,0,0,0.00,0.86,78200000,"[26,26,34,42,42,34,42,34,42,65,42,65]",2026-01-26,"Local pack, Sitelinks, People also ask, Related searches, Discussions and forums",commercial,Organic
cheap moving companies ottawa,72,72,110,41,4.63,https://www.firstratemovers.com/ottawa-packing-services/,0,0,0.00,0.86,78200000,"[26,26,34,42,42,34,42,34,42,65,42,65]",2026-01-26,"Local pack, Sitelinks, People also ask, Related searches, Discussions and forums",commercial,Organic
ottawa furniture bank,19,19,90,28,2.69,https://www.firstratemovers.com/furniture-donation-disposal/,0,0,0.00,0.07,8290000,"[28,10,7,23,28,23,12,43,23,35,28,28]",2026-01-26,"Knowledge panel, Video, Ads bottom, People also ask, Related searches",informational,Organic
quote moving,56,56,50,22,0.61,https://www.firstratemovers.com/moving-quotes/,0,0,0.00,0.31,310000000,"[0,5,17,17,23,100,29,41,29,29,23,17]",2026-01-20,"Image pack, Ads top, Ads bottom, People also ask, Related searches","commercial, informational",Organic
hire moving service,46,46,50,15,5.44,https://www.firstratemovers.com/,0,0,0.00,0.83,166000000,"[63,81,63,81,18,18,100,18,18,18,18,18]",2026-01-25,"Local pack, Video, Ads bottom, People also ask, Related searches",commercial,Organic
hire moving service,58,58,50,15,5.44,https://www.firstratemovers.com/,0,0,0.00,0.83,166000000,"[63,81,63,81,18,18,100,18,18,18,18,18]",2026-01-25,"Local pack, Video, Ads bottom, People also ask, Related searches",commercial,Organic
newmarket ontario moving companies,3,3,210,19,8.76,https://www.firstratemovers.com/local-ottawa-moving-rates/,0,0,0.00,0.74,128,"[48,48,1,2,3,2,1,2,48,48,39,32]",2026-03-05,"Local pack, Image, People also ask, Related searches",commercial,People also ask
reliable moving co,30,30,110,22,6.12,https://www.firstratemovers.com/,0,0,0.00,0.57,268000000,"[64,64,11,64,52,100,100,64,64,100,52,41]",2026-02-28,"Local pack, Sitelinks, Video, Related searches",informational,Organic
moving companies for long distance moves,30,30,1300,39,9.22,https://www.firstratemovers.com/long-distance-moving/,0,0,0.00,0.18,194000000,"[34,44,100,44,82,65,44,44,34,3,4,8]",2026-02-04,"Sitelinks, Video, Featured snippet, People also ask, Related searches, Discussions and forums","commercial, informational",Organic
quotes for moving companies,23,23,320,32,9.28,https://www.firstratemovers.com/moving-quotes/,0,0,0.00,0.42,189000000,"[66,66,54,66,66,66,66,66,66,100,66,66]",2026-02-01,"Local pack, Image pack, Video, Ads bottom, People also ask, Related searches, Discussions and forums, AI overview",informational,Organic
relocation insurance,36,36,70,9,5.38,https://www.firstratemovers.com/moving-company-insurance-coverage/,0,0,0.00,0.52,79500000,"[19,19,19,26,26,26,42,42,42,7,7,7]",2026-03-03,"Knowledge panel, People also ask, Related searches",informational,Organic
picture moving boxes,46,46,140,22,0.63,https://www.firstratemovers.com/moving-boxes-and-supplies/,0,0,0.00,1,189000000,"[52,52,42,80,66,80,80,100,66,52,42,52]",2026-02-09,"Image pack, Sitelinks, Video, Image, Video Carousel, People also ask, Popular products, Related searches","commercial, informational",Organic
packing companies,62,62,50,46,3.31,https://www.firstratemovers.com/ottawa-packing-services/,0,0,0.00,0.68,951000000,"[11,17,64,52,23,29,23,17,17,64,41,11]",2026-01-28,"Local pack, People also ask, Related searches",commercial,Organic
appliance moving,43,43,50,18,2.39,https://www.firstratemovers.com/preparing-appliances/,0,0,0.00,0.98,102000000,"[33,19,9,14,66,23,42,23,23,9,14,4]",2026-02-27,"Local pack, Sitelinks, Video, People also ask, Popular products, Related searches",commercial,Organic
moving equipment,59,59,210,25,1.30,https://www.firstratemovers.com/moving-boxes-and-supplies/,0,0,0.00,1,822000000,"[29,66,100,81,43,35,35,35,35,35,35,29]",2026-02-22,"Local pack, Image pack, Sitelinks, Video, Image, People also ask, Popular products, Related searches, AI overview",commercial,Organic
how much it cost to move a house,49,49,70,18,1.36,https://www.firstratemovers.com/typical-move-costs-for-2024/,0,0,0.00,0.42,1260000000,"[45,81,63,63,63,63,81,63,63,45,63,18]",2026-02-23,"Sitelinks, Video, People also ask, Related searches, Discussions and forums, AI overview",informational,Organic
professional packaging,61,61,70,44,0.00,https://www.firstratemovers.com/ottawa-packing-services/,0,0,0.00,0.54,679000000,"[50,100,50,50,50,50,64,50,50,14,14,28]",2026-01-26,"Knowledge panel, Sitelinks, Video, Popular products, Related searches","commercial, navigational",Organic
a one movers,26,26,70,5,3.24,https://www.firstratemovers.com/,0,0,0.00,0.12,200000000,"[100,81,36,36,100,63,63,63,63,45,36,45]",2026-01-13,"Knowledge panel, Video, People also ask, Related searches","informational, transactional",Organic
piano moving services,25,25,110,12,3.20,https://www.firstratemovers.com/ottawa-piano-movers/,0,0,0.00,0.13,68200000,"[9,3,9,12,21,28,9,65,65,43,65,100]",2026-01-20,"Local pack, Sitelinks, Image, Ads bottom, People also ask, Related searches, AI overview",commercial,Organic
newmarket moving companies,49,49,50,,8.76,https://www.firstratemovers.com/moving-from-ottawa-to-toronto/,0,0,0.00,0.74,912000,"[50,0,50,21,28,28,28,35,35,21,35,50]",2026-01-31,"Local pack, Image, People also ask, Related searches",commercial,Organic
newmarket moving companies,50,50,50,,8.76,https://www.firstratemovers.com/moving-from-ottawa-to-toronto/,0,0,0.00,0.74,912000,"[50,0,50,21,28,28,28,35,35,21,35,50]",2026-01-31,"Local pack, Image, People also ask, Related searches",commercial,Organic
moving company rental,23,23,170,74,2.25,https://www.firstratemovers.com/,0,0,0.00,0.42,0,"[42,42,53,100,80,100,65,53,53,53,80,34]",2026-03-06,"Local pack, Video, Related searches",commercial,Organic
best ottawa moving companies,4,4,50,40,4.10,https://www.firstratemovers.com/,0,0,0.00,0.59,6010000,"[100,63,0,0,45,18,81,63,81,45,63,63]",2026-02-26,"Local pack, Sitelinks, Video, People also ask, Related searches, Discussions and forums",commercial,Organic
best ottawa moving companies,90,90,50,40,4.10,https://www.firstratemovers.com/moving-from-ottawa-to-toronto/,0,0,0.00,0.59,6010000,"[100,63,0,0,45,18,81,63,81,45,63,63]",2026-02-26,"Local pack, Sitelinks, Video, People also ask, Related searches, Discussions and forums",commercial,Organic
ottawa movers reviews,36,36,70,12,2.22,https://www.firstratemovers.com/local-ottawa-moving-rates/,0,0,0.00,0.71,1480000,"[14,14,14,28,28,35,78,78,100,50,64,35]",2026-01-19,"Local pack, Sitelinks, People also ask, Related searches, Discussions and forums",commercial,Organic
ottawa movers reviews,45,45,70,12,2.22,https://www.firstratemovers.com/local-ottawa-moving-rates/,0,0,0.00,0.71,1480000,"[14,14,14,28,28,35,78,78,100,50,64,35]",2026-01-19,"Local pack, Sitelinks, People also ask, Related searches, Discussions and forums",commercial,Organic
ottawa movers reviews,85,85,70,12,2.22,https://www.firstratemovers.com/how-to-choose-a-good-moving-company/,0,0,0.00,0.71,1480000,"[14,14,14,28,28,35,78,78,100,50,64,35]",2026-01-19,"Local pack, Sitelinks, People also ask, Related searches, Discussions and forums",commercial,Organic
movers orangeville,1,1,90,22,5.90,https://www.firstratemovers.com/local-ottawa-moving-rates/,0,0,0.00,0.89,184000,"[15,28,21,34,21,21,12,65,34,43,34,34]",2026-02-28,"Knowledge panel, Image, People also ask, Related searches",commercial,People also ask
cost of moving,21,21,110,18,3.33,https://www.firstratemovers.com/typical-move-costs-for-2024/,0,0,0.00,0.54,1340000000,"[2,4,29,35,35,22,29,29,35,22,18,18]",2026-02-15,"Sitelinks, Video, People also ask, Related searches, AI overview",informational,Organic
cost of movers,33,33,140,15,3.33,https://www.firstratemovers.com/local-ottawa-moving-rates/,0,0,0.00,0.54,99200000,"[4,5,4,100,4,4,5,9,7,3,7,9]",2026-01-23,"Sitelinks, Video, People also ask, Related searches, AI overview",informational,Organic
buy sell ottawa,31,31,210,30,1.85,https://www.firstratemovers.com/where-can-i-sell-donate-or-dispose-of-my-belongings-in-ottawa/,0,0,0.00,0.07,27200000,"[65,81,43,65,65,81,65,100,81,43,65,81]",2026-02-21,"Sitelinks, Video, Related searches",transactional,Organic
mover hamilton,3,3,110,39,10.76,https://www.firstratemovers.com/local-ottawa-moving-rates/,0,0,0.00,0.86,247000000,"[2,1,2,0,16,0,0,4,5,5,4,2]",2026-03-03,"Local pack, Video, Image, People also ask, Related searches",commercial,People also ask
moving and storage service,26,26,390,51,5.64,https://www.firstratemovers.com/free-storage-ottawa/,0,0,0.00,0.1,365000000,"[21,88,32,32,21,26,48,32,32,39,32,32]",2026-01-26,"Local pack, Image, People also ask, Related searches",commercial,Organic
donate furniture with free pick up ottawa,17,17,140,14,2.11,https://www.firstratemovers.com/furniture-donation-disposal/,0,0,0.00,0.62,900000,"[12,12,15,19,12,15,19,19,19,23,15,29]",2026-01-21,"Local pack, Sitelinks, Video, People also ask, Related searches",commercial,Organic
swan moving company,4,4,90,10,1.10,https://www.firstratemovers.com/how-to-choose-a-good-moving-company/,0,0,0.00,0.33,11900000,"[26,26,26,26,26,42,42,34,53,53,34,34]",2026-03-05,"Local pack, Sitelinks, Video, Image, People also ask, Related searches",navigational,People also ask
swan moving company,4,4,90,10,1.10,https://www.firstratemovers.com/,0,0,0.00,0.33,11900000,"[26,26,26,26,26,42,42,34,53,53,34,34]",2026-03-05,"Local pack, Sitelinks, Video, Image, People also ask, Related searches",navigational,People also ask
moving services st catharines,6,6,210,26,5.72,https://www.firstratemovers.com/local-ottawa-moving-rates/,0,0,0.00,0.81,722000,"[23,28,35,44,100,44,23,35,35,23,15,23]",2026-03-04,"Local pack, Sitelinks, People also ask, Related searches",commercial,People also ask
low cost moving boxes,27,27,320,39,0.93,https://www.firstratemovers.com/moving-boxes-and-supplies/,0,0,0.00,1,117000000,"[35,81,44,28,35,81,66,81,81,35,44,18]",2026-01-27,"Sitelinks, Video, Image, Ads bottom, People also ask, Popular products, Related searches, Discussions and forums, AI overview",commercial,Organic
low cost moving boxes,30,30,320,39,0.93,https://www.firstratemovers.com/moving-boxes-and-supplies/,0,0,0.00,1,117000000,"[35,81,44,28,35,81,66,81,81,35,44,18]",2026-01-27,"Sitelinks, Video, Image, Ads bottom, People also ask, Popular products, Related searches, Discussions and forums, AI overview",commercial,Organic
inexpensive moving companies,19,19,140,38,4.58,https://www.firstratemovers.com/,0,0,0.00,0.93,81700000,"[100,66,66,100,66,52,52,42,42,42,66,52]",2026-02-06,"Local pack, Sitelinks, Video, People also ask, Related searches, AI overview",informational,Organic
pod storage ottawa,87,87,110,29,4.27,https://www.firstratemovers.com/free-storage-ottawa/,0,0,0.00,0.88,250000,"[8,15,23,35,15,18,6,23,18,15,15,15]",2026-02-11,"Local pack, Sitelinks, Video, Ads bottom, People also ask, Related searches",commercial,Organic
find moving boxes,42,42,320,27,1.74,https://www.firstratemovers.com/moving-boxes-and-supplies/,0,0,0.00,1,202000000,"[5,24,20,24,24,24,20,24,24,30,24,16]",2026-02-13,"Local pack, Sitelinks, Video, Image, Ads bottom, Video Carousel, People also ask, Popular products, Related searches",commercial,Organic
find moving boxes,57,57,320,27,1.74,https://www.firstratemovers.com/moving-boxes-and-supplies/,0,0,0.00,1,202000000,"[5,24,20,24,24,24,20,24,24,30,24,16]",2026-02-13,"Local pack, Sitelinks, Video, Image, Ads bottom, Video Carousel, People also ask, Popular products, Related searches",commercial,Organic
moving to ottawa from toronto,1,1,70,5,8.14,https://www.firstratemovers.com/moving-to-ottawa-from-toronto/,0,0,0.00,0.44,115000000,"[23,23,11,41,29,17,11,64,82,52,52,64]",2026-01-19,"Sitelinks, Video, Video Carousel, People also ask, Related searches, AI overview",informational,AI overview
moving to ottawa from toronto,9,9,70,5,8.14,https://www.firstratemovers.com/moving-from-ottawa-to-toronto/,0,0,0.00,0.44,115000000,"[23,23,11,41,29,17,11,64,82,52,52,64]",2026-01-19,"Sitelinks, Video, Video Carousel, People also ask, Related searches, AI overview",informational,Organic
moving to ottawa from toronto,10,10,70,5,8.14,https://www.firstratemovers.com/moving-to-ottawa-from-toronto/,0,0,0.00,0.44,115000000,"[23,23,11,41,29,17,11,64,82,52,52,64]",2026-01-19,"Sitelinks, Video, Video Carousel, People also ask, Related searches, AI overview",informational,Organic
moving to ottawa from toronto,18,18,70,5,8.14,https://www.firstratemovers.com/moving-from-ottawa-to-toronto/,0,0,0.00,0.44,115000000,"[23,23,11,41,29,17,11,64,82,52,52,64]",2026-01-19,"Sitelinks, Video, Video Carousel, People also ask, Related searches, AI overview",informational,Organic
moving to ottawa from toronto,22,22,70,5,8.14,https://www.firstratemovers.com/moving-to-ottawa-from-toronto/,0,0,0.00,0.44,115000000,"[23,23,11,41,29,17,11,64,82,52,52,64]",2026-01-19,"Sitelinks, Video, Video Carousel, People also ask, Related searches, AI overview",informational,Organic
where to dispose of furniture,71,71,90,22,1.55,https://www.firstratemovers.com/furniture-donation-disposal/,0,0,0.00,0.79,324000000,"[34,34,26,34,42,26,34,26,34,42,26,34]",2026-02-11,"Local pack, Video, Ads bottom, People also ask, Related searches, AI overview",commercial,Organic
local moving services,79,79,140,34,5.68,https://www.firstratemovers.com/,0,0,0.00,0.32,1090000000,"[5,5,5,28,28,28,100,43,53,43,53,53]",2026-02-09,"Knowledge panel, Video, Ads bottom, People also ask, Related searches, AI overview",commercial,Organic
affordable long distance moving companies,95,95,170,19,4.65,https://www.firstratemovers.com/long-distance-moving/,0,0,0.00,0.14,70600000,"[28,53,43,66,35,43,35,53,53,100,35,17]",2026-03-03,"Sitelinks, People also ask, Related searches, Discussions and forums, AI overview",commercial,Organic
movers timmins,1,1,90,11,1.94,https://www.firstratemovers.com/local-ottawa-moving-rates/,0,0,0.00,0.33,57400,"[4,33,100,9,52,14,42,42,42,52,66,42]",2026-02-17,"Local pack, Sitelinks, Video, Image, People also ask, Related searches",commercial,People also ask
move in storage,18,18,260,27,7.04,https://www.firstratemovers.com/free-storage-ottawa/,0,0,0.00,0.31,1050000000,"[35,43,43,81,66,100,81,54,54,54,29,29]",2026-02-02,"Local pack, Video, Related searches, Discussions and forums",commercial,Organic
movers in ottawa,58,58,880,44,6.95,https://www.firstratemovers.com/local-ottawa-moving-rates/,0,0,0.00,0.86,2550000,"[16,41,20,54,100,54,16,30,30,41,24,20]",2026-01-21,"Local pack, Sitelinks, Image, People also ask, Related searches",commercial,Organic
couch movers,14,14,110,10,3.02,https://www.firstratemovers.com/professional-hoisting/,0,0,0.00,0.91,13400000,"[64,64,52,52,64,64,52,52,64,100,64,52]",2026-02-24,"Sitelinks, Video, Ads bottom, People also ask, Popular products, Related searches",commercial,Organic
couch movers,52,52,110,10,3.02,https://www.firstratemovers.com/,0,0,0.00,0.91,13400000,"[64,64,52,52,64,64,52,52,64,100,64,52]",2026-02-24,"Sitelinks, Video, Ads bottom, People also ask, Popular products, Related searches",commercial,Organic
quote moving service,63,63,110,23,9.28,https://www.firstratemovers.com/moving-quotes/,0,0,0.00,0.42,155000000,"[67,67,0,0,0,0,0,4,1,1,1,1]",2026-02-10,"Local pack, Image pack, Ads bottom, People also ask, Related searches, AI overview",informational,Organic
how much will it cost to relocate,34,34,480,,2.19,https://www.firstratemovers.com/typical-move-costs-for-2024/,0,0,0.00,0.76,3040000000,"[66,81,81,81,81,81,100,81,81,81,66,66]",2026-01-17,"Sitelinks, Video, Ads bottom, People also ask, Related searches, Discussions and forums, AI overview",informational,Organic
moving help ottawa,42,42,590,16,3.07,https://www.firstratemovers.com/local-ottawa-moving-rates/,0,0,0.00,0.37,115000000,"[24,20,10,13,20,36,55,55,55,45,45,36]",2026-01-13,"Local pack, Sitelinks, People also ask, Related searches",commercial,Organic
moving help ottawa,77,77,590,16,3.07,https://www.firstratemovers.com/local-moving-in-ottawa/,0,0,0.00,0.37,115000000,"[24,20,10,13,20,36,55,55,55,45,45,36]",2026-01-13,"Local pack, Sitelinks, People also ask, Related searches",commercial,Organic
packing service,40,40,70,23,3.25,https://www.firstratemovers.com/ottawa-packing-services/,0,0,0.00,0.16,2810000000,"[0,0,1,0,16,3,6,6,6,3,3,6]",2026-01-18,"Local pack, Video, Image, People also ask, Related searches, AI overview",commercial,Organic
how much does it cost to move home,35,35,170,18,1.37,https://www.firstratemovers.com/typical-move-costs-for-2024/,0,0,0.00,0.38,2170000000,"[34,53,53,65,80,65,65,53,65,65,65,53]",2026-02-11,"Sitelinks, Video, Ads bottom, People also ask, Related searches, Discussions and forums, AI overview",informational,Organic
long distance moving companies ontario,20,20,390,27,9.52,https://www.firstratemovers.com/long-distance-moving/,0,0,0.00,0.74,4140000,"[54,54,54,66,54,54,66,81,81,100,100,100]",2026-03-04,"Local pack, People also ask, Related searches",commercial,Organic
long distance moving companies ontario,21,21,390,27,9.52,https://www.firstratemovers.com/long-distance-moving/,0,0,0.00,0.74,4140000,"[54,54,54,66,54,54,66,81,81,100,100,100]",2026-03-04,"Local pack, People also ask, Related searches",commercial,Organic
medium moving box,46,46,50,22,0.58,https://www.firstratemovers.com/moving-boxes-and-supplies/,0,0,0.00,0.87,209000000,"[0,7,0,0,65,42,100,7,11,7,7,7]",2026-02-27,"Sitelinks, Video, Image, Popular products, Related searches",commercial,Organic
piano movers in toronto,92,92,110,,5.45,https://www.firstratemovers.com/ottawa-piano-movers/,0,0,0.00,0.34,236000,"[0,0,4,4,6,2,2,35,35,100,35,66]",2026-02-22,"Local pack, Image, People also ask, Related searches",commercial,Organic
marketplace ottawa buy and sell,6,6,170,47,1.00,https://www.firstratemovers.com/where-can-i-sell-donate-or-dispose-of-my-belongings-in-ottawa/,0,0,0.00,0.04,6850000,"[35,28,18,23,23,23,35,66,35,15,18,28]",2026-03-01,"People also ask, Related searches","navigational, transactional",People also ask
best moving company for long distance,57,57,110,,9.18,https://www.firstratemovers.com/long-distance-moving/,0,0,0.00,0.04,373000000,"[33,52,66,66,52,42,66,52,42,100,52,52]",2026-01-14,"Sitelinks, Video, People also ask, Related searches, Discussions and forums, AI overview",commercial,Organic
moving a truck,78,78,390,50,3.03,https://www.firstratemovers.com/help-loading-or-unloading-truck-or-container/,0,0,0.00,0.63,293000000,"[0,0,81,100,100,81,100,54,81,81,28,54]",2026-02-17,"Local pack, Video, Video Carousel, Related searches, AI overview",commercial,Organic
best movers,47,47,390,46,5.79,https://www.firstratemovers.com/,0,0,0.00,0.57,205000000,"[8,30,13,20,36,16,36,36,36,16,20,16]",2026-02-10,"Local pack, Sitelinks, Video, People also ask, Related searches, Discussions and forums, AI overview",commercial,Organic
let's get moving ottawa,32,32,170,21,1.90,https://www.firstratemovers.com/,0,0,0.00,0.14,10200000,"[65,100,80,80,80,100,100,80,53,3,42,53]",2026-03-03,"Knowledge panel, Sitelinks, Video, People also ask, Related searches","informational, transactional",Organic
ottawa senior movers,57,57,170,20,2.90,https://www.firstratemovers.com/,0,0,0.00,0.32,198000,"[42,26,80,80,100,100,80,100,34,26,65,65]",2026-02-17,"Knowledge panel, Sitelinks, Video, Image, Related searches",informational,Organic
storage first month free,22,22,50,23,8.55,https://www.firstratemovers.com/free-storage-ottawa/,0,0,0.00,0.94,535000000,"[27,45,18,36,27,63,81,63,27,36,18,63]",2026-02-27,"Sitelinks, Video, Related searches, AI overview",commercial,Organic
two men and truck movers,75,75,70,32,2.42,https://www.firstratemovers.com/,0,0,0.00,0.36,15100000,"[0,0,9,28,12,100,12,21,21,12,12,15]",2026-02-20,"Knowledge panel, Local pack, Sitelinks, Video, Image, People also ask, Related searches",navigational,Organic
marketplaceottawa,5,5,50,37,1.38,https://www.firstratemovers.com/where-can-i-sell-donate-or-dispose-of-my-belongings-in-ottawa/,0,0,0.00,0.02,35200000,"[15,21,21,12,21,15,28,15,15,12,9,12]",2026-01-19,"Local pack, Sitelinks, Video, People also ask, Related searches",navigational,People also ask
moving cartons,33,33,70,36,1.25,https://www.firstratemovers.com/moving-boxes-and-supplies/,0,0,0.00,1,30700000,"[17,10,17,23,17,17,28,23,23,35,17,12]",2026-02-27,"Local pack, Sitelinks, Video, Image, Video Carousel, People also ask, Popular products, Related searches",commercial,Organic
cheap long distance moving companies,24,24,170,24,4.65,https://www.firstratemovers.com/long-distance-moving/,0,0,0.00,0.14,160000000,"[23,43,12,23,53,66,28,43,53,100,35,53]",2026-03-03,"Local pack, Sitelinks, Video, Related searches, Discussions and forums",commercial,Organic
cheap long distance moving companies,35,35,170,24,4.65,https://www.firstratemovers.com/long-distance-moving/,0,0,0.00,0.14,160000000,"[23,43,12,23,53,66,28,43,53,100,35,53]",2026-03-03,"Local pack, Sitelinks, Video, Related searches, Discussions and forums",commercial,Organic
local mover,15,15,70,39,5.77,https://www.firstratemovers.com/,0,0,0.00,0.4,0,"[1,3,4,1,4,5,8,6,4,4,6,5]",2026-03-08,"Local pack, Video, Image, Related searches",commercial,Organic
local mover,39,39,70,39,5.77,https://www.firstratemovers.com/,0,0,0.00,0.4,0,"[1,3,4,1,4,5,8,6,4,4,6,5]",2026-03-08,"Local pack, Video, Image, Related searches",commercial,Organic
nepean movers,96,96,90,9,0.00,https://www.firstratemovers.com/,0,0,0.00,0.59,115000,"[14,14,35,28,14,78,28,100,100,100,100,100]",2026-01-18,"Local pack, Image, People also ask, Related searches",commercial,Organic
appliances moving,44,44,50,11,2.39,https://www.firstratemovers.com/preparing-appliances/,0,0,0.00,0.98,146000000,"[14,19,14,19,23,33,80,23,19,9,14,14]",2026-02-27,"Local pack, Sitelinks, Video, People also ask, Popular products, Related searches",commercial,Organic
moving company ottawa,52,52,1000,52,6.95,https://www.firstratemovers.com/ottawa-packing-services/,0,0,0.00,0.86,79000000,"[13,16,24,30,24,30,30,54,79,100,41,54]",2026-01-21,"Local pack, Sitelinks, Image, People also ask, Related searches",commercial,Organic
moving company ottawa,88,88,1000,52,6.95,https://www.firstratemovers.com/local-ottawa-moving-rates/,0,0,0.00,0.86,79000000,"[13,16,24,30,24,30,30,54,79,100,41,54]",2026-01-21,"Local pack, Sitelinks, Image, People also ask, Related searches",commercial,Organic
mover in ottawa,44,44,70,44,6.95,https://www.firstratemovers.com/local-ottawa-moving-rates/,0,0,0.00,0.86,40100000,"[0,0,7,0,0,100,2,17,23,23,7,5]",2026-01-25,"Local pack, Sitelinks, Image, People also ask, Related searches",commercial,Organic
moving company vaughan,2,2,390,16,11.12,https://www.firstratemovers.com/local-ottawa-moving-rates/,0,0,0.00,0.67,15100000,"[44,29,44,36,36,23,15,54,81,81,100,66]",2026-02-13,"Local pack, Sitelinks, Image, People also ask, Related searches",commercial,People also ask
jiajia moving,7,7,260,25,2.21,https://www.firstratemovers.com/how-to-choose-a-good-moving-company/,0,0,0.00,0.15,98,"[35,43,35,66,100,66,82,66,100,53,66,35]",2026-03-05,"Knowledge panel, Sitelinks, Video, People also ask, Related searches",navigational,People also ask
jiajia moving,7,7,260,25,2.21,https://www.firstratemovers.com/,0,0,0.00,0.15,98,"[35,43,35,66,100,66,82,66,100,53,66,35]",2026-03-05,"Knowledge panel, Sitelinks, Video, People also ask, Related searches",navigational,People also ask
jiajia moving,7,7,260,25,2.21,https://www.firstratemovers.com/local-ottawa-moving-rates/,0,0,0.00,0.15,98,"[35,43,35,66,100,66,82,66,100,53,66,35]",2026-03-05,"Knowledge panel, Sitelinks, Video, People also ask, Related searches",navigational,People also ask
move local,15,15,110,22,5.44,https://www.firstratemovers.com/what-is-a-local-move/,0,0,0.00,0.15,2130000000,"[0,0,2,0,100,0,0,0,3,0,0,3]",2026-02-28,"Sitelinks, Video, Related searches",informational,Organic
local moving company,14,14,390,55,5.44,https://www.firstratemovers.com/,0,0,0.00,0.15,844000000,"[2,7,5,8,7,11,13,37,37,31,37,46]",2026-02-27,"Local pack, Image, People also ask, Related searches",commercial,Organic
local moving company,64,64,390,55,5.44,https://www.firstratemovers.com/,0,0,0.00,0.15,844000000,"[2,7,5,8,7,11,13,37,37,31,37,46]",2026-02-27,"Local pack, Image, People also ask, Related searches",commercial,Organic
best movers moving company,73,73,390,21,5.79,https://www.firstratemovers.com/,0,0,0.00,0.57,31000000,"[54,54,44,19,67,54,36,36,54,29,44,19]",2026-02-07,"Local pack, Sitelinks, Video, People also ask, Related searches, Discussions and forums",commercial,Organic
long distance moving company quotes,29,29,110,23,13.69,https://www.firstratemovers.com/long-distance-moving/,0,0,0.00,0.41,24800000,"[11,64,82,100,82,64,64,64,41,100,29,52]",2026-03-01,"Sitelinks, Video, People also ask, Related searches, Discussions and forums, AI overview",commercial,Organic
long distance moving company quotes,32,32,110,23,13.69,https://www.firstratemovers.com/long-distance-moving/,0,0,0.00,0.41,24800000,"[11,64,82,100,82,64,64,64,41,100,29,52]",2026-03-01,"Sitelinks, Video, People also ask, Related searches, Discussions and forums, AI overview",commercial,Organic
ottawa pod storage,84,84,70,35,4.27,https://www.firstratemovers.com/our-storage/,0,0,0.00,0.88,352000,"[5,10,0,0,10,12,1,10,12,10,10,7]",2026-03-03,"Local pack, Sitelinks, Video, People also ask, Related searches",commercial,Organic
pro moving company,6,6,140,22,6.11,https://www.firstratemovers.com/,0,0,0.00,0.23,669000000,"[82,82,64,82,64,82,64,64,82,64,64,100]",2026-03-05,"Local pack, Video, Image, People also ask, Related searches, See results about",commercial,People also ask
pro moving company,58,58,140,22,6.11,https://www.firstratemovers.com/how-to-choose-a-good-moving-company/,0,0,0.00,0.23,669000000,"[82,82,64,82,64,82,64,64,82,64,64,100]",2026-03-05,"Local pack, Video, Image, People also ask, Related searches, See results about",commercial,Organic
adams moving,45,45,90,22,2.13,https://www.firstratemovers.com/,0,0,0.00,0.22,183000000,"[14,18,14,29,18,22,22,22,22,18,18,14]",2026-01-27,"Local pack, Sitelinks, Video, People also ask, Related searches",navigational,Organic
frank's worldwide moving,8,8,50,15,0.00,https://www.firstratemovers.com/how-to-choose-a-good-moving-company/,0,0,0.00,0,61500000,"[28,28,28,50,50,50,50,50,14,7,100,7]",2026-03-04,"Knowledge panel, Image pack, Video, Image, People also ask, Related searches",informational,People also ask
frank's worldwide moving,8,8,50,15,0.00,https://www.firstratemovers.com/,0,0,0.00,0,61500000,"[28,28,28,50,50,50,50,50,14,7,100,7]",2026-03-04,"Knowledge panel, Image pack, Video, Image, People also ask, Related searches",informational,People also ask
ottawa moving services,66,66,260,43,6.95,https://www.firstratemovers.com/local-moving-in-ottawa/,0,0,0.00,0.86,124,"[24,13,4,4,5,7,7,13,16,10,13,13]",2026-03-05,"Local pack, Video, Image, People also ask, Related searches",commercial,Organic
welland movers,3,3,50,11,4.80,https://www.firstratemovers.com/local-ottawa-moving-rates/,0,0,0.00,0.57,161000,"[27,36,27,36,0,18,36,100,81,63,63,45]",2026-02-16,"Local pack, Sitelinks, Image, People also ask, Related searches",commercial,People also ask
how much will it cost to move,33,33,140,21,2.19,https://www.firstratemovers.com/typical-move-costs-for-2024/,0,0,0.00,0.76,2260000000,"[21,21,21,28,21,28,34,100,100,100,28,43]",2026-01-25,"Sitelinks, Video, People also ask, Related searches, Discussions and forums, AI overview",informational,Organic
movers ottawa,80,80,1600,46,6.95,https://www.firstratemovers.com/ottawa-packing-services/,0,0,0.00,0.86,2180000,"[44,30,65,44,44,55,44,65,55,55,55,55]",2026-01-26,"Local pack, Sitelinks, Image, People also ask, Related searches",commercial,Organic
how much will a moving company cost,16,16,140,11,2.53,https://www.firstratemovers.com/local-ottawa-moving-rates/,0,0,0.00,0.83,887000000,"[0,6,0,0,0,0,0,44,66,66,44,36]",2026-01-12,"Sitelinks, Video, People also ask, Related searches, AI overview",informational,Organic
how much will a moving company cost,98,98,140,11,2.53,https://www.firstratemovers.com/typical-move-costs-for-2024/,0,0,0.00,0.83,887000000,"[0,6,0,0,0,0,0,44,66,66,44,36]",2026-01-12,"Sitelinks, Video, People also ask, Related searches, AI overview",informational,Organic
cost to move 1 bedroom apartment cross country,52,52,320,16,2.24,https://www.firstratemovers.com/typical-move-costs-for-2024/,0,0,0.00,0.39,16800000,"[8,66,54,66,66,66,66,66,66,100,81,66]",2026-01-19,"Sitelinks, Video, Ads bottom, People also ask, Related searches, Ads middle, AI overview",commercial,Organic
better business bureau movers,9,9,50,32,3.82,https://www.firstratemovers.com/how-to-choose-a-good-moving-company/,0,0,0.00,0.69,125,"[35,35,35,50,64,50,14,14,14,78,14,14]",2026-03-05,"People also ask, Related searches, AI overview",navigational,People also ask
better business bureau movers,9,9,50,32,3.82,https://www.firstratemovers.com/,0,0,0.00,0.69,125,"[35,35,35,50,64,50,14,14,14,78,14,14]",2026-03-05,"People also ask, Related searches, AI overview",navigational,People also ask
movers ottawa ontario,54,54,390,43,6.95,https://www.firstratemovers.com/local-ottawa-moving-rates/,0,0,0.00,0.86,585000,"[3,21,32,11,32,26,26,72,48,59,100,48]",2026-01-27,"Local pack, Image, People also ask, Related searches",commercial,Organic
where to throw away furniture,51,51,170,21,1.40,https://www.firstratemovers.com/furniture-donation-disposal/,0,0,0.00,0.78,147000000,"[42,53,53,53,65,80,65,53,100,53,53,65]",2026-02-10,"Local pack, Sitelinks, Video, Image, People also ask, Related searches, AI overview",informational,Organic
where do you get moving boxes,37,37,320,37,0.89,https://www.firstratemovers.com/moving-boxes-and-supplies/,0,0,0.00,1,346000000,"[0,1,13,30,20,10,10,100,76,16,6,6]",2026-02-24,"Local pack, Sitelinks, Video, Image, Ads bottom, People also ask, Popular products, Related searches, Discussions and forums",transactional,Organic
cheapest movers near me,9,9,70,50,3.75,https://www.firstratemovers.com/local-ottawa-moving-rates/,0,0,0.00,1,44400000,"[29,29,29,29,29,29,29,52,64,52,41,41]",2026-01-19,"Local pack, Sitelinks, Video, People also ask, Related searches",transactional,Organic
cheapest movers near me,10,10,70,50,3.75,https://www.firstratemovers.com/local-ottawa-moving-rates/,0,0,0.00,1,44400000,"[29,29,29,29,29,29,29,52,64,52,41,41]",2026-01-19,"Local pack, Sitelinks, Video, People also ask, Related searches",transactional,Organic
move and storage companies,45,45,320,61,6.36,https://www.firstratemovers.com/,0,0,0.00,0.56,400000000,"[66,66,54,66,66,66,66,66,66,81,66,66]",2026-01-27,"Local pack, People also ask, Related searches",commercial,Organic
low cost long distance movers,35,35,90,21,4.65,https://www.firstratemovers.com/long-distance-moving/,0,0,0.00,0.14,22100000,"[9,28,15,81,0,34,6,28,28,100,15,12]",2026-02-20,"Sitelinks, Video, People also ask, Related searches, AI overview",commercial,Organic
movers moving company,27,27,260,50,6.74,https://www.firstratemovers.com/,0,0,0.00,0.33,72600000,"[1,1,9,12,100,100,9,44,66,15,54,29]",2026-01-22,"Local pack, Sitelinks, Video, Image, People also ask, Related searches",commercial,Organic
best local movers,14,14,50,16,0.00,https://www.firstratemovers.com/,0,0,0.00,0.43,55000000,"[7,7,42,42,42,7,7,11,11,42,7,15]",2026-01-28,"Local pack, Sitelinks, Video, People also ask, Related searches, Discussions and forums",commercial,Organic
local moving companies,37,37,1300,40,5.44,https://www.firstratemovers.com/local-moving-in-ottawa/,0,0,0.00,0.15,620000000,"[68,84,84,52,68,46,68,52,31,68,84,100]",2026-01-11,"Local pack, Sitelinks, People also ask, Related searches",commercial,Organic
where to buy boxes cheap,48,48,260,44,2.30,https://www.firstratemovers.com/moving-boxes-and-supplies/,0,0,0.00,0.78,375000000,"[43,66,54,66,66,35,35,66,66,81,29,29]",2026-01-16,"Local pack, Sitelinks, Video, Image, Ads bottom, People also ask, Popular products, Related searches, Discussions and forums, AI overview",transactional,Organic
where to buy boxes cheap,49,49,260,44,2.30,https://www.firstratemovers.com/moving-boxes-and-supplies/,0,0,0.00,0.78,375000000,"[43,66,54,66,66,35,35,66,66,81,29,29]",2026-01-16,"Local pack, Sitelinks, Video, Image, Ads bottom, People also ask, Popular products, Related searches, Discussions and forums, AI overview",transactional,Organic
affordable long distance movers,96,96,260,23,4.65,https://www.firstratemovers.com/long-distance-moving/,0,0,0.00,0.14,5440000,"[23,43,53,82,53,66,35,66,66,100,43,100]",2026-03-03,"Sitelinks, People also ask, Related searches, Discussions and forums, AI overview","commercial, informational",Organic
moving and storage units,18,18,50,64,5.79,https://www.firstratemovers.com/free-storage-ottawa/,0,0,0.00,0.61,224000000,"[18,18,100,100,100,100,18,18,18,18,18,18]",2026-01-19,"Local pack, Sitelinks, Image, Ads bottom, People also ask, Related searches, Discussions and forums",commercial,Organic
lets get moving,7,7,2400,42,4.47,https://www.firstratemovers.com/how-to-choose-a-good-moving-company/,0,0,0.00,0.39,457000000,"[8,29,100,24,44,35,24,53,44,35,29,66]",2026-03-04,"Local pack, Sitelinks, Video, People also ask, Related searches",transactional,People also ask
lets get moving,7,7,2400,42,4.47,https://www.firstratemovers.com/,0,0,0.00,0.39,457000000,"[8,29,100,24,44,35,24,53,44,35,29,66]",2026-03-04,"Local pack, Sitelinks, Video, People also ask, Related searches",transactional,People also ask
movign company,19,19,90,65,6.74,https://www.firstratemovers.com/,0,0,0.00,0.33,1130000000,"[0,0,0,54,100,0,0,0,0,0,0,0]",2026-03-05,"Local pack, Video, Image, People also ask, Related searches",commercial,Organic
movers company,13,13,210,51,10.44,https://www.firstratemovers.com/,0,0,0.00,0.19,0,"[1,44,5,5,5,3,28,66,100,81,66,44]",2026-03-08,"Local pack, Video, Image, Related searches",commercial,Organic
ottawa fast movers,39,39,50,22,1.83,https://www.firstratemovers.com/local-ottawa-moving-rates/,0,0,0.00,0.19,694000,"[19,19,15,15,42,26,7,19,19,11,7,7]",2026-02-25,"Knowledge panel, Sitelinks, Video, Related searches",informational,Organic
ottawa fast movers,41,41,50,22,1.83,https://www.firstratemovers.com/local-ottawa-moving-rates/,0,0,0.00,0.19,694000,"[19,19,15,15,42,26,7,19,19,11,7,7]",2026-02-25,"Knowledge panel, Sitelinks, Video, Related searches",informational,Organic
ottawa fast movers,59,59,50,22,1.83,https://www.firstratemovers.com/local-moving-in-ottawa/,0,0,0.00,0.19,694000,"[19,19,15,15,42,26,7,19,19,11,7,7]",2026-02-25,"Knowledge panel, Sitelinks, Video, Related searches",informational,Organic
ottawa fast movers,69,69,50,22,1.83,https://www.firstratemovers.com/local-moving-in-ottawa/,0,0,0.00,0.19,694000,"[19,19,15,15,42,26,7,19,19,11,7,7]",2026-02-25,"Knowledge panel, Sitelinks, Video, Related searches",informational,Organic
ottawa fast movers,74,74,50,22,1.83,https://www.firstratemovers.com/local-moving-in-ottawa/,0,0,0.00,0.19,694000,"[19,19,15,15,42,26,7,19,19,11,7,7]",2026-02-25,"Knowledge panel, Sitelinks, Video, Related searches",informational,Organic
finished moving,36,36,70,28,0.00,https://www.firstratemovers.com/moving-checklist/,0,0,0.00,0,820000000,"[7,42,7,7,42,100,7,19,15,15,15,11]",2026-01-25,"Sitelinks, Video, Video Carousel, People also ask, Related searches, AI overview",informational,Organic
finished moving,40,40,70,28,0.00,https://www.firstratemovers.com/moving-checklist/,0,0,0.00,0,820000000,"[7,42,7,7,42,100,7,19,15,15,15,11]",2026-01-25,"Sitelinks, Video, Video Carousel, People also ask, Related searches, AI overview",informational,Organic
moving supplies packing,94,94,140,30,1.71,https://www.firstratemovers.com/moving-boxes-and-supplies/,0,0,0.00,1,25800000,"[52,52,82,82,100,100,100,100,100,100,52,64]",2026-02-10,"Local pack, Sitelinks, Image, Popular products, Related searches",commercial,Organic
movers toronto to ottawa,26,26,110,5,8.14,https://www.firstratemovers.com/moving-from-ottawa-to-toronto/,0,0,0.00,0.44,1520000,"[64,64,64,100,100,52,52,64,64,64,100,64]",2026-01-24,"Sitelinks, Video, Ads bottom, Related searches",commercial,Organic
movers toronto to ottawa,51,51,110,5,8.14,https://www.firstratemovers.com/long-distance-moving/,0,0,0.00,0.44,1520000,"[64,64,64,100,100,52,52,64,64,64,100,64]",2026-01-24,"Sitelinks, Video, Ads bottom, Related searches",commercial,Organic
movers toronto to ottawa,87,87,110,5,8.14,https://www.firstratemovers.com/local-ottawa-moving-rates/,0,0,0.00,0.44,1520000,"[64,64,64,100,100,52,52,64,64,64,100,64]",2026-01-24,"Sitelinks, Video, Ads bottom, Related searches",commercial,Organic
top rated moving,86,86,110,16,7.44,https://www.firstratemovers.com/,0,0,0.00,0.74,395000000,"[78,78,78,78,78,100,78,100,50,64,64,50]",2026-02-21,"Sitelinks, Video, People also ask, Popular products, Related searches, Discussions and forums, AI overview",commercial,Organic
fridge movers toronto,57,57,90,6,3.34,https://www.firstratemovers.com/preparing-appliances/,0,0,0.00,0.77,215000,"[2,2,2,2,2,5,5,5,5,2,5,7]",2026-03-06,"Local pack, Sitelinks, People also ask, Popular products, Related searches",commercial,Organic
fridge movers toronto,80,80,90,6,3.34,https://www.firstratemovers.com/preparing-appliances/,0,0,0.00,0.77,215000,"[2,2,2,2,2,5,5,5,5,2,5,7]",2026-03-06,"Local pack, Sitelinks, People also ask, Popular products, Related searches",commercial,Organic
francis movers toronto,35,35,140,26,2.71,https://www.firstratemovers.com/best-price-guarantee/,0,0,0.00,0.46,200000,"[52,80,66,80,100,80,66,66,66,52,52,66]",2026-01-17,"Knowledge panel, Sitelinks, Video, People also ask, Related searches",navigational,Organic
francis movers toronto,78,78,140,26,2.71,https://www.firstratemovers.com/moving-to-ottawa-from-toronto/,0,0,0.00,0.46,200000,"[52,80,66,80,100,80,66,66,66,52,52,66]",2026-01-17,"Knowledge panel, Sitelinks, Video, People also ask, Related searches",navigational,Organic
best relocation companies,28,28,390,24,0.00,https://www.firstratemovers.com/,0,0,0.00,0,297000000,"[0,0,0,0,0,1,7,27,100,3,3,3]",2026-01-11,"Local pack, Sitelinks, Video, People also ask, Related searches, Discussions and forums",commercial,Organic
local movers calgary alberta,2,2,210,52,6.99,https://www.firstratemovers.com/local-ottawa-moving-rates/,0,0,0.00,0.42,11100000,"[11,28,44,44,66,54,15,15,15,100,35,18]",2026-03-03,"Local pack, People also ask, Related searches",transactional,People also ask
mattress moving service,7,7,110,14,2.55,https://www.firstratemovers.com/mattress-bags/,0,0,0.00,0.91,96300000,"[64,64,64,82,82,82,64,82,100,64,64,64]",2026-02-11,"Local pack, Sitelinks, Video, Ads bottom, Video Carousel, People also ask, Related searches, AI overview",informational,Organic
mattress moving service,11,11,110,14,2.55,https://www.firstratemovers.com/mattress-bags/,0,0,0.00,0.91,96300000,"[64,64,64,82,82,82,64,82,100,64,64,64]",2026-02-11,"Local pack, Sitelinks, Video, Ads bottom, Video Carousel, People also ask, Related searches, AI overview",informational,Organic
mattress moving service,37,37,110,14,2.55,https://www.firstratemovers.com/,0,0,0.00,0.91,96300000,"[64,64,64,82,82,82,64,82,100,64,64,64]",2026-02-11,"Local pack, Sitelinks, Video, Ads bottom, Video Carousel, People also ask, Related searches, AI overview",informational,Organic
how much will it cost to move house,13,13,170,8,1.37,https://www.firstratemovers.com/typical-move-costs-for-2024/,0,0,0.00,0.38,1420000000,"[34,53,53,65,80,65,100,53,65,65,65,53]",2026-01-25,"Sitelinks, Video, People also ask, Related searches, Discussions and forums, AI overview",informational,Organic
cheap moving companies in edmonton,2,2,110,46,6.06,https://www.firstratemovers.com/local-ottawa-moving-rates/,0,0,0.00,0.72,10200000,"[28,34,15,6,81,43,3,43,43,100,28,21]",2026-03-03,"Local pack, Sitelinks, Video, People also ask, Related searches, Discussions and forums",commercial,People also ask
where can you buy moving boxes,44,44,70,37,0.62,https://www.firstratemovers.com/moving-boxes-and-supplies/,0,0,0.00,1,213000000,"[43,54,8,4,10,2,2,4,14,22,6,4]",2026-02-12,"Local pack, Sitelinks, Video, Image, People also ask, Popular products, Related searches, Discussions and forums",transactional,Organic
cheap moving services,25,25,170,63,7.21,https://www.firstratemovers.com/,0,0,0.00,0.69,417000000,"[54,54,29,43,54,35,6,35,29,29,29,29]",2026-02-03,"Local pack, Video, People also ask, Related searches, Discussions and forums",commercial,Organic
moving company trucks,15,15,140,,5.16,https://www.firstratemovers.com/moving-trucks/,0,0,0.00,0.57,125000000,"[0,0,43,53,28,43,53,43,53,53,100,34]",2026-02-10,"Local pack, Video, Related searches",commercial,Organic
moving company trucks,24,24,140,,5.16,https://www.firstratemovers.com/moving-trucks/,0,0,0.00,0.57,125000000,"[0,0,43,53,28,43,53,43,53,53,100,34]",2026-02-10,"Local pack, Video, Related searches",commercial,Organic
2nd move,46,46,110,58,0.00,https://www.firstratemovers.com/,0,0,0.00,0,1340000000,"[2,5,9,19,100,12,2,6,6,12,9,6]",2026-02-26,"Sitelinks, Video, Related searches",navigational,Organic
moving bixes,64,64,50,28,0.84,https://www.firstratemovers.com/moving-boxes-and-supplies/,0,0,0.00,1,395000000,"[27,45,45,45,63,100,63,36,36,45,27,63]",2026-02-10,"Sitelinks, Video, Image, Ads bottom, People also ask, Popular products, Related searches",commercial,Organic
purchase moving boxes,36,36,320,34,1.07,https://www.firstratemovers.com/moving-boxes-and-supplies/,0,0,0.00,1,123000000,"[54,44,54,81,100,44,66,35,44,35,23,35]",2026-02-01,"Local pack, Video, Image, Ads bottom, People also ask, Popular products, Related searches",transactional,Organic
mover services,13,13,480,65,6.50,https://www.firstratemovers.com/,0,0,0.00,0.1,119000000,"[0,0,1,1,20,1,2,100,8,16,13,16]",2026-01-25,"Local pack, Video, People also ask, Related searches",commercial,Organic
piano moving service toronto,42,42,170,14,5.78,https://www.firstratemovers.com/ottawa-piano-movers/,0,0,0.00,0.67,4760000,"[34,43,65,81,100,81,65,21,21,100,21,15]",2026-01-13,"Local pack, Image, People also ask, Related searches",commercial,Organic
where can you sell,16,16,140,58,6.77,https://www.firstratemovers.com/where-can-i-sell-donate-or-dispose-of-my-belongings-in-ottawa/,0,0,0.00,0.11,2350000000,"[52,66,52,66,52,66,66,66,66,80,52,52]",2026-03-03,"Sitelinks, Video, Video Carousel, People also ask, Related searches, Discussions and forums, AI overview",commercial,Organic
where can you sell,28,28,140,58,6.77,https://www.firstratemovers.com/where-can-i-sell-donate-or-dispose-of-my-belongings-in-ottawa/,0,0,0.00,0.11,2350000000,"[52,66,52,66,52,66,66,66,66,80,52,52]",2026-03-03,"Sitelinks, Video, Video Carousel, People also ask, Related searches, Discussions and forums, AI overview",commercial,Organic
long distance moves,39,39,140,30,9.22,https://www.firstratemovers.com/long-distance-moving/,0,0,0.00,0.18,318000000,"[7,23,5,4,5,5,15,23,23,23,12,19]",2026-02-20,"Sitelinks, Video, People also ask, Related searches, Discussions and forums, Ads middle, AI overview",informational,Organic
long distance moves,43,43,140,30,9.22,https://www.firstratemovers.com/long-distance-moving/,0,0,0.00,0.18,318000000,"[7,23,5,4,5,5,15,23,23,23,12,19]",2026-02-20,"Sitelinks, Video, People also ask, Related searches, Discussions and forums, Ads middle, AI overview",informational,Organic
movers from toronto to ottawa,9,9,70,6,8.14,https://www.firstratemovers.com/moving-from-ottawa-to-toronto/,0,0,0.00,0.44,588000,"[9,4,4,14,23,19,100,33,42,23,42,33]",2026-01-18,"Sitelinks, Video, Ads bottom, People also ask, Related searches, AI overview",informational,People also ask
movers from toronto to ottawa,27,27,70,6,8.14,https://www.firstratemovers.com/,0,0,0.00,0.44,588000,"[9,4,4,14,23,19,100,33,42,23,42,33]",2026-01-18,"Sitelinks, Video, Ads bottom, People also ask, Related searches, AI overview",informational,Organic
appliance moving company,43,43,390,14,2.81,https://www.firstratemovers.com/preparing-appliances/,0,0,0.00,0.86,83800000,"[44,36,29,54,67,54,100,36,54,36,36,29]",2026-01-28,"Local pack, Sitelinks, Video, People also ask, Related searches",commercial,Organic
how much for moving company,37,37,110,14,2.60,https://www.firstratemovers.com/typical-move-costs-for-2024/,0,0,0.00,0.8,0,"[43,29,35,29,22,35,18,29,22,14,18,22]",2026-03-09,"Sitelinks, Video, Related searches, AI overview",informational,Organic
how much for moving company,88,88,110,14,2.60,https://www.firstratemovers.com/local-moving-in-ottawa/,0,0,0.00,0.8,0,"[43,29,35,29,22,35,18,29,22,14,18,22]",2026-03-09,"Sitelinks, Video, Related searches, AI overview",informational,Organic
movers ontario,23,23,320,32,7.22,https://www.firstratemovers.com/,0,0,0.00,0.66,7770000,"[44,44,81,66,81,54,54,54,44,100,44,28]",2026-01-25,"Local pack, Sitelinks, Video, Image, People also ask, Related searches",commercial,Organic
movers ontario,54,54,320,32,7.22,https://www.firstratemovers.com/long-distance-moving/,0,0,0.00,0.66,7770000,"[44,44,81,66,81,54,54,54,44,100,44,28]",2026-01-25,"Local pack, Sitelinks, Video, Image, People also ask, Related searches",commercial,Organic
jia jia international moving,3,3,260,24,2.21,https://www.firstratemovers.com/how-to-choose-a-good-moving-company/,0,0,0.00,0.15,12200000,"[35,35,35,66,100,100,53,35,66,82,82,66]",2026-03-05,"Knowledge panel, Image pack, Sitelinks, Video, People also ask, Related searches","informational, navigational",People also ask
jia jia international moving,3,3,260,24,2.21,https://www.firstratemovers.com/,0,0,0.00,0.15,12200000,"[35,35,35,66,100,100,53,35,66,82,82,66]",2026-03-05,"Knowledge panel, Image pack, Sitelinks, Video, People also ask, Related searches","informational, navigational",People also ask
moving company quotes,29,29,880,44,10.30,https://www.firstratemovers.com/local-ottawa-moving-rates/,0,0,0.00,0.6,0,"[36,45,100,62,45,81,55,45,62,45,45,45]",2026-03-07,"Local pack, Image pack, Video, Image, Ads bottom, Related searches, AI overview","commercial, informational",Organic
moving company quotes,70,70,880,44,10.30,https://www.firstratemovers.com/moving-quotes/,0,0,0.00,0.6,0,"[36,45,100,62,45,81,55,45,62,45,45,45]",2026-03-07,"Local pack, Image pack, Video, Image, Ads bottom, Related searches, AI overview","commercial, informational",Organic
movers rates,90,90,50,10,3.44,https://www.firstratemovers.com/typical-move-costs-for-2024/,0,0,0.00,0.76,57800000,"[4,17,4,2,3,11,3,7,7,4,5,4]",2026-02-02,"Sitelinks, Video, People also ask, Related searches, AI overview","commercial, informational",Organic
dispose of furniture,67,67,90,14,2.86,https://www.firstratemovers.com/furniture-donation-disposal/,0,0,0.00,0.83,34400000,"[41,23,100,64,41,64,64,52,64,64,29,41]",2026-01-27,"Local pack, Sitelinks, Video, Ads bottom, People also ask, Related searches",commercial,Organic
where to sell furniture,25,25,70,13,3.36,https://www.firstratemovers.com/where-can-i-sell-donate-or-dispose-of-my-belongings-in-ottawa/,0,0,0.00,0.46,653000000,"[63,63,63,81,100,81,63,81,81,63,63,63]",2026-01-13,"Local pack, Sitelinks, Video, Video Carousel, People also ask, Related searches",commercial,Organic
average moving company rates,9,9,140,7,2.10,https://www.firstratemovers.com/local-ottawa-moving-rates/,0,0,0.00,0.71,153000000,"[42,66,66,66,66,80,80,66,66,80,52,66]",2026-03-03,"Sitelinks, Video, People also ask, Related searches, Discussions and forums, AI overview",informational,Organic
average moving company rates,17,17,140,7,2.10,https://www.firstratemovers.com/local-ottawa-moving-rates/,0,0,0.00,0.71,153000000,"[42,66,66,66,66,80,80,66,66,80,52,66]",2026-03-03,"Sitelinks, Video, People also ask, Related searches, Discussions and forums, AI overview",informational,Organic
cranbrook moving companies,2,2,320,14,2.68,https://www.firstratemovers.com/local-ottawa-moving-rates/,0,0,0.00,0.8,769000,"[13,24,20,24,24,24,20,24,24,45,30,30]",2026-02-19,"Local pack, Sitelinks, Image, People also ask, Related searches",commercial,People also ask
how to get rid of old furniture,57,57,70,32,1.72,https://www.firstratemovers.com/furniture-donation-disposal/,0,0,0.00,0.71,302000000,"[14,10,10,14,14,22,35,10,22,4,10,22]",2026-01-14,"Sitelinks, Video, Ads bottom, People also ask, Related searches, Discussions and forums, AI overview",informational,Organic
moving supplies cheap,63,63,320,41,0.88,https://www.firstratemovers.com/moving-boxes-and-supplies/,0,0,0.00,1,103000000,"[43,66,54,66,54,66,54,66,66,81,81,43]",2026-02-13,"Local pack, Sitelinks, Video, Image, Popular products, Related searches, Discussions and forums",commercial,Organic
moving tv,33,33,70,33,2.00,https://www.firstratemovers.com/how-to-safely-move-your-big-screen-tv/,0,0,0.00,0.51,1470000000,"[19,42,23,23,19,23,19,23,33,33,33,100]",2026-02-23,"Knowledge panel, Image pack, Sitelinks, Video, Video Carousel, People also ask, Related searches",informational,Organic
movers in timmins,1,1,90,12,1.94,https://www.firstratemovers.com/local-ottawa-moving-rates/,0,0,0.00,0.33,104,"[29,100,52,52,29,41,82,82,82,41,29,52]",2026-03-04,"Local pack, Sitelinks, Video, People also ask, Related searches",commercial,People also ask
movers in timmins,1,1,90,12,1.94,https://www.firstratemovers.com/local-ottawa-moving-rates/,0,0,0.00,0.33,104,"[29,100,52,52,29,41,82,82,82,41,29,52]",2026-03-04,"Local pack, Sitelinks, Video, People also ask, Related searches",commercial,People also ask
how much movers cost,7,7,170,17,2.53,https://www.firstratemovers.com/local-ottawa-moving-rates/,0,0,0.00,0.83,62300000,"[2,1,2,36,5,2,1,36,36,66,44,36]",2026-03-02,"Sitelinks, Video, People also ask, Related searches, Discussions and forums, AI overview",informational,Organic
moving quotes,3,3,1000,51,9.28,https://www.firstratemovers.com/local-ottawa-moving-rates/,0,0,0.00,0.42,603000000,"[67,45,76,76,100,76,100,76,76,100,76,76]",2026-02-11,"Local pack, Video, People also ask, Related searches, AI overview",commercial,People also ask
truck movers,10,10,50,53,3.77,https://www.firstratemovers.com/help-loading-or-unloading-truck-or-container/,0,0,0.00,0.67,26500000,"[50,50,35,28,50,35,14,50,21,100,50,28]",2026-03-01,"Local pack, Sitelinks, Video, Video Carousel, People also ask, Related searches",commercial,Organic
buy boxes cheap,47,47,320,46,0.00,https://www.firstratemovers.com/moving-boxes-and-supplies/,0,0,0.00,0.91,203000000,"[54,66,54,66,66,66,66,66,66,66,66,66]",2026-02-03,"Local pack, Sitelinks, Video, Image, Ads bottom, People also ask, Popular products, Related searches, Discussions and forums",transactional,Organic
moving and packing services,22,22,70,17,6.28,https://www.firstratemovers.com/ottawa-packing-services/,0,0,0.00,0.95,79500000,"[5,10,5,12,10,12,28,28,23,23,17,17]",2026-02-05,"Local pack, Video, Ads bottom, People also ask, Related searches",commercial,Organic
movers to move a couch,13,13,110,20,3.02,https://www.firstratemovers.com/professional-hoisting/,0,0,0.00,0.91,8780000,"[64,64,52,52,82,64,52,52,64,100,64,52]",2026-03-03,"Local pack, Sitelinks, Video, Ads bottom, People also ask, Related searches, Discussions and forums, AI overview",informational,Organic
movers to move a couch,55,55,110,20,3.02,https://www.firstratemovers.com/,0,0,0.00,0.91,8780000,"[64,64,52,52,82,64,52,52,64,100,64,52]",2026-03-03,"Local pack, Sitelinks, Video, Ads bottom, People also ask, Related searches, Discussions and forums, AI overview",informational,Organic
discard old furniture,67,67,140,22,2.45,https://www.firstratemovers.com/furniture-donation-disposal/,0,0,0.00,0.9,10400000,"[53,53,53,53,53,53,53,53,53,65,53,53]",2026-01-31,"Sitelinks, Video, Featured snippet, Ads bottom, People also ask, Related searches, Discussions and forums","commercial, informational",Organic
best price for moving boxes,33,33,320,,1.42,https://www.firstratemovers.com/moving-boxes-and-supplies/,0,0,0.00,0.94,152000000,"[29,36,36,36,36,36,29,36,36,36,36,36]",2026-02-01,"Sitelinks, Video, Image, People also ask, Popular products, Related searches, Discussions and forums",commercial,Organic
furniture removal near me,32,32,210,40,3.81,https://www.firstratemovers.com/furniture-donation-disposal/,0,0,0.00,0.98,216000000,"[18,18,14,29,66,81,100,43,43,35,35,29]",2026-01-26,"Local pack, People also ask, Related searches","informational, transactional",Organic
where to sell 2nd hand furniture,57,57,110,39,1.05,https://www.firstratemovers.com/where-can-i-sell-donate-or-dispose-of-my-belongings-in-ottawa/,0,0,0.00,0.55,128000000,"[50,78,78,78,78,100,78,50,78,78,64,64]",2026-01-17,"Local pack, Sitelinks, Video, People also ask, Related searches, Discussions and forums",commercial,Organic
storage ottawa,24,24,1300,41,3.65,https://www.firstratemovers.com/free-storage-ottawa/,0,0,0.00,0.71,77600000,"[54,54,54,66,100,54,79,41,36,41,54,41]",2026-01-17,"Local pack, Sitelinks, Image, Ads bottom, People also ask, Related searches",commercial,Organic
move boxes,46,46,110,36,0.84,https://www.firstratemovers.com/moving-boxes-and-supplies/,0,0,0.00,1,581000000,"[8,28,1,1,3,11,35,11,15,15,23,54]",2026-01-23,"Local pack, Sitelinks, Video, Image, Ads bottom, Video Carousel, Popular products, Related searches",commercial,Organic
best newmarket movers,60,60,90,14,3.84,https://www.firstratemovers.com/moving-from-ottawa-to-toronto/,0,0,0.00,0.12,280000,"[80,100,66,33,42,52,14,33,23,14,19,23]",2026-01-11,"Local pack, People also ask, Related searches, Discussions and forums",commercial,Organic
minute man moving,1,1,50,11,2.57,https://www.firstratemovers.com/local-ottawa-moving-rates/,0,0,0.00,0.58,1070000000,"[18,18,63,45,63,63,18,100,100,18,18,18]",2026-02-15,"Sitelinks, Video, Image, People also ask, Related searches",navigational,People also ask
storage facilities kanata,52,52,110,28,3.97,https://www.firstratemovers.com/our-storage/,0,0,0.00,0.91,218000,"[52,64,64,64,82,82,82,82,82,64,64,64]",2026-03-03,"Local pack, Video, Image, Ads bottom, Related searches",commercial,Organic
storage facilities kanata,69,69,110,28,3.97,https://www.firstratemovers.com/our-storage/,0,0,0.00,0.91,218000,"[52,64,64,64,82,82,82,82,82,64,64,64]",2026-03-03,"Local pack, Video, Image, Ads bottom, Related searches",commercial,Organic
how to choose moving insurance,66,66,140,4,0.00,https://www.firstratemovers.com/moving-company-insurance-coverage/,0,0,0.00,0,257000000,"[9,12,1,0,1,1,5,4,100,23,29]",2026-02-16,"Video, Related searches, Discussions and forums, AI overview",informational,Organic
long distance moving companies ottawa,82,82,210,15,8.43,https://www.firstratemovers.com/,0,0,0.00,0.4,0,"[29,66,54,43,35,29,54,54,43,35,35,35]",2026-03-10,"Local pack, Video, Related searches",commercial,Organic
moving rate calculator,7,7,140,19,2.90,https://www.firstratemovers.com/local-ottawa-moving-rates/,0,0,0.00,0.53,102000000,"[82,100,82,82,82,64,64,41,64,100,64,82]",2026-03-03,"Video, Ads top, People also ask, Related searches, Ads middle",commercial,People also ask
ottawa charity furniture pick up,19,19,50,24,1.44,https://www.firstratemovers.com/furniture-donation-disposal/,0,0,0.00,0.76,4650000,"[18,18,63,18,45,18,81,63,63,100,63,81]",2026-02-23,"Local pack, Sitelinks, Video, Related searches",commercial,Organic
ottawa charity furniture pick up,47,47,50,24,1.44,https://www.firstratemovers.com/where-can-i-sell-donate-or-dispose-of-my-belongings-in-ottawa/,0,0,0.00,0.76,4650000,"[18,18,63,18,45,18,81,63,63,100,63,81]",2026-02-23,"Local pack, Sitelinks, Video, Related searches",commercial,Organic
ferguson moving reviews,5,5,70,,4.46,https://www.firstratemovers.com/how-to-choose-a-good-moving-company/,0,0,0.00,0.18,22000000,"[34,42,34,42,34,26,26,19,15,11,15,15]",2026-03-04,"Video, People also ask, Related searches, Discussions and forums, AI overview",commercial,People also ask
sell stuff,2,2,90,,1.50,https://www.firstratemovers.com/where-can-i-sell-donate-or-dispose-of-my-belongings-in-ottawa/,0,0,0.00,0.21,1440000000,"[81,81,63,63,63,100,63,100,100,81,100,63]",2026-01-13,"Local pack, Sitelinks, Video, Ads bottom, Video Carousel, People also ask, Related searches, See results about",commercial,People also ask
long haul moving companies,32,32,390,36,7.59,https://www.firstratemovers.com/long-distance-moving/,0,0,0.00,0.45,62200000,"[44,54,54,54,54,54,54,100,66,81,81,81]",2026-02-10,"Local pack, Sitelinks, Image, Ads bottom, People also ask, Related searches, AI overview",commercial,Organic
long haul moving companies,52,52,390,36,7.59,https://www.firstratemovers.com/long-distance-moving/,0,0,0.00,0.45,62200000,"[44,54,54,54,54,54,54,100,66,81,81,81]",2026-02-10,"Local pack, Sitelinks, Image, Ads bottom, People also ask, Related searches, AI overview",commercial,Organic
how much for movers,10,10,90,11,2.53,https://www.firstratemovers.com/local-ottawa-moving-rates/,0,0,0.00,0.83,149000000,"[2,2,29,6,100,22,29,10,8,6,4,2]",2026-01-12,"Sitelinks, Video, Ads bottom, People also ask, Related searches, Discussions and forums, AI overview",informational,Organic
how much for movers,73,73,90,11,2.53,https://www.firstratemovers.com/typical-move-costs-for-2024/,0,0,0.00,0.83,149000000,"[2,2,29,6,100,22,29,10,8,6,4,2]",2026-01-12,"Sitelinks, Video, Ads bottom, People also ask, Related searches, Discussions and forums, AI overview",informational,Organic
moving agency,15,15,210,64,0.00,https://www.firstratemovers.com/,0,0,0.00,0.05,688000000,"[13,3,1,2,20,2,2,7,7,3,3,4]",2026-01-18,"Local pack, Video, People also ask, Related searches",commercial,Organic
how much should movers cost,18,18,320,15,2.60,https://www.firstratemovers.com/typical-move-costs-for-2024/,0,0,0.00,0.8,0,"[72,59,39,4,5,5,32,21,32,26,26,26]",2026-03-10,"Sitelinks, Video, Ads bottom, Related searches, Discussions and forums, AI overview",informational,Organic
mayflower moving,2,2,70,40,2.53,https://www.firstratemovers.com/local-ottawa-moving-rates/,0,0,0.00,0.4,3210000,"[33,42,33,33,42,42,42,52,42,33,33,33]",2026-02-09,"Sitelinks, Video, Ads bottom, People also ask, Related searches, See results about",navigational,People also ask
movers markham,2,2,390,23,11.17,https://www.firstratemovers.com/local-ottawa-moving-rates/,0,0,0.00,0.8,994000,"[11,7,14,14,48,14,48,59,72,59,59,48]",2026-02-11,"Local pack, Sitelinks, Image, People also ask, Related searches",commercial,People also ask
cheapest storage ottawa,15,15,50,34,4.21,https://www.firstratemovers.com/free-storage-ottawa/,0,0,0.00,0.91,3200000,"[18,0,45,36,36,45,100,45,63,45,36,27]",2026-02-26,"Local pack, Sitelinks, Ads bottom, People also ask, Related searches, Discussions and forums",commercial,Organic
professional moving company,20,20,140,58,6.11,https://www.firstratemovers.com/,0,0,0.00,0.23,937000000,"[66,52,52,80,42,66,80,80,80,52,33,100]",2026-01-27,"Local pack, Video, People also ask, Related searches",commercial,Organic
toronto office movers,64,64,170,26,13.19,https://www.firstratemovers.com/,0,0,0.00,0.24,0,"[2,4,8,10,18,10,54,54,43,54,100,100]",2026-03-07,"Local pack, Video, Image, Related searches",commercial,Organic
typical moving costs,17,17,110,13,2.10,https://www.firstratemovers.com/typical-move-costs-for-2024/,0,0,0.00,0.71,173000000,"[42,52,66,33,42,80,19,80,66,80,52,52]",2026-03-03,"Sitelinks, Video, People also ask, Related searches, AI overview",informational,Organic
real gta movers,51,51,210,26,2.72,https://www.firstratemovers.com/moving-to-ottawa-from-toronto/,0,0,0.00,0,872000,"[2,2,2,2,2,2,2,2,2,72,72,100]",2026-02-21,"Knowledge panel, Sitelinks, Video, People also ask, Related searches","informational, transactional",Organic
relocation estimate,21,21,90,12,6.11,https://www.firstratemovers.com/detailed-moving-estimates/,0,0,0.00,0.7,134,"[52,41,64,52,82,64,41,41,100,52,41,29]",2026-03-09,"Video, Related searches, AI overview",informational,Organic
relocation estimate,86,86,90,12,6.11,https://www.firstratemovers.com/ottawa-moving-estimates/,0,0,0.00,0.7,134,"[52,41,64,52,82,64,41,41,100,52,41,29]",2026-03-09,"Video, Related searches, AI overview",informational,Organic
moving to storage,27,27,260,19,7.04,https://www.firstratemovers.com/free-storage-ottawa/,0,0,0.00,0.31,613000000,"[18,8,54,81,66,66,100,44,54,54,23,28]",2026-01-30,"Local pack, Sitelinks, Video, Ads bottom, People also ask, Related searches, Discussions and forums, AI overview",commercial,Organic
discount movers,54,54,90,11,1.53,https://www.firstratemovers.com/,0,0,0.00,0.57,0,"[7,7,12,10,10,10,10,10,10,12,10,10]",2026-03-09,"Local pack, Sitelinks, Video, Related searches",commercial,Organic
moving box storage,55,55,320,41,2.49,https://www.firstratemovers.com/moving-boxes-and-supplies/,0,0,0.00,1,177000000,"[54,54,54,54,54,54,54,54,54,66,54,54]",2026-02-14,"Local pack, Sitelinks, Video, Image, Ads bottom, Video Carousel, People also ask, Popular products, Related searches",transactional,Organic
movers fees,1,1,210,15,0.00,https://www.firstratemovers.com/local-ottawa-moving-rates/,0,0,0.00,0,32800000,"[81,100,54,54,66,54,43,0,2,43,29,10]",2026-02-28,"Sitelinks, Video, People also ask, Related searches, AI overview",informational,People also ask
movers fees,37,37,210,15,0.00,https://www.firstratemovers.com/local-ottawa-moving-rates/,0,0,0.00,0,32800000,"[81,100,54,54,66,54,43,0,2,43,29,10]",2026-02-28,"Sitelinks, Video, People also ask, Related searches, AI overview",informational,Organic
movers fees,91,91,210,15,0.00,https://www.firstratemovers.com/consolidated-moving-services/,0,0,0.00,0,32800000,"[81,100,54,54,66,54,43,0,2,43,29,10]",2026-02-28,"Sitelinks, Video, People also ask, Related searches, AI overview",informational,Organic
piano moving near me,17,17,90,32,2.95,https://www.firstratemovers.com/ottawa-piano-movers/,0,0,0.00,0.67,0,"[64,35,35,14,21,50,78,78,64,78,100,100]",2026-03-08,"Local pack, Video, Image, Related searches",transactional,Organic
mattress moving company,11,11,110,9,2.55,https://www.firstratemovers.com/mattress-bags/,0,0,0.00,0.91,28600000,"[78,78,78,100,100,100,64,78,100,64,64,64]",2026-03-03,"Sitelinks, Video, Image, People also ask, Related searches, AI overview",commercial,Organic
mattress moving company,44,44,110,9,2.55,https://www.firstratemovers.com/,0,0,0.00,0.91,28600000,"[78,78,78,100,100,100,64,78,100,64,64,64]",2026-03-03,"Sitelinks, Video, Image, People also ask, Related searches, AI overview",commercial,Organic
mattress moving company,51,51,110,9,2.55,https://www.firstratemovers.com/,0,0,0.00,0.91,28600000,"[78,78,78,100,100,100,64,78,100,64,64,64]",2026-03-03,"Sitelinks, Video, Image, People also ask, Related searches, AI overview",commercial,Organic
long distance moving company ottawa,11,11,110,23,7.61,https://www.firstratemovers.com/long-distance-moving/,0,0,0.00,0.53,2420000,"[0,15,18,28,15,11,11,28,28,28,28,28]",2026-02-06,"Local pack, Sitelinks, Video, People also ask, Related searches, AI overview",commercial,Organic
moving quote,40,40,590,28,9.28,https://www.firstratemovers.com/moving-quotes/,0,0,0.00,0.42,507000000,"[66,66,81,81,81,54,66,81,81,100,81,66]",2026-01-23,"Local pack, Video, Ads top, Ads bottom, Related searches, Discussions and forums",commercial,Organic
furniture disposal ottawa,4,4,50,16,1.83,https://www.firstratemovers.com/furniture-donation-disposal/,0,0,0.00,0.73,1420000,"[18,18,18,36,36,36,45,45,81,63,100,63]",2026-02-21,"Local pack, Sitelinks, People also ask, Related searches, AI overview",commercial,Organic
moving to ontario checklist,95,95,320,24,0.75,https://www.firstratemovers.com/moving-checklist/,0,0,0.00,0.28,15300000,"[54,54,44,66,54,54,54,54,54,81,66,66]",2026-02-10,"Sitelinks, Video, People also ask, Related searches, Discussions and forums, AI overview",informational,Organic
old furniture pick up,83,83,110,32,3.28,https://www.firstratemovers.com/furniture-donation-disposal/,0,0,0.00,0.91,344000000,"[28,28,23,12,23,23,17,35,43,35,28,28]",2026-01-26,"Local pack, Video, Ads bottom, Related searches, Ads middle, AI overview",commercial,Organic
make space storage ottawa,40,40,110,16,1.20,https://www.firstratemovers.com/ottawa-self-storage/,0,0,0.00,0.07,5860000,"[41,52,29,64,82,82,82,82,100,41,64,82]",2026-02-17,"Knowledge panel, Image pack, Video, Image, Ads bottom, People also ask, Related searches","informational, transactional",Organic
local movers ottawa,45,45,140,46,5.40,https://www.firstratemovers.com/local-ottawa-moving-rates/,0,0,0.00,0.72,744000,"[12,35,12,23,23,23,28,66,53,43,53,53]",2026-01-27,"Local pack, People also ask, Related searches",commercial,Organic
local movers ottawa,91,91,140,46,5.40,https://www.firstratemovers.com/ottawa-packing-services/,0,0,0.00,0.72,744000,"[12,35,12,23,23,23,28,66,53,43,53,53]",2026-01-27,"Local pack, People also ask, Related searches",commercial,Organic
appliance moving service,32,32,480,13,2.81,https://www.firstratemovers.com/preparing-appliances/,0,0,0.00,0.86,106000000,"[67,36,29,54,67,54,100,36,54,36,36,29]",2026-02-13,"Local pack, Sitelinks, Video, People also ask, Related searches, AI overview",informational,Organic
movers woodstock ontario,3,3,50,14,4.04,https://www.firstratemovers.com/local-ottawa-moving-rates/,0,0,0.00,0.88,1530000,"[35,50,35,50,50,14,14,14,14,78,78,21]",2026-03-03,"Local pack, Video, People also ask, Related searches",commercial,People also ask
how much does it cost to hire a mover,43,43,50,14,1.88,https://www.firstratemovers.com/local-ottawa-moving-rates/,0,0,0.00,0.82,4820000,"[22,0,77,77,77,77,77,77,100,77,55,44]",2026-02-26,"Sitelinks, Video, People also ask, Related searches, AI overview",informational,Organic
moving boxes ottawa,13,13,210,19,0.98,https://www.firstratemovers.com/moving-boxes-and-supplies/,0,0,0.00,1,8830000,"[13,16,13,16,24,16,16,24,16,13,16,16]",2026-02-10,"Local pack, Sitelinks, Video, Image, Related searches, See results about",commercial,Organic
mover and storage,3,3,90,65,7.04,https://www.firstratemovers.com/local-ottawa-moving-rates/,0,0,0.00,0.31,36200000,"[0,0,0,0,0,2,0,2,54,100,29,18]",2026-02-17,"Local pack, Video, Ads bottom, People also ask, Popular products, Related searches",commercial,People also ask
mover and storage,18,18,90,65,7.04,https://www.firstratemovers.com/,0,0,0.00,0.31,36200000,"[0,0,0,0,0,2,0,2,54,100,29,18]",2026-02-17,"Local pack, Video, Ads bottom, People also ask, Popular products, Related searches",commercial,Organic
cost of movers toronto,66,66,90,14,5.50,https://www.firstratemovers.com/moving-from-ottawa-to-toronto/,0,0,0.00,0.77,6230000,"[14,21,100,100,78,50,50,50,64,50,50,64]",2026-02-06,"Sitelinks, Video, People also ask, Related searches, AI overview",informational,Organic
average cost of movers,46,46,320,17,2.10,https://www.firstratemovers.com/typical-move-costs-for-2024/,0,0,0.00,0.71,38400000,"[36,36,36,44,36,36,36,44,44,44,29,29]",2026-01-21,"Sitelinks, Video, People also ask, Related searches, Discussions and forums, AI overview","commercial, informational",Organic
list of household,21,21,210,29,0.50,https://www.firstratemovers.com/sample-household-content-list/,0,0,0.00,0.54,7690000000,"[4,4,4,4,81,54,54,54,54,66,66,54]",2026-01-30,"Image pack, Sitelinks, Video, Image, People also ask, Related searches, AI overview",informational,Organic
moving and packing toronto,68,68,210,44,10.34,https://www.firstratemovers.com/ottawa-packing-services/,0,0,0.00,0.91,0,"[82,53,43,100,53,35,53,43,82,53,53,53]",2026-03-10,"Local pack, Video, Related searches",commercial,Organic
packing company,51,51,90,53,3.31,https://www.firstratemovers.com/ottawa-packing-services/,0,0,0.00,0.68,466000000,"[14,14,22,22,22,18,18,22,22,22,22,14]",2026-01-20,"Local pack, Image, People also ask, Related searches, See results about",commercial,Organic
company packing,18,18,50,50,3.31,https://www.firstratemovers.com/ottawa-packing-services/,0,0,0.00,0.68,308000000,"[18,18,18,18,18,18,100,63,81,100,81,63]",2026-02-16,"Image pack, Video, Ads bottom, People also ask, Related searches, AI overview",informational,Organic
company packing,55,55,50,50,3.31,https://www.firstratemovers.com/ottawa-packing-services/,0,0,0.00,0.68,308000000,"[18,18,18,18,18,18,100,63,81,100,81,63]",2026-02-16,"Image pack, Video, Ads bottom, People also ask, Related searches, AI overview",informational,Organic
free items ottawa,31,31,260,26,0.00,https://www.firstratemovers.com/where-can-i-sell-donate-or-dispose-of-my-belongings-in-ottawa/,0,0,0.00,0,31500000,"[43,43,66,54,66,100,54,43,43,35,22,54]",2026-01-29,"Knowledge panel, Video, People also ask, Related searches",informational,Organic
mover box,38,38,90,32,0.84,https://www.firstratemovers.com/moving-boxes-and-supplies/,0,0,0.00,1,109000000,"[3,7,19,26,42,42,53,34,100,19,26,19]",2026-02-23,"Sitelinks, Video, Image, Video Carousel, Popular products, Related searches","informational, transactional",Organic
mover and packer,9,9,90,7,8.13,https://www.firstratemovers.com/ottawa-packing-services/,0,0,0.00,0.92,21000000,"[10,100,7,23,43,12,12,10,12,7,10,10]",2026-02-28,"Local pack, Video, People also ask, Related searches, AI overview",commercial,Organic
professional movers ottawa,46,46,590,54,5.19,https://www.firstratemovers.com/local-ottawa-moving-rates/,0,0,0.00,0.38,1030000,"[48,59,39,39,48,72,100,72,59,59,48,72]",2026-01-26,"Knowledge panel, Sitelinks, People also ask, Related searches",informational,Organic
moving company furniture,29,29,70,19,4.04,https://www.firstratemovers.com/professional-hoisting/,0,0,0.00,0.55,172000000,"[64,100,28,35,35,35,64,35,50,50,64,64]",2026-01-25,"Local pack, Related searches",commercial,Organic
moving company furniture,33,33,70,19,4.04,https://www.firstratemovers.com/professional-hoisting/,0,0,0.00,0.55,172000000,"[64,100,28,35,35,35,64,35,50,50,64,64]",2026-01-25,"Local pack, Related searches",commercial,Organic
moving on express,9,9,90,21,2.44,https://www.firstratemovers.com/local-ottawa-moving-rates/,0,0,0.00,0.2,629000000,"[81,81,63,63,63,63,81,100,81,81,100,81]",2026-03-02,"Knowledge panel, Sitelinks, Video, People also ask, Related searches",navigational,People also ask
you got junk near me,1,1,90,32,3.66,https://www.firstratemovers.com/furniture-donation-disposal/,0,0,0.00,0.8,204000000,"[33,14,9,19,52,66,66,52,52,33,33,23]",2026-01-18,"Video, Ads bottom, People also ask, Related searches, Ads middle, AI overview",transactional,People also ask
ottawa distance toronto,78,78,480,19,0.00,https://www.firstratemovers.com/what-to-know-about-moving-from-ottawa-to-toronto/,0,0,0.00,0,10700000,"[36,36,6,36,100,36,67,24,0,45,24,36]",2026-01-12,"Video, People also ask, Related searches",informational,Organic
movers packing,20,20,140,19,5.27,https://www.firstratemovers.com/how-to-pack-for-your-move/,0,0,0.00,0.94,82500000,"[53,66,43,100,53,43,43,10,5,7,17,2]",2026-01-18,"Local pack, Video, People also ask, Related searches",commercial,Organic
movers packing,40,40,140,19,5.27,https://www.firstratemovers.com/ottawa-packing-services/,0,0,0.00,0.94,82500000,"[53,66,43,100,53,43,43,10,5,7,17,2]",2026-01-18,"Local pack, Video, People also ask, Related searches",commercial,Organic
movers movers,10,10,90,58,6.74,https://www.firstratemovers.com/,0,0,0.00,0.33,218000000,"[82,66,17,12,35,2,0,2,2,23,53,7]",2026-01-18,"Local pack, People also ask, Related searches",commercial,Organic
ottawa best movers reviews,7,7,50,15,2.90,https://www.firstratemovers.com/reviews/,0,0,0.00,0.61,1100000,"[0,7,7,100,7,7,7,7]",2026-02-17,"Knowledge panel, Sitelinks, People also ask, Related searches, Discussions and forums, AI overview",commercial,Organic
ottawa best movers reviews,74,74,50,15,2.90,https://www.firstratemovers.com/how-to-choose-a-good-moving-company/,0,0,0.00,0.61,1100000,"[0,7,7,100,7,7,7,7]",2026-02-17,"Knowledge panel, Sitelinks, People also ask, Related searches, Discussions and forums, AI overview",commercial,Organic
boxes ottawa,19,19,70,21,14.38,https://www.firstratemovers.com/moving-boxes-and-supplies/,0,0,0.00,0.93,24300000,"[41,41,29,52,41,41,64,52,41,52,52,41]",2026-03-02,"Local pack, Sitelinks, Image, Popular products, Related searches",commercial,Organic
hiring movers,19,19,210,25,4.49,https://www.firstratemovers.com/,0,0,0.00,0.97,11900000,"[65,65,65,80,100,80,65,100,80,65,53,53]",2026-03-01,"Local pack, Sitelinks, Video, Jobs search, Related searches",commercial,Organic
furniture donation and pick up,78,78,210,23,1.53,https://www.firstratemovers.com/furniture-donation-disposal/,0,0,0.00,0.63,23400000,"[0,12,66,53,82,66,53,82,100,53,82,82]",2026-01-23,"Local pack, Video, Ads top, Ads bottom, Related searches, Discussions and forums",commercial,Organic
urgent moving service,10,10,50,10,6.65,https://www.firstratemovers.com/local-ottawa-moving-rates/,0,0,0.00,0.58,76700000,"[14,14,14,14,21,28,14,64,64,64,100,78]",2026-02-16,"Local pack, Video, Image, Ads bottom, People also ask, Related searches, AI overview",informational,People also ask
box moving boxes,54,54,2900,29,0.82,https://www.firstratemovers.com/moving-boxes-and-supplies/,0,0,0.00,1,0,"[16,8,44,66,24,19,36,10,100,24,1,19]",2026-03-08,"Local pack, Sitelinks, Video, Image, Video Carousel, Popular products, Related searches",transactional,Organic
box moving boxes,59,59,2900,29,0.82,https://www.firstratemovers.com/moving-boxes-and-supplies/,0,0,0.00,1,0,"[16,8,44,66,24,19,36,10,100,24,1,19]",2026-03-08,"Local pack, Sitelinks, Video, Image, Video Carousel, Popular products, Related searches",transactional,Organic
moving company gatineau,77,77,260,20,4.12,https://www.firstratemovers.com/,0,0,0.00,0.47,1320000,"[9,14,14,14,17,14,26,21,26,100,17,17]",2026-03-03,"Local pack, Sitelinks, Image, People also ask, Related searches",commercial,Organic
movers and packing,5,5,110,13,5.27,https://www.firstratemovers.com/ottawa-packing-services/,0,0,0.00,0.94,24100000,"[23,0,9,4,100,80,80,66,80,80,66,66]",2026-01-19,"Local pack, Video, People also ask, Related searches",commercial,Organic
best long distance moving services,67,67,210,26,9.18,https://www.firstratemovers.com/long-distance-moving/,0,0,0.00,0.04,181000000,"[28,35,66,43,66,53,53,53,35,100,82,43]",2026-03-03,"Local pack, Sitelinks, Video, Featured snippet, People also ask, Related searches, Discussions and forums",commercial,Organic
old furniture recycling,88,88,90,29,2.45,https://www.firstratemovers.com/furniture-donation-disposal/,0,0,0.00,0.9,42000000,"[53,53,53,53,53,53,53,15,15,15,11,15]",2026-02-11,"Video, Video Carousel, People also ask, Related searches, AI overview",commercial,Organic
moving from ottawa to toronto,19,19,110,6,8.15,https://www.firstratemovers.com/what-to-know-about-moving-from-ottawa-to-toronto/,0,0,0.00,0.88,81500000,"[33,33,33,66,9,9,9,100,100,100,100,80]",2026-01-23,"Sitelinks, Video, Ads bottom, People also ask, Related searches, Discussions and forums, AI overview","commercial, informational",Organic
cheap movers in brampton,1,1,110,30,3.70,https://www.firstratemovers.com/typical-move-costs-for-2024/,0,0,0.00,0.92,925000,"[33,52,33,33,42,42,42,66,52,52,66,66]",2026-02-14,"Local pack, People also ask, Related searches, Discussions and forums",commercial,People also ask
cheap storage units ottawa,45,45,110,39,4.21,https://www.firstratemovers.com/free-storage-ottawa/,0,0,0.00,0.91,10100000,"[26,26,26,42,42,42,53,34,53,53,42,34]",2026-03-03,"Local pack, Sitelinks, People also ask, Related searches, Discussions and forums",commercial,Organic
mississauga movers flat rate,56,56,50,27,3.91,https://www.firstratemovers.com/moving-from-ottawa-to-toronto/,0,0,0.00,0.58,93500,"[15,11,15,15,11,15,11,42,42,19,34,26]",2026-01-24,"Local pack, Sitelinks, Video, People also ask, Related searches, AI overview",informational,Organic
moving company cambridge,1,1,210,46,6.62,https://www.firstratemovers.com/local-ottawa-moving-rates/,0,0,0.00,0.72,152000000,"[9,12,19,29,29,23,9,36,44,36,36,36]",2026-03-01,"Local pack, Image, People also ask, Related searches",commercial,People also ask
flat rate movers,43,43,90,5,4.85,https://www.firstratemovers.com/consolidated-moving-services/,0,0,0.00,0.86,16200000,"[21,15,15,21,21,21,28,43,43,43,43,34]",2026-01-26,"Local pack, Video, Ads bottom, People also ask, Related searches",commercial,Organic
flat rate movers,68,68,90,5,4.85,https://www.firstratemovers.com/local-ottawa-moving-rates/,0,0,0.00,0.86,16200000,"[21,15,15,21,21,21,28,43,43,43,43,34]",2026-01-26,"Local pack, Video, Ads bottom, People also ask, Related searches",commercial,Organic
amj toronto,1,1,110,23,2.47,https://www.firstratemovers.com/local-ottawa-moving-rates/,0,0,0.00,0.28,376000,"[100,78,50,64,64,100,100,100,78,78,100,64]",2026-03-03,"Knowledge panel, Image pack, Video, Image, People also ask, Related searches","informational, transactional",People also ask
moving and packing company,10,10,110,31,5.27,https://www.firstratemovers.com/ottawa-packing-services/,0,0,0.00,0.94,90000000,"[28,17,23,28,100,12,23,17,17,12,12,17]",2026-01-28,"Local pack, Video, People also ask, Related searches",commercial,Organic
toronto long distance moving,40,40,50,22,8.38,https://www.firstratemovers.com/long-distance-moving/,0,0,0.00,0.42,15100000,"[0,0,0,7,21,35,14,78,78,64,100,100]",2026-02-16,"Local pack, Sitelinks, Ads bottom, People also ask, Related searches, AI overview",commercial,Organic
toronto long distance moving,45,45,50,22,8.38,https://www.firstratemovers.com/long-distance-moving/,0,0,0.00,0.42,15100000,"[0,0,0,7,21,35,14,78,78,64,100,100]",2026-02-16,"Local pack, Sitelinks, Ads bottom, People also ask, Related searches, AI overview",commercial,Organic
movers in sault ste marie ontario,4,4,90,15,1.68,https://www.firstratemovers.com/local-ottawa-moving-rates/,0,0,0.00,0.57,137000,"[64,64,50,100,78,78,21,50,78,50,50,50]",2026-03-03,"Local pack, Video, Image, People also ask, Related searches, Discussions and forums",commercial,People also ask
moving companies in ottawa ontario,83,83,390,47,6.95,https://www.firstratemovers.com/local-moving-in-ottawa/,0,0,0.00,0.86,7560000,"[30,34,3,3,3,3,4,24,5,16,7,3]",2026-01-29,"Local pack, People also ask, Related searches",commercial,Organic
moving checklist ontario,50,50,590,17,0.75,https://www.firstratemovers.com/moving-checklist/,0,0,0.00,0.28,20300000,"[44,54,44,67,67,67,67,81,67,81,67,67]",2026-01-27,"Video, Video Carousel, Related searches, AI overview",informational,Organic
movers and packers,17,17,390,29,8.13,https://www.firstratemovers.com/ottawa-packing-services/,0,0,0.00,0.92,67500000,"[11,21,48,59,26,48,48,32,48,32,39,48]",2026-01-21,"Local pack, Video, People also ask, Related searches, See results about, AI overview",commercial,Organic
kanata to toronto,2,2,50,,0.67,https://www.firstratemovers.com/moving-from-ottawa-to-toronto/,0,0,0.00,0.22,19300000,"[7,7,11,7,100,7,7,7,42,7,7,7]",2026-01-14,"Video, Image, People also ask, Related searches","commercial, informational",People also ask
fast moving services,8,8,70,15,2.01,https://www.firstratemovers.com/stittsville/,0,0,0.00,0.11,639000000,"[81,63,63,63,63,63,100,63,63,81,63,63]",2026-02-27,"Local pack, People also ask, Related searches, AI overview",commercial,Organic
furniture moving company,29,29,140,42,4.04,https://www.firstratemovers.com/,0,0,0.00,0.55,124,"[8,8,8,15,18,11,15,11,18,35,28,81]",2026-03-05,"Local pack, Video, People also ask, Related searches",commercial,Organic
appliance movers near me,17,17,50,7,2.61,https://www.firstratemovers.com/preparing-appliances/,0,0,0.00,0.85,202,"[2,5,2,3,4,3,4,6,3,1,1,1]",2026-03-05,"Knowledge panel, Video, People also ask, Related searches, AI overview",transactional,Organic
appliance movers near me,35,35,50,7,2.61,https://www.firstratemovers.com/preparing-appliances/,0,0,0.00,0.85,202,"[2,5,2,3,4,3,4,6,3,1,1,1]",2026-03-05,"Knowledge panel, Video, People also ask, Related searches, AI overview",transactional,Organic
moving boxes bulk,39,39,320,,1.59,https://www.firstratemovers.com/moving-boxes-and-supplies/,0,0,0.00,0.9,123000000,"[54,66,66,81,66,66,66,66,66,66,81,54]",2026-01-21,"Local pack, Sitelinks, Video, Image, Ads bottom, Popular products, Related searches",commercial,Organic
moving boxes bulk,40,40,320,,1.59,https://www.firstratemovers.com/moving-boxes-and-supplies/,0,0,0.00,0.9,123000000,"[54,66,66,81,66,66,66,66,66,66,81,54]",2026-01-21,"Local pack, Sitelinks, Video, Image, Ads bottom, Popular products, Related searches",commercial,Organic
packing services toronto,49,49,320,13,6.20,https://www.firstratemovers.com/ottawa-packing-services/,0,0,0.00,0.88,17500000,"[12,10,19,12,10,12,15,44,54,67,81,100]",2026-03-01,"Local pack, Video, Image, People also ask, Related searches",commercial,Organic
packing services toronto,50,50,320,13,6.20,https://www.firstratemovers.com/ottawa-packing-services/,0,0,0.00,0.88,17500000,"[12,10,19,12,10,12,15,44,54,67,81,100]",2026-03-01,"Local pack, Video, Image, People also ask, Related searches",commercial,Organic
self storage kanata,30,30,70,24,3.97,https://www.firstratemovers.com/our-storage/,0,0,0.00,0.91,264000,"[63,81,36,63,81,63,45,81,100,45,81,81]",2026-01-16,"Local pack, Video, Image, Related searches",commercial,Organic
self storage kanata,50,50,70,24,3.97,https://www.firstratemovers.com/free-storage-ottawa/,0,0,0.00,0.91,264000,"[63,81,36,63,81,63,45,81,100,45,81,81]",2026-01-16,"Local pack, Video, Image, Related searches",commercial,Organic
inner city moving & storage company,1,1,70,28,0.00,https://www.firstratemovers.com/local-ottawa-moving-rates/,0,0,0.00,0.11,8310000,"[35,50,50,50,100,50,78,14,50,50,50,35]",2026-02-28,"Knowledge panel, Sitelinks, People also ask, Related searches",navigational,People also ask
bob the mover,92,92,170,24,2.35,https://www.firstratemovers.com/,0,0,0.00,0.39,14500000,"[34,43,100,53,81,65,53,81,53,53,43,34]",2026-02-17,"Sitelinks, Video, People also ask, Related searches",navigational,Organic
economical movers ottawa,37,37,110,19,6.10,https://www.firstratemovers.com/local-ottawa-moving-rates/,0,0,0.00,0.32,408000,"[11,29,29,82,64,64,64,64,64,100,82,82]",2026-01-25,"Knowledge panel, Related searches","informational, transactional",Organic
economical movers ottawa,66,66,110,19,6.10,https://www.firstratemovers.com/,0,0,0.00,0.32,408000,"[11,29,29,82,64,64,64,64,64,100,82,82]",2026-01-25,"Knowledge panel, Related searches","informational, transactional",Organic
economical movers ottawa,75,75,110,19,6.10,https://www.firstratemovers.com/local-ottawa-moving-rates/,0,0,0.00,0.32,408000,"[11,29,29,82,64,64,64,64,64,100,82,82]",2026-01-25,"Knowledge panel, Related searches","informational, transactional",Organic
economical movers ottawa,95,95,110,19,6.10,https://www.firstratemovers.com/local-moving-in-ottawa/,0,0,0.00,0.32,408000,"[11,29,29,82,64,64,64,64,64,100,82,82]",2026-01-25,"Knowledge panel, Related searches","informational, transactional",Organic
movers estimate,1,1,50,11,6.87,https://www.firstratemovers.com/typical-move-costs-for-2024/,0,0,0.00,0.81,22100000,"[0,45,27,45,27,27,18,63,63,100,81,18]",2026-02-21,"Sitelinks, Video, People also ask, Related searches, AI overview",commercial,AI overview
movers estimate,16,16,50,11,6.87,https://www.firstratemovers.com/typical-move-costs-for-2024/,0,0,0.00,0.81,22100000,"[0,45,27,45,27,27,18,63,63,100,81,18]",2026-02-21,"Sitelinks, Video, People also ask, Related searches, AI overview",commercial,Organic
movers estimate,56,56,50,11,6.87,https://www.firstratemovers.com/moving-quotes/,0,0,0.00,0.81,22100000,"[0,45,27,45,27,27,18,63,63,100,81,18]",2026-02-21,"Sitelinks, Video, People also ask, Related searches, AI overview",commercial,Organic
movers estimate,80,80,50,11,6.87,https://www.firstratemovers.com/moving-quotes/,0,0,0.00,0.81,22100000,"[0,45,27,45,27,27,18,63,63,100,81,18]",2026-02-21,"Sitelinks, Video, People also ask, Related searches, AI overview",commercial,Organic
movers estimate,90,90,50,11,6.87,https://www.firstratemovers.com/moving-quotes/,0,0,0.00,0.81,22100000,"[0,45,27,45,27,27,18,63,63,100,81,18]",2026-02-21,"Sitelinks, Video, People also ask, Related searches, AI overview",commercial,Organic
small movers ottawa,30,30,170,14,2.80,https://www.firstratemovers.com/,0,0,0.00,0.94,0,"[23,28,28,28,35,28,53,82,53,53,66,53]",2026-03-10,"Local pack, Sitelinks, Related searches",commercial,Organic
small movers ottawa,98,98,170,14,2.80,https://www.firstratemovers.com/,0,0,0.00,0.94,0,"[23,28,28,28,35,28,53,82,53,53,66,53]",2026-03-10,"Local pack, Sitelinks, Related searches",commercial,Organic
where can you get moving boxes,47,47,90,32,0.89,https://www.firstratemovers.com/moving-boxes-and-supplies/,0,0,0.00,1,374000000,"[0,1,5,23,18,6,18,15,18,35,44,5]",2026-01-14,"Local pack, Sitelinks, Video, Image, Ads bottom, People also ask, Popular products, Related searches, Discussions and forums, AI overview",transactional,Organic
faster moving services,27,27,50,12,2.01,https://www.firstratemovers.com/stittsville/,0,0,0.00,0.11,1450000000,"[81,63,63,81,0,63,0,81,63,81,63,9]",2026-02-09,"Knowledge panel, Related searches",navigational,Organic
faster moving services,95,95,50,12,2.01,https://www.firstratemovers.com/,0,0,0.00,0.11,1450000000,"[81,63,63,81,0,63,0,81,63,81,63,9]",2026-02-09,"Knowledge panel, Related searches",navigational,Organic
free-moving,18,18,50,14,0.00,https://www.firstratemovers.com/contact-us/,0,0,0.00,0,1500000000,"[78,0,50,78,64,0,0,0,7,64,64,28]",2026-01-25,"Sitelinks, Video, Video Carousel, People also ask, Related searches, AI overview",informational,Organic
ottawa piano moving services,16,16,110,17,2.15,https://www.firstratemovers.com/ottawa-piano-movers/,0,0,0.00,0.4,696000,"[7,7,100,65,80,53,34,26,26,100,34,26]",2026-02-17,"Local pack, Image, People also ask, Related searches",commercial,Organic
moving company long distance,29,29,720,40,9.22,https://www.firstratemovers.com/long-distance-moving/,0,0,0.00,0.18,514000000,"[21,32,88,100,100,72,59,59,59,100,88,72]",2026-02-21,"Video, People also ask, Related searches, AI overview",informational,Organic
moving company long distance,32,32,720,40,9.22,https://www.firstratemovers.com/long-distance-moving/,0,0,0.00,0.18,514000000,"[21,32,88,100,100,72,59,59,59,100,88,72]",2026-02-21,"Video, People also ask, Related searches, AI overview",informational,Organic
re store ottawa,32,32,170,37,1.02,https://www.firstratemovers.com/where-can-i-sell-donate-or-dispose-of-my-belongings-in-ottawa/,0,0,0.00,0.13,116000000,"[20,20,4,8,10,10,8,10,16,10,13,8]",2026-02-04,"Local pack, Sitelinks, Video, Image, Related searches",navigational,Organic
re store ottawa,83,83,170,37,1.02,https://www.firstratemovers.com/where-can-i-sell-donate-or-dispose-of-my-belongings-in-ottawa/,0,0,0.00,0.13,116000000,"[20,20,4,8,10,10,8,10,16,10,13,8]",2026-02-04,"Local pack, Sitelinks, Video, Image, Related searches",navigational,Organic
long distance mover,21,21,170,23,9.22,https://www.firstratemovers.com/long-distance-moving/,0,0,0.00,0.18,22200000,"[7,7,2,10,12,2,12,100,82,66,82,100]",2026-02-26,"Local pack, Sitelinks, Video, People also ask, Related searches, Discussions and forums",commercial,Organic
omni moving experts,5,5,90,32,1.79,https://www.firstratemovers.com/local-ottawa-moving-rates/,0,0,0.00,0.2,5900000,"[52,52,52,52,52,33,42,52,33,42,42,42]",2026-02-14,"Knowledge panel, Sitelinks, Video, People also ask, Related searches",navigational,People also ask
ottawa senior moves,86,86,170,16,0.00,https://www.firstratemovers.com/,0,0,0.00,0,14400000,"[42,19,80,65,100,100,80,100,34,15,65,65]",2026-02-24,"Knowledge panel, Sitelinks, Video, People also ask, Related searches",informational,Organic
mini storage ottawa,49,49,1000,37,3.65,https://www.firstratemovers.com/free-storage-ottawa/,0,0,0.00,0.71,14200000,"[68,68,37,31,100,31,20,20,37,37,84,68]",2026-02-25,"Local pack, Sitelinks, Video, Image, Related searches",commercial,Organic
mini storage ottawa,51,51,1000,37,3.65,https://www.firstratemovers.com/free-storage-ottawa/,0,0,0.00,0.71,14200000,"[68,68,37,31,100,31,20,20,37,37,84,68]",2026-02-25,"Local pack, Sitelinks, Video, Image, Related searches",commercial,Organic
moving a television,3,3,170,6,2.00,https://www.firstratemovers.com/how-to-safely-move-your-big-screen-tv/,0,0,0.00,0.51,1260000000,"[23,28,23,23,23,23,23,23,23,28,28,35]",2026-02-27,"Sitelinks, Video, Video Carousel, People also ask, Related searches, Short videos, Discussions and forums, AI overview",informational,Organic
small moving boxes,23,23,70,37,0.87,https://www.firstratemovers.com/moving-boxes-and-supplies/,0,0,0.00,0.87,217000000,"[35,50,35,50,50,50,64,64,64,50,64,50]",2026-02-17,"Image pack, Sitelinks, Video, Image, Ads top, People also ask, Popular products, Related searches, Ads middle",commercial,Organic
moving services quotes,7,7,320,39,9.28,https://www.firstratemovers.com/moving-quotes/,0,0,0.00,0.42,167000000,"[66,66,54,66,66,66,66,66,66,81,66,66]",2026-01-31,"Local pack, Image pack, Video, People also ask, Related searches, Discussions and forums, AI overview",commercial,Image pack
moving services quotes,41,41,320,39,9.28,https://www.firstratemovers.com/moving-quotes/,0,0,0.00,0.42,167000000,"[66,66,54,66,66,66,66,66,66,81,66,66]",2026-01-31,"Local pack, Image pack, Video, People also ask, Related searches, Discussions and forums, AI overview",commercial,Organic
packed boxes,94,94,50,29,1.37,https://www.firstratemovers.com/moving-boxes-and-supplies/,0,0,0.00,1,477000000,"[11,19,19,15,15,15,15,0,26,11,100,0]",2026-02-21,"Image pack, Sitelinks, Video, Image, Ads bottom, People also ask, Popular products, Related searches","commercial, informational",Organic
how much does a moving service cost,32,32,720,14,2.53,https://www.firstratemovers.com/local-ottawa-moving-rates/,0,0,0.00,0.83,1050000000,"[76,100,76,100,76,67,76,24,36,24,24,20]",2026-01-17,"Sitelinks, Video, Ads bottom, People also ask, Related searches, AI overview",informational,Organic
best moving co,24,24,210,41,5.79,https://www.firstratemovers.com/,0,0,0.00,0.57,1280000000,"[6,6,1,4,44,36,23,44,29,54,66,36]",2026-02-27,"Local pack, Sitelinks, People also ask, Related searches, Discussions and forums, AI overview",commercial,Organic
long-distance moving,57,57,140,27,0.00,https://www.firstratemovers.com/long-distance-moving/,0,0,0.00,0,776000000,"[8,2,2,4,2,2,2,54,81,66,66,100]",2026-01-19,"Local pack, Sitelinks, Video, People also ask, Related searches",commercial,Organic
furniture bank ottawa,25,25,320,34,2.69,https://www.firstratemovers.com/furniture-donation-disposal/,0,0,0.00,0.07,10700000,"[54,54,54,66,66,66,66,100,81,81,81,81]",2026-02-04,"Knowledge panel, Video, Image, People also ask, Related searches",informational,Organic
great toronto movers,39,39,50,29,6.38,https://www.firstratemovers.com/moving-to-ottawa-from-toronto/,0,0,0.00,0.68,9830000,"[14,23,52,33,33,23,9,33,14,19,9,9]",2026-02-17,"Knowledge panel, Sitelinks, Video, Image, People also ask, Related searches",navigational,Organic
belleville movers,2,2,170,24,3.01,https://www.firstratemovers.com/local-ottawa-moving-rates/,0,0,0.00,0.61,540000,"[53,53,65,53,80,11,80,100,100,80,65,53]",2026-03-03,"Local pack, Sitelinks, Image, People also ask, Related searches",commercial,People also ask
belleville movers,2,2,170,24,3.01,https://www.firstratemovers.com/local-ottawa-moving-rates/,0,0,0.00,0.61,540000,"[53,53,65,53,80,11,80,100,100,80,65,53]",2026-03-03,"Local pack, Sitelinks, Image, People also ask, Related searches",commercial,People also ask
movers in toronto ontario,90,90,140,46,10.60,https://www.firstratemovers.com/moving-to-ottawa-from-toronto/,0,0,0.00,0.93,19600000,"[0,1,1,3,20,2,2,8,11,5,7,20]",2026-01-14,"Local pack, Sitelinks, Video, People also ask, Related searches",commercial,Organic
where can i purchase moving boxes,32,32,880,34,0.62,https://www.firstratemovers.com/moving-boxes-and-supplies/,0,0,0.00,1,158000000,"[36,36,20,76,100,67,76,100,76,76,30,36]",2026-02-07,"Local pack, Sitelinks, Video, Image, Video Carousel, People also ask, Popular products, Related searches",transactional,Organic
long distance moving company,45,45,880,31,9.22,https://www.firstratemovers.com/long-distance-moving/,0,0,0.00,0.18,443000000,"[20,16,16,16,20,20,16,36,36,36,36,36]",2026-02-06,"Local pack, Video, People also ask, Related searches",commercial,Organic
moving storage rental,37,37,320,34,2.85,https://www.firstratemovers.com/free-storage-ottawa/,0,0,0.00,1,347000000,"[66,66,54,66,66,66,66,66,66,100,66,66]",2026-02-17,"Local pack, Video, Ads bottom, People also ask, Related searches",commercial,Organic
cheap moving box,76,76,320,42,0.93,https://www.firstratemovers.com/moving-boxes-and-supplies/,0,0,0.00,1,322000000,"[54,54,54,54,54,54,54,54,54,66,54,44]",2026-01-26,"Local pack, Sitelinks, Video, Image, People also ask, Popular products, Related searches, Discussions and forums, AI overview",transactional,Organic
packaging for moving,86,86,90,28,1.63,https://www.firstratemovers.com/moving-boxes-and-supplies/,0,0,0.00,0.98,136000000,"[78,78,50,78,100,100,100,50,50,35,35,35]",2026-01-26,"Local pack, Sitelinks, Video, Image, People also ask, Popular products, Related searches",commercial,Organic
shipping and packaging services,84,84,70,,2.39,https://www.firstratemovers.com/ottawa-packing-services/,0,0,0.00,0.01,180000000,"[5,5,5,5,5,5,5,5,5,5,100,82]",2026-02-16,"Local pack, Sitelinks, Video, Image, Ads top, Related searches, Ads middle",commercial,Organic
moving company for hire,16,16,90,36,4.49,https://www.firstratemovers.com/,0,0,0.00,0.97,149000000,"[0,0,0,0,0,100,0,100,65,42,42,42]",2026-02-06,"Local pack, Sitelinks, Video, Ads top, People also ask, Related searches, Ads middle",commercial,Organic
moving company for hire,32,32,90,36,4.49,https://www.firstratemovers.com/,0,0,0.00,0.97,149000000,"[0,0,0,0,0,100,0,100,65,42,42,42]",2026-02-06,"Local pack, Sitelinks, Video, Ads top, People also ask, Related searches, Ads middle",commercial,Organic
get rid of sofa,47,47,170,23,3.00,https://www.firstratemovers.com/furniture-donation-disposal/,0,0,0.00,0.94,99500000,"[35,35,35,43,53,43,35,35,35,66,28,35]",2026-02-11,"Sitelinks, Video, People also ask, Related searches, Discussions and forums, AI overview",transactional,Organic
move moving company,33,33,480,66,6.74,https://www.firstratemovers.com/,0,0,0.00,0.33,1230000000,"[0,1,0,5,13,0,1,2,1,30,100,30]",2026-01-28,"Local pack, Image, People also ask, Related searches",commercial,Organic
low cost long distance moving companies,61,61,260,22,4.65,https://www.firstratemovers.com/long-distance-moving/,0,0,0.00,0.14,213000000,"[15,23,54,81,66,44,23,23,23,100,18,15]",2026-03-05,"Video, People also ask, Related searches, AI overview",commercial,Organic
get boxes for moving,36,36,320,47,0.94,https://www.firstratemovers.com/moving-boxes-and-supplies/,0,0,0.00,0.96,351000000,"[35,66,54,66,66,66,66,66,66,66,81,43]",2026-01-25,"Local pack, Sitelinks, Video, Image, Ads bottom, Video Carousel, People also ask, Popular products, Related searches",transactional,Organic
how to go to ottawa from toronto,85,85,140,24,0.26,https://www.firstratemovers.com/moving-to-ottawa-from-toronto/,0,0,0.00,0.68,136000000,"[4,4,5,5,7,8,5,3,7,4,5,3]",2026-02-09,"Sitelinks, Video, People also ask, Related searches, Discussions and forums",informational,Organic
movers manotick,9,9,70,,0.00,https://www.firstratemovers.com/manotick/,0,0,0.00,0,180000,"[4,0,0,0,4,0,4,80,80,66,100,100]",2026-02-21,"Knowledge panel, Image pack, Sitelinks, Video, Image, People also ask",informational,Image pack
how much is movers,14,14,50,,2.53,https://www.firstratemovers.com/local-ottawa-moving-rates/,0,0,0.00,0.83,139000000,"[10,6,2,2,81,0,0,6,8,6,6,2]",2026-01-25,"Sitelinks, Video, People also ask, Related searches, AI overview",informational,Organic
what do moving companies do,39,39,320,14,2.24,https://www.firstratemovers.com/faq/,0,0,0.00,0.48,152,"[54,54,44,54,54,54,54,66,66,100,66,28]",2026-03-04,"Sitelinks, Video, People also ask, Related searches, AI overview",informational,Organic
ottawa storage,19,19,260,40,3.65,https://www.firstratemovers.com/free-storage-ottawa/,0,0,0.00,0.71,51900000,"[9,21,21,26,48,59,26,21,26,26,17,26]",2026-02-03,"Local pack, Sitelinks, Image, Ads top, Ads bottom, People also ask, Related searches",commercial,Organic
ottawa storage,22,22,260,40,3.65,https://www.firstratemovers.com/free-storage-ottawa/,0,0,0.00,0.71,51900000,"[9,21,21,26,48,59,26,21,26,26,17,26]",2026-02-03,"Local pack, Sitelinks, Image, Ads top, Ads bottom, People also ask, Related searches",commercial,Organic
first rate,15,15,170,53,0.00,https://www.firstratemovers.com/,0,0,0.00,0.01,2260000000,"[53,80,65,53,65,65,80,65,65,53,42,53]",2026-01-24,"Instant answer, Video, Image, People also ask, Related searches, AI overview",informational,Organic
first rate,48,48,170,53,0.00,https://www.firstratemovers.com/reviews/,0,0,0.00,0.01,2260000000,"[53,80,65,53,65,65,80,65,65,53,42,53]",2026-01-24,"Instant answer, Video, Image, People also ask, Related searches, AI overview",informational,Organic
first rate,59,59,170,53,0.00,https://www.firstratemovers.com/reviews/,0,0,0.00,0.01,2260000000,"[53,80,65,53,65,65,80,65,65,53,42,53]",2026-01-24,"Instant answer, Video, Image, People also ask, Related searches, AI overview",informational,Organic
best moving company,16,16,260,38,5.79,https://www.firstratemovers.com/,0,0,0.00,0.57,1500000000,"[7,5,5,24,7,7,7,20,8,8,10,10]",2026-01-27,"Local pack, Sitelinks, Video, Ads bottom, People also ask, Related searches, Discussions and forums, AI overview",commercial,Organic
best moving company,24,24,260,38,5.79,https://www.firstratemovers.com/,0,0,0.00,0.57,1500000000,"[7,5,5,24,7,7,7,20,8,8,10,10]",2026-01-27,"Local pack, Sitelinks, Video, Ads bottom, People also ask, Related searches, Discussions and forums, AI overview",commercial,Organic
toronto moving services,31,31,480,62,10.96,https://www.firstratemovers.com/moving-from-ottawa-to-toronto/,0,0,0.00,0.94,0,"[3,13,16,5,76,3,55,100,76,30,30,36]",2026-03-10,"Local pack, Video, Image, Related searches",commercial,Organic
packing moving service,16,16,110,20,0.00,https://www.firstratemovers.com/ottawa-packing-services/,0,0,0.00,0.5,0,"[0,66,100,0,54,43,0,2,0,2,4,6]",2026-03-08,"Local pack, Video, Related searches",commercial,Organic
packing near me,50,50,110,41,2.23,https://www.firstratemovers.com/ottawa-packing-services/,0,0,0.00,0.32,331000000,"[42,26,26,26,34,42,42,53,65,53,53,34]",2026-01-15,"Local pack, Sitelinks, Video, Image, Ads bottom, People also ask, Related searches",transactional,Organic
self storage kanata ontario,26,26,110,24,3.97,https://www.firstratemovers.com/free-storage-ottawa/,0,0,0.00,0.91,257000,"[52,64,64,64,82,82,82,82,82,64,64,64]",2026-01-25,"Local pack, Image, Related searches",commercial,Organic
self storage kanata ontario,48,48,110,24,3.97,https://www.firstratemovers.com/our-storage/,0,0,0.00,0.91,257000,"[52,64,64,64,82,82,82,82,82,64,64,64]",2026-01-25,"Local pack, Image, Related searches",commercial,Organic
self storage kanata ontario,51,51,110,24,3.97,https://www.firstratemovers.com/our-storage/,0,0,0.00,0.91,257000,"[52,64,64,64,82,82,82,82,82,64,64,64]",2026-01-25,"Local pack, Image, Related searches",commercial,Organic
packing and moving,17,17,50,56,4.80,https://www.firstratemovers.com/ottawa-packing-services/,0,0,0.00,0.95,932000000,"[3,6,8,6,44,8,15,5,6,3,3,3]",2026-01-22,"Local pack, Sitelinks, Video, Video Carousel, People also ask, Related searches",commercial,Organic
cobourg movers,2,2,110,6,3.97,https://www.firstratemovers.com/local-ottawa-moving-rates/,0,0,0.00,0.64,28800,"[33,33,42,80,100,66,42,33,33,33,33,33]",2026-03-05,"Local pack, Video, Image, People also ask, Related searches",commercial,People also ask
how much do movers charge,28,28,110,14,2.20,https://www.firstratemovers.com/local-ottawa-moving-rates/,0,0,0.00,0.79,27200000,"[78,100,100,100,78,78,100,100,78,78,64,64]",2026-03-03,"Sitelinks, Video, People also ask, Related searches, AI overview",informational,Organic
how much do movers charge,31,31,110,14,2.20,https://www.firstratemovers.com/local-ottawa-moving-rates/,0,0,0.00,0.79,27200000,"[78,100,100,100,78,78,100,100,78,78,64,64]",2026-03-03,"Sitelinks, Video, People also ask, Related searches, AI overview",informational,Organic
moving from storage unit,20,20,50,11,5.79,https://www.firstratemovers.com/free-storage-ottawa/,0,0,0.00,0.61,223000000,"[9,36,100,100,100,100,18,18,18,18,18,18]",2026-01-19,"Local pack, Sitelinks, Video, Ads bottom, People also ask, Related searches, AI overview",commercial,Organic
box storage moving,61,61,390,33,2.49,https://www.firstratemovers.com/moving-boxes-and-supplies/,0,0,0.00,1,240000000,"[54,54,44,66,54,54,54,66,54,100,66,66]",2026-01-23,"Sitelinks, Video, Image, Ads bottom, People also ask, Popular products, Related searches",commercial,Organic
cheapest place to buy moving boxes,69,69,320,32,0.58,https://www.firstratemovers.com/moving-boxes-and-supplies/,0,0,0.00,1,142000000,"[26,32,32,39,32,32,32,32,32,48,39,32]",2026-02-28,"Local pack, Sitelinks, Video, People also ask, Popular products, Related searches, Discussions and forums, AI overview",transactional,Organic
storage services,64,64,110,79,5.10,https://www.firstratemovers.com/our-storage/,0,0,0.00,0.15,1980000000,"[26,53,26,42,26,26,34,42,42,34,100,80]",2026-01-11,"Local pack, Video, People also ask, Related searches",commercial,Organic
packers and movers,34,34,480,37,7.20,https://www.firstratemovers.com/ottawa-packing-services/,0,0,0.00,0.47,13600000,"[20,30,20,30,24,36,76,45,45,30,36,45]",2026-01-17,"Local pack, Video, Ads bottom, People also ask, Related searches",commercial,Organic
toronto distance from ottawa,65,65,590,19,0.00,https://www.firstratemovers.com/what-to-know-about-moving-from-ottawa-to-toronto/,0,0,0.00,0,11700000,"[36,36,20,36,100,36,67,24,36,45,24,36]",2026-01-21,"Video, Image, People also ask, Related searches",informational,Organic
packing and movers,52,52,70,28,8.13,https://www.firstratemovers.com/ottawa-packing-services/,0,0,0.00,0.92,60300000,"[23,52,17,52,100,41,29,23,41,17,23,23]",2026-01-19,"Local pack, Video, People also ask, Related searches",commercial,Organic
moving companies how much cost,48,48,50,13,2.53,https://www.firstratemovers.com/local-ottawa-moving-rates/,0,0,0.00,0.83,392000000,"[0,3,0,3,0,0,0,53,53,53,42,26]",2026-02-16,"Sitelinks, Video, People also ask, Related searches, AI overview",informational,Organic
ottawa dumps,2,2,70,20,1.52,https://www.firstratemovers.com/furniture-donation-disposal/,0,0,0.00,0.43,576000,"[5,5,2,7,7,100,23,17,10,10,7,10]",2026-01-20,"Local pack, Sitelinks, Video, Image, People also ask, Related searches",commercial,People also ask
moving companies that move pianos,21,21,320,6,3.19,https://www.firstratemovers.com/ottawa-piano-movers/,0,0,0.00,0.59,4370000,"[44,54,23,19,15,100,19,67,54,29,36,12]",2026-02-02,"Local pack, People also ask, Related searches",commercial,Organic
movers in vaughan,3,3,260,23,11.12,https://www.firstratemovers.com/local-ottawa-moving-rates/,0,0,0.00,0.67,625000,"[12,6,19,23,100,81,9,29,36,36,44,44]",2026-02-11,"Local pack, Sitelinks, Image, People also ask, Related searches",commercial,People also ask
best movers moving companies,34,34,70,38,5.79,https://www.firstratemovers.com/,0,0,0.00,0.57,33200000,"[100,100,33,44,44,44,55,100,77,77,77,77]",2026-01-19,"Local pack, Sitelinks, People also ask, Related searches, Discussions and forums",commercial,Organic
moving company storage,18,18,320,47,6.22,https://www.firstratemovers.com/free-storage-ottawa/,0,0,0.00,0.21,375000000,"[44,54,44,54,54,54,54,81,66,66,54,54]",2026-01-31,"Local pack, People also ask, Related searches, Discussions and forums",commercial,Organic
moving service prices,40,40,260,10,3.44,https://www.firstratemovers.com/local-ottawa-moving-rates/,0,0,0.00,0.76,383000000,"[81,100,54,54,66,54,43,54,54,35,29,22]",2026-01-19,"Sitelinks, People also ask, Related searches, AI overview",informational,Organic
price to move a house,26,26,90,10,1.91,https://www.firstratemovers.com/typical-move-costs-for-2024/,0,0,0.00,0.51,1530000000,"[11,11,11,11,82,82,64,52,82,52,64,52]",2026-01-18,"Sitelinks, Video, People also ask, Related searches, Discussions and forums, AI overview",commercial,Organic
crate movers,49,49,320,34,3.19,https://www.firstratemovers.com/,0,0,0.00,1,4160000,"[54,54,44,54,54,54,54,54,54,81,66,66]",2026-02-01,"Image pack, Sitelinks, People also ask, Popular products, Related searches","informational, transactional",Organic
crate movers,56,56,320,34,3.19,https://www.firstratemovers.com/,0,0,0.00,1,4160000,"[54,54,44,54,54,54,54,54,54,81,66,66]",2026-02-01,"Image pack, Sitelinks, People also ask, Popular products, Related searches","informational, transactional",Organic
same day moving service,1,1,210,20,7.80,https://www.firstratemovers.com/local-ottawa-moving-rates/,0,0,0.00,0.53,1480000000,"[35,29,29,54,43,54,43,29,43,100,29,54]",2026-02-11,"Local pack, Video, People also ask, Related searches",commercial,People also ask
self storage ottawa ontario,34,34,480,46,3.65,https://www.firstratemovers.com/free-storage-ottawa/,0,0,0.00,0.71,1480000,"[81,36,45,13,10,20,13,6,100,13,24,8]",2026-02-04,"Local pack, Image, People also ask, Related searches",commercial,Organic
piano moving toronto,55,55,140,,7.90,https://www.firstratemovers.com/ottawa-piano-movers/,0,0,0.00,0.5,0,"[2,0,2,28,12,23,66,66,28,43,82,100]",2026-03-08,"Local pack, Video, Image, Related searches",commercial,Organic
piano moving toronto,73,73,140,,7.90,https://www.firstratemovers.com/ottawa-piano-movers/,0,0,0.00,0.5,0,"[2,0,2,28,12,23,66,66,28,43,82,100]",2026-03-08,"Local pack, Video, Image, Related searches",commercial,Organic
boxes for moving cheap,39,39,320,41,0.93,https://www.firstratemovers.com/moving-boxes-and-supplies/,0,0,0.00,1,284000000,"[54,54,44,54,54,54,54,54,54,66,66,54]",2026-02-01,"Local pack, Sitelinks, Video, Image, People also ask, Popular products, Related searches, Discussions and forums",commercial,Organic
canada movers association,81,81,210,31,2.61,https://www.firstratemovers.com/,0,0,0.00,0.19,3910000,"[11,14,9,17,21,21,9,39,39,26,32,32]",2026-01-31,"Knowledge panel, Sitelinks, Video, People also ask, Related searches",navigational,Organic
small moving box,49,49,70,36,0.87,https://www.firstratemovers.com/moving-boxes-and-supplies/,0,0,0.00,0.87,1170000000,"[0,0,0,100,23,23,28,5,5,0,5,5]",2026-01-20,"Image pack, Sitelinks, Video, Image, People also ask, Popular products, Related searches",transactional,Organic
piano move,10,10,110,16,3.22,https://www.firstratemovers.com/ottawa-piano-movers/,0,0,0.00,0.99,0,"[18,10,8,18,100,8,18,18,18,22,18,18]",2026-03-09,"Local pack, Image pack, Video, Image, Video Carousel, Related searches",commercial,Organic
ottawa professional movers,38,38,90,48,5.19,https://www.firstratemovers.com/ottawa-packing-services/,0,0,0.00,0.38,622000,"[0,3,1,1,1,3,5,8,8,100,44,11]",2026-02-17,"Local pack, Sitelinks, People also ask, Related searches",commercial,Organic
ottawa professional movers,99,99,90,48,5.19,https://www.firstratemovers.com/local-moving-in-ottawa/,0,0,0.00,0.38,622000,"[0,3,1,1,1,3,5,8,8,100,44,11]",2026-02-17,"Local pack, Sitelinks, People also ask, Related searches",commercial,Organic
moving company in ontario,50,50,90,46,7.22,https://www.firstratemovers.com/,0,0,0.00,0.66,39000000,"[100,100,19,23,19,42,42,19,14,33,9,23]",2026-03-01,"Local pack, Sitelinks, Video, People also ask, Related searches, AI overview",commercial,Organic
moving company in ontario,58,58,90,46,7.22,https://www.firstratemovers.com/long-distance-moving/,0,0,0.00,0.66,39000000,"[100,100,19,23,19,42,42,19,14,33,9,23]",2026-03-01,"Local pack, Sitelinks, Video, People also ask, Related searches, AI overview",commercial,Organic
moving company packing services,16,16,140,24,6.28,https://www.firstratemovers.com/ottawa-packing-services/,0,0,0.00,0.95,67600000,"[18,23,15,23,35,44,28,23,18,23,18,15]",2026-01-23,"Local pack, Video, Ads bottom, People also ask, Related searches, AI overview",commercial,Organic
containers movers,58,58,70,55,4.97,https://www.firstratemovers.com/help-loading-or-unloading-truck-or-container/,0,0,0.00,0.92,21400000,"[28,7,21,28,50,28,35,100,100,64,64,64]",2026-01-18,"Local pack, Video, Video Carousel, People also ask, Related searches",commercial,Organic
moving company quote,15,15,480,36,9.28,https://www.firstratemovers.com/local-ottawa-moving-rates/,0,0,0.00,0.42,397000000,"[54,54,54,66,66,66,66,100,81,100,100,100]",2026-02-13,"Video, People also ask, Related searches, Discussions and forums, AI overview","commercial, informational",Organic
free appliance removal ottawa ontario,72,72,50,9,1.07,https://www.firstratemovers.com/furniture-donation-disposal/,0,0,0.00,0.61,1640000,"[18,18,18,18,100,18,100,18,100,100,100,18]",2026-02-19,"Local pack, Sitelinks, Related searches, Discussions and forums, AI overview",commercial,Organic
truck and movers,16,16,70,27,3.77,https://www.firstratemovers.com/moving-trucks/,0,0,0.00,0.67,32800000,"[26,26,26,34,34,34,7,26,26,53,26,26]",2026-02-24,"Local pack, Video, Image, Ads bottom, People also ask, Related searches",commercial,Organic
truck and movers,54,54,70,27,3.77,https://www.firstratemovers.com/consolidated-moving-services/,0,0,0.00,0.67,32800000,"[26,26,26,34,34,34,7,26,26,53,26,26]",2026-02-24,"Local pack, Video, Image, Ads bottom, People also ask, Related searches",commercial,Organic
truck and movers,65,65,70,27,3.77,https://www.firstratemovers.com/consolidated-moving-services/,0,0,0.00,0.67,32800000,"[26,26,26,34,34,34,7,26,26,53,26,26]",2026-02-24,"Local pack, Video, Image, Ads bottom, People also ask, Related searches",commercial,Organic
storage units kanata ontario,29,29,110,28,3.97,https://www.firstratemovers.com/free-storage-ottawa/,0,0,0.00,0.91,147000,"[52,64,64,64,82,82,82,82,82,64,64,64]",2026-02-11,"Local pack, Image, People also ask, Related searches",commercial,Organic
moving companies north bay,1,1,210,10,1.90,https://www.firstratemovers.com/local-ottawa-moving-rates/,0,0,0.00,0.75,245000000,"[43,53,35,66,53,53,53,66,82,43,43,23]",2026-02-13,"Local pack, People also ask, Related searches",commercial,People also ask
where can i sell second hand furniture,56,56,110,,1.05,https://www.firstratemovers.com/where-can-i-sell-donate-or-dispose-of-my-belongings-in-ottawa/,0,0,0.00,0.55,174000000,"[50,78,78,78,78,100,78,50,78,78,64,64]",2026-01-17,"Local pack, Sitelinks, Video, Image, People also ask, Related searches, Discussions and forums, AI overview",commercial,Organic
where can i sell,31,31,110,54,6.77,https://www.firstratemovers.com/where-can-i-sell-donate-or-dispose-of-my-belongings-in-ottawa/,0,0,0.00,0.11,3680000000,"[78,100,78,78,78,100,78,78,100,100,64,78]",2026-02-20,"Sitelinks, Video, People also ask, Related searches, Discussions and forums, AI overview",commercial,Organic
ontario moving services,39,39,260,59,7.22,https://www.firstratemovers.com/,0,0,0.00,0.66,52300000,"[54,43,54,81,54,22,54,66,43,81,35,22]",2026-03-01,"Local pack, Video, Image, Related searches",commercial,Organic
ontario moving services,67,67,260,59,7.22,https://www.firstratemovers.com/long-distance-moving/,0,0,0.00,0.66,52300000,"[54,43,54,81,54,22,54,66,43,81,35,22]",2026-03-01,"Local pack, Video, Image, Related searches",commercial,Organic
ottawa buy sell,72,72,210,39,1.85,https://www.firstratemovers.com/where-can-i-sell-donate-or-dispose-of-my-belongings-in-ottawa/,0,0,0.00,0.07,90200000,"[53,66,28,66,100,43,53,66,53,43,35,43]",2026-01-23,"Sitelinks, Related searches","navigational, transactional",Organic
moving companies near me local,59,59,480,68,4.89,https://www.firstratemovers.com/,0,0,0.00,0.6,1310000000,"[81,100,10,13,13,20,13,81,20,13,8,6]",2026-02-22,"Local pack, Video, People also ask, Related searches",transactional,Organic
rawlinson moving company,5,5,50,18,2.58,https://www.firstratemovers.com/how-to-choose-a-good-moving-company/,0,0,0.00,0.25,101,"[50,50,50,64,50,50,14,50,50,50,35,14]",2026-03-05,"Knowledge panel, Image, People also ask, Related searches",transactional,People also ask
rawlinson moving company,5,5,50,18,2.58,https://www.firstratemovers.com/,0,0,0.00,0.25,101,"[50,50,50,64,50,50,14,50,50,50,35,14]",2026-03-05,"Knowledge panel, Image, People also ask, Related searches",transactional,People also ask
how to dispose of old furniture,60,60,70,10,1.72,https://www.firstratemovers.com/furniture-donation-disposal/,0,0,0.00,0.71,422000000,"[21,15,15,21,21,34,34,6,34,6,6,34]",2026-01-24,"Sitelinks, Video, Image, Ads bottom, Video Carousel, People also ask, Related searches, Discussions and forums, Ads middle, AI overview",informational,Organic
moving company orleans,26,26,50,16,4.55,https://www.firstratemovers.com/,0,0,0.00,0.75,57700000,"[7,14,14,7,7,14,35,78,100,78,64,64]",2026-02-16,"Local pack, People also ask, Related searches",commercial,Organic
ottawa moving companies,34,34,880,39,6.95,https://www.firstratemovers.com/local-ottawa-moving-rates/,0,0,0.00,0.86,38100000,"[5,10,8,10,35,16,24,16,13,13,13,16]",2026-02-03,"Local pack, Sitelinks, Video, People also ask, Related searches, Discussions and forums",commercial,Organic
piano mover cost,29,29,390,6,1.82,https://www.firstratemovers.com/ottawa-piano-movers/,0,0,0.00,0.18,6920000,"[16,20,67,55,55,20,10,10,13,100,16,20]",2026-01-27,"Image pack, Sitelinks, Video, Ads bottom, People also ask, Related searches, AI overview",informational,Organic
moving company costs,9,9,70,14,3.33,https://www.firstratemovers.com/local-ottawa-moving-rates/,0,0,0.00,0.54,525000000,"[9,19,19,23,33,23,23,42,33,52,52,52]",2026-02-14,"Sitelinks, Video, People also ask, Related searches, Discussions and forums, AI overview",informational,Organic
moving company costs,11,11,70,14,3.33,https://www.firstratemovers.com/local-ottawa-moving-rates/,0,0,0.00,0.54,525000000,"[9,19,19,23,33,23,23,42,33,52,52,52]",2026-02-14,"Sitelinks, Video, People also ask, Related searches, Discussions and forums, AI overview",informational,Organic
moving company costs,80,80,70,14,3.33,https://www.firstratemovers.com/typical-move-costs-for-2024/,0,0,0.00,0.54,525000000,"[9,19,19,23,33,23,23,42,33,52,52,52]",2026-02-14,"Sitelinks, Video, People also ask, Related searches, Discussions and forums, AI overview",informational,Organic
affordable moving companies,32,32,170,33,7.21,https://www.firstratemovers.com/,0,0,0.00,0.69,181000000,"[11,16,7,8,7,7,7,5,7,7,7,7]",2026-02-03,"Local pack, Sitelinks, Video, Image, People also ask, Related searches, Discussions and forums",commercial,Organic
pack and move boxes,40,40,170,32,1.41,https://www.firstratemovers.com/moving-boxes-and-supplies/,0,0,0.00,0.63,1320000000,"[26,34,42,100,53,53,80,80,65,100,65,34]",2026-02-27,"Local pack, Image pack, Sitelinks, Video, Image, Ads top, Video Carousel, People also ask, Popular products, Related searches, Ads middle",commercial,Organic
pack and move boxes,57,57,170,32,1.41,https://www.firstratemovers.com/moving-boxes-and-supplies/,0,0,0.00,0.63,1320000000,"[26,34,42,100,53,53,80,80,65,100,65,34]",2026-02-27,"Local pack, Image pack, Sitelinks, Video, Image, Ads top, Video Carousel, People also ask, Popular products, Related searches, Ads middle",commercial,Organic
move ottawa,21,21,320,41,6.95,https://www.firstratemovers.com/,0,0,0.00,0.86,135000000,"[25,31,11,7,5,13,46,8,31,13,8,5]",2026-02-13,"Knowledge panel, Sitelinks, Video, Related searches","navigational, transactional",Organic
move ottawa,75,75,320,41,6.95,https://www.firstratemovers.com/local-ottawa-moving-rates/,0,0,0.00,0.86,135000000,"[25,31,11,7,5,13,46,8,31,13,8,5]",2026-02-13,"Knowledge panel, Sitelinks, Video, Related searches","navigational, transactional",Organic
movers st. thomas ontario,4,4,170,,2.89,https://www.firstratemovers.com/local-ottawa-moving-rates/,0,0,0.00,0.74,307000,"[23,28,53,82,100,28,23,35,35,35,35,28]",2026-02-10,"Local pack, Sitelinks, Image, People also ask, Related searches",commercial,People also ask
big box moving,89,89,390,42,2.51,https://www.firstratemovers.com/moving-boxes-and-supplies/,0,0,0.00,0.34,1520000000,"[24,30,24,30,30,30,30,30,30,36,36,30]",2026-02-05,"Knowledge panel, Sitelinks, Video, Video Carousel, Popular products, Related searches",commercial,Organic
moving toronto to ottawa,6,6,50,4,8.53,https://www.firstratemovers.com/moving-to-ottawa-from-toronto/,0,0,0.00,0.4,0,"[0,0,0,100,4,2,14,2,2,4,4,4]",2026-03-08,"Sitelinks, Video, Related searches, Discussions and forums, AI overview",informational,Organic
moving toronto to ottawa,22,22,50,4,8.53,https://www.firstratemovers.com/,0,0,0.00,0.4,0,"[0,0,0,100,4,2,14,2,2,4,4,4]",2026-03-08,"Sitelinks, Video, Related searches, Discussions and forums, AI overview",informational,Organic
moving toronto to ottawa,41,41,50,4,8.53,https://www.firstratemovers.com/,0,0,0.00,0.4,0,"[0,0,0,100,4,2,14,2,2,4,4,4]",2026-03-08,"Sitelinks, Video, Related searches, Discussions and forums, AI overview",informational,Organic
how much does it cost to hire movers,45,45,170,13,1.88,https://www.firstratemovers.com/local-ottawa-moving-rates/,0,0,0.00,0.82,1700000000,"[5,6,5,5,5,6,8,30,30,24,8,8]",2026-02-18,"Sitelinks, Video, People also ask, Related searches, Discussions and forums, AI overview",informational,Organic
moving boxes for sale,35,35,480,44,1.07,https://www.firstratemovers.com/moving-boxes-and-supplies/,0,0,0.00,1,168000000,"[54,66,66,81,81,54,81,100,81,81,81,66]",2026-02-23,"Local pack, Sitelinks, Video, Image, People also ask, Popular products, Related searches",transactional,Organic
two men and a truck rates,16,16,90,21,2.14,https://www.firstratemovers.com/local-ottawa-moving-rates/,0,0,0.00,0.57,66100000,"[17,17,17,28,23,28,28,35,28,23,7,17]",2026-01-22,"Sitelinks, Video, Ads bottom, People also ask, Related searches, AI overview",informational,Organic
how much is moving service,16,16,320,20,2.53,https://www.firstratemovers.com/local-ottawa-moving-rates/,0,0,0.00,0.83,1490000000,"[100,54,44,23,66,54,44,29,23,29,23,15]",2026-01-30,"Sitelinks, Video, People also ask, Related searches, AI overview",informational,Organic
how much is moving service,89,89,320,20,2.53,https://www.firstratemovers.com/typical-move-costs-for-2024/,0,0,0.00,0.83,1490000000,"[100,54,44,23,66,54,44,29,23,29,23,15]",2026-01-30,"Sitelinks, Video, People also ask, Related searches, AI overview",informational,Organic
small movers near me,12,12,170,56,2.99,https://www.firstratemovers.com/,0,0,0.00,0.89,56700000,"[65,65,53,80,42,65,65,80,100,80,53,65]",2026-02-27,"Local pack, Video, People also ask, Related searches",transactional,Organic
moving co reviews,68,68,50,14,2.67,https://www.firstratemovers.com/how-to-choose-a-good-moving-company/,0,0,0.00,0.57,1050000000,"[63,63,63,81,63,81,18,45,63,45,63,18]",2026-01-28,"Local pack, Sitelinks, Video, People also ask, Related searches, Discussions and forums",commercial,Organic
moving companies in timmins ontario,2,2,210,10,1.94,https://www.firstratemovers.com/local-ottawa-moving-rates/,0,0,0.00,0.33,317000,"[53,100,80,100,80,80,80,100,100,53,80,53]",2026-03-03,"Local pack, Video, People also ask, Related searches",commercial,People also ask
moving companies in timmins ontario,2,2,210,10,1.94,https://www.firstratemovers.com/local-ottawa-moving-rates/,0,0,0.00,0.33,317000,"[53,100,80,100,80,80,80,100,100,53,80,53]",2026-03-03,"Local pack, Video, People also ask, Related searches",commercial,People also ask
where do you get boxes for moving,34,34,320,36,0.89,https://www.firstratemovers.com/moving-boxes-and-supplies/,0,0,0.00,1,441000000,"[44,44,36,44,44,44,44,44,44,54,36,36]",2026-02-03,"Local pack, Sitelinks, Video, Image, Video Carousel, People also ask, Popular products, Related searches, Discussions and forums, AI overview",transactional,Organic
how to move a tv,11,11,50,31,1.47,https://www.firstratemovers.com/how-to-safely-move-your-big-screen-tv/,0,0,0.00,0.52,2580000000,"[100,78,14,78,14,14,14,14,78,14,14,14]",2026-02-24,"Sitelinks, Video, People also ask, Related searches, Discussions and forums, AI overview",informational,Organic
moving packers,19,19,70,37,8.13,https://www.firstratemovers.com/ottawa-packing-services/,0,0,0.00,0.92,25600000,"[23,41,11,29,52,64,100,23,23,17,17,17]",2026-02-26,"Local pack, Video, People also ask, Related searches",commercial,Organic
moving company cost per hour,1,1,90,9,2.46,https://www.firstratemovers.com/local-ottawa-moving-rates/,0,0,0.00,0.76,433000000,"[35,64,64,78,50,64,64,35,50,100,50,50]",2026-01-13,"Sitelinks, Video, People also ask, Related searches, AI overview",informational,AI overview
moving companies mississauga,2,2,720,21,11.16,https://www.firstratemovers.com/local-ottawa-moving-rates/,0,0,0.00,0.86,15400000,"[81,62,30,100,30,55,16,30,30,24,30,45]",2026-02-09,"Local pack, Sitelinks, Image, People also ask, Related searches",commercial,People also ask
moving companies cobourg,2,2,110,5,3.97,https://www.firstratemovers.com/local-ottawa-moving-rates/,0,0,0.00,0.64,142000,"[21,15,28,65,100,43,28,28,21,21,21,21]",2026-03-05,"Local pack, Image, People also ask, Related searches",commercial,People also ask
movers in hamilton ontario,2,2,260,34,10.76,https://www.firstratemovers.com/local-ottawa-moving-rates/,0,0,0.00,0.86,1130000,"[100,100,100,65,65,100,81,53,53,65,43,43]",2026-02-27,"Local pack, Video, Image, People also ask, Related searches",commercial,People also ask
movers collingwood ontario,1,1,140,21,4.77,https://www.firstratemovers.com/local-ottawa-moving-rates/,0,0,0.00,0.73,172000,"[66,66,52,66,66,80,66,52,52,52,42,52]",2026-02-15,"Local pack, Video, Image, People also ask, Related searches",commercial,People also ask
best movers ottawa,15,15,260,29,4.10,https://www.firstratemovers.com/,0,0,0.00,0.59,2070000,"[21,26,5,5,39,14,39,26,26,39,32,32]",2026-01-19,"Knowledge panel, Sitelinks, Related searches",commercial,Organic
best movers ottawa,38,38,260,29,4.10,https://www.firstratemovers.com/local-ottawa-moving-rates/,0,0,0.00,0.59,2070000,"[21,26,5,5,39,14,39,26,26,39,32,32]",2026-01-19,"Knowledge panel, Sitelinks, Related searches",commercial,Organic
best movers ottawa,92,92,260,29,4.10,https://www.firstratemovers.com/how-to-choose-a-good-moving-company/,0,0,0.00,0.59,2070000,"[21,26,5,5,39,14,39,26,26,39,32,32]",2026-01-19,"Knowledge panel, Sitelinks, Related searches",commercial,Organic
quote for movers,23,23,90,46,9.28,https://www.firstratemovers.com/moving-quotes/,0,0,0.00,0.42,24300000,"[7,100,12,5,2,12,12,10,66,5,5,5]",2026-01-19,"Video, Ads bottom, People also ask, Related searches, Discussions and forums, Ads middle, AI overview",commercial,Organic
diligent movers,1,1,140,34,3.60,https://www.firstratemovers.com/local-ottawa-moving-rates/,0,0,0.00,0.19,1980000,"[7,5,7,11,8,8,5,7,7,7,7,11]",2026-03-04,"Knowledge panel, Sitelinks, Video, People also ask, Related searches",navigational,People also ask
moving costs,24,24,480,19,3.33,https://www.firstratemovers.com/typical-move-costs-for-2024/,0,0,0.00,0.54,759000000,"[66,100,81,36,36,100,81,100,81,29,81,36]",2026-01-16,"Sitelinks, Video, Ads bottom, People also ask, Related searches, Ads middle, AI overview",informational,Organic
cheap moving services near me,9,9,320,77,5.69,https://www.firstratemovers.com/local-ottawa-moving-rates/,0,0,0.00,0.9,127000000,"[54,35,54,81,66,44,28,23,35,81,54,28]",2026-02-04,"Local pack, Sitelinks, Video, People also ask, Related searches, Discussions and forums",transactional,Organic
emergency movers,82,82,90,9,5.44,https://www.firstratemovers.com/,0,0,0.00,0.89,18000000,"[15,28,15,28,6,6,9,15,12,34,81,81]",2026-02-21,"Local pack, Video, People also ask, Related searches",informational,Organic
piano mover price,12,12,320,6,1.82,https://www.firstratemovers.com/ottawa-piano-movers/,0,0,0.00,0.18,15800000,"[35,66,100,54,54,28,35,23,66,66,81,66]",2026-02-26,"Sitelinks, Video, People also ask, Popular products, Related searches, AI overview",commercial,Organic
container unloading,61,61,70,13,3.60,https://www.firstratemovers.com/help-loading-or-unloading-truck-or-container/,0,0,0.00,0.07,26000000,"[9,9,2,12,12,15,12,12,9,6,9,15]",2026-01-15,"Local pack, Image pack, Video, Video Carousel, People also ask, Related searches, AI overview",commercial,Organic
moving rates,12,12,260,14,3.44,https://www.firstratemovers.com/local-ottawa-moving-rates/,0,0,0.00,0.76,900000000,"[54,100,36,44,54,36,29,36,29,29,23,15]",2026-01-17,"Sitelinks, Video, People also ask, Related searches, AI overview","commercial, informational",Organic
local movers,32,32,1600,23,5.44,https://www.firstratemovers.com/local-moving-in-ottawa/,0,0,0.00,0.15,2410000000,"[29,13,29,22,13,20,36,100,29,43,54,65]",2026-02-12,"Local pack, Video, Ads bottom, People also ask, Related searches, AI overview",informational,Organic
moving company kanata,53,53,90,16,6.26,https://www.firstratemovers.com/,0,0,0.00,0.78,1150000,"[9,14,33,42,19,42,23,66,52,100,66,52]",2026-01-19,"Local pack, Image, People also ask, Related searches",commercial,Organic
moving into storage,51,51,320,10,7.04,https://www.firstratemovers.com/free-storage-ottawa/,0,0,0.00,0.31,751000000,"[19,23,36,54,67,54,100,15,29,23,10,19]",2026-02-05,"Sitelinks, Video, People also ask, Related searches, Discussions and forums, AI overview",informational,Organic
mover cost,73,73,110,21,3.33,https://www.firstratemovers.com/typical-move-costs-for-2024/,0,0,0.00,0.54,76400000,"[100,12,12,17,82,10,7,12,17,17,10,17]",2026-01-23,"Sitelinks, Video, Popular products, Related searches, AI overview",commercial,Organic
mover cost,81,81,110,21,3.33,https://www.firstratemovers.com/typical-move-costs-for-2024/,0,0,0.00,0.54,76400000,"[100,12,12,17,82,10,7,12,17,17,10,17]",2026-01-23,"Sitelinks, Video, Popular products, Related searches, AI overview",commercial,Organic
where can i sell used furniture,24,24,90,31,1.05,https://www.firstratemovers.com/where-can-i-sell-donate-or-dispose-of-my-belongings-in-ottawa/,0,0,0.00,0.55,322000000,"[33,52,33,52,42,66,42,33,52,42,42,42]",2026-03-01,"Local pack, Sitelinks, Video, People also ask, Related searches, Discussions and forums",commercial,Organic
where can i sell used furniture,39,39,90,31,1.05,https://www.firstratemovers.com/where-can-i-sell-donate-or-dispose-of-my-belongings-in-ottawa/,0,0,0.00,0.55,322000000,"[33,52,33,52,42,66,42,33,52,42,42,42]",2026-03-01,"Local pack, Sitelinks, Video, People also ask, Related searches, Discussions and forums",commercial,Organic
buy removals boxes,52,52,90,38,0.00,https://www.firstratemovers.com/moving-boxes-and-supplies/,0,0,0.00,0,0,"[0,0,0,0,0,66,66,100,0,0,0,0]",2026-03-09,"Local pack, Sitelinks, Video, Image, Popular products, Related searches",transactional,Organic
ottawa moving company,53,53,720,45,6.95,https://www.firstratemovers.com/ottawa-packing-services/,0,0,0.00,0.86,75000000,"[16,20,81,100,36,30,45,55,45,55,55,45]",2026-02-11,"Local pack, Sitelinks, Video, Image, People also ask, Related searches",commercial,Organic
ottawa moving company,86,86,720,45,6.95,https://www.firstratemovers.com/local-ottawa-moving-rates/,0,0,0.00,0.86,75000000,"[16,20,81,100,36,30,45,55,45,55,55,45]",2026-02-11,"Local pack, Sitelinks, Video, Image, People also ask, Related searches",commercial,Organic
sofa pickup donation,55,55,50,23,1.53,https://www.firstratemovers.com/furniture-donation-disposal/,0,0,0.00,0.63,1380000,"[21,17,0,5,0,0,3,9,0,0,0,0]",2026-02-14,"Local pack, Ads top, Related searches, AI overview",commercial,Organic
packing and moving services,11,11,260,38,6.28,https://www.firstratemovers.com/ottawa-packing-services/,0,0,0.00,0.95,99100000,"[19,15,12,23,23,29,23,44,54,36,44,36]",2026-01-20,"Local pack, People also ask, Related searches, AI overview",commercial,Organic
home removals near me,44,44,110,22,4.62,https://www.firstratemovers.com/,0,0,0.00,0.48,22200000,"[52,41,41,100,64,82,82,41,41,100,52,64]",2026-03-03,"Local pack, Sitelinks, Video, People also ask, Related searches",transactional,Organic
home removals near me,71,71,110,22,4.62,https://www.firstratemovers.com/,0,0,0.00,0.48,22200000,"[52,41,41,100,64,82,82,41,41,100,52,64]",2026-03-03,"Local pack, Sitelinks, Video, People also ask, Related searches",transactional,Organic
storage lockers orleans,74,74,90,33,3.03,https://www.firstratemovers.com/free-storage-ottawa/,0,0,0.00,0.69,4440000,"[42,33,33,52,66,52,52,33,42,42,52,42]",2026-02-22,"Local pack, Video, Image, People also ask, Related searches",commercial,Organic
cheap movers,22,22,390,20,4.58,https://www.firstratemovers.com/,0,0,0.00,0.93,30200000,"[15,44,81,81,44,66,44,54,66,66,81,66]",2026-02-18,"Local pack, Sitelinks, Video, People also ask, Related searches, Discussions and forums, AI overview",commercial,Organic
moving box packages,82,82,320,26,1.41,https://www.firstratemovers.com/moving-boxes-and-supplies/,0,0,0.00,0.63,146000000,"[66,66,54,66,66,66,66,66,66,81,81,43]",2026-02-09,"Local pack, Sitelinks, Video, Image, Popular products, Related searches, AI overview",commercial,Organic
piano moving rates,24,24,260,5,1.82,https://www.firstratemovers.com/ottawa-piano-movers/,0,0,0.00,0.18,18300000,"[23,54,81,100,29,23,29,23,29,19,44,9]",2026-02-26,"Image pack, Sitelinks, Video, People also ask, Related searches, AI overview",informational,Organic
low cost moving truck,56,56,50,50,2.10,https://www.firstratemovers.com/local-ottawa-moving-rates/,0,0,0.00,0.53,75600000,"[18,100,100,100,18,100,18,18,18,18,18,18]",2026-01-29,"Sitelinks, Video, Ads bottom, People also ask, Related searches, AI overview","commercial, informational",Organic
movers price,1,1,390,8,3.33,https://www.firstratemovers.com/local-ottawa-moving-rates/,0,0,0.00,0.54,215,"[36,54,44,54,66,81,66,100,54,54,36,36]",2026-03-04,"Sitelinks, Video, People also ask, Related searches, AI overview",informational,People also ask
packaging services near me,21,21,110,42,2.00,https://www.firstratemovers.com/ottawa-packing-services/,0,0,0.00,0.57,498000000,"[36,15,54,19,2,1,1,10,7,7,7,2]",2026-01-29,"Local pack, Sitelinks, Image, Ads bottom, People also ask, Related searches",transactional,Organic
best local movers near me,14,14,110,46,6.50,https://www.firstratemovers.com/,0,0,0.00,0.97,0,"[100,65,42,19,11,7,19,19,34,42,53,53]",2026-03-09,"Knowledge panel, Video, Related searches, Discussions and forums, AI overview",transactional,Organic
best place to get moving supplies,35,35,320,32,0.00,https://www.firstratemovers.com/moving-boxes-and-supplies/,0,0,0.00,0.33,263000000,"[36,36,29,36,36,36,36,36,36,36,36,29]",2026-02-28,"Local pack, Sitelinks, Video, Image, Video Carousel, People also ask, Related searches, Discussions and forums, AI overview",commercial,Organic
moving company in ottawa,58,58,480,50,6.95,https://www.firstratemovers.com/ottawa-packing-services/,0,0,0.00,0.86,16500000,"[20,62,1,1,1,10,1,13,20,100,81,6]",2026-01-26,"Local pack, Sitelinks, Image, People also ask, Related searches",commercial,Organic
piano movers newmarket ontario,70,70,70,5,3.26,https://www.firstratemovers.com/ottawa-piano-movers/,0,0,0.00,0.11,227000,"[7,7,42,42,42,7,7,7,7,100,34,26]",2026-01-26,"Local pack, Video, Image, People also ask, Related searches",commercial,Organic
movers and moving services,19,19,390,68,6.74,https://www.firstratemovers.com/,0,0,0.00,0.33,40700000,"[81,100,5,8,8,24,6,6,62,4,1,3]",2026-01-18,"Local pack, People also ask, Related searches",commercial,Organic
furniture donation pick up ottawa,19,19,70,23,1.44,https://www.firstratemovers.com/furniture-donation-disposal/,0,0,0.00,0.76,1060000,"[11,23,41,17,29,41,41,52,41,52,41,52]",2026-01-31,"Local pack, Video, Ads bottom, People also ask, Related searches",commercial,Organic
full service moving companies,13,13,170,41,6.65,https://www.firstratemovers.com/,0,0,0.00,0.15,391000000,"[17,28,17,35,28,35,100,35,28,53,66,66]",2026-03-05,"Local pack, Sitelinks, Video, People also ask, Related searches, AI overview",commercial,Organic
ottawa moving logistics,64,64,210,35,3.16,https://www.firstratemovers.com/,0,0,0.00,0.22,0,"[35,29,35,35,35,35,43,43,54,54,35,35]",2026-03-08,"Knowledge panel, Sitelinks, Video, Image, Related searches, Discussions and forums",navigational,Organic
average moving company cost,9,9,90,14,2.10,https://www.firstratemovers.com/local-ottawa-moving-rates/,0,0,0.00,0.71,534000000,"[63,100,81,81,81,81,100,81,81,81,45,45]",2026-02-04,"Sitelinks, Video, People also ask, Related searches",informational,Organic
compare moving companies,25,25,320,28,5.00,https://www.firstratemovers.com/compare-us/,0,0,0.00,0.84,511000000,"[20,24,20,24,24,24,24,24,24,45,30,24]",2026-02-17,"Video, People also ask, Related searches, Discussions and forums, AI overview",informational,Organic
orleans movers,7,7,170,21,4.55,https://www.firstratemovers.com/orleans-movers/,0,0,0.00,0.75,4310000,"[6,12,12,12,19,15,15,36,36,44,29,36]",2026-02-22,"Knowledge panel, Video, Image, People also ask, Related searches, AI overview",commercial,Organic
orleans movers,30,30,170,21,4.55,https://www.firstratemovers.com/,0,0,0.00,0.75,4310000,"[6,12,12,12,19,15,15,36,36,44,29,36]",2026-02-22,"Knowledge panel, Video, Image, People also ask, Related searches, AI overview",commercial,Organic
orleans movers,85,85,170,21,4.55,https://www.firstratemovers.com/local-moving-in-ottawa/,0,0,0.00,0.75,4310000,"[6,12,12,12,19,15,15,36,36,44,29,36]",2026-02-22,"Knowledge panel, Video, Image, People also ask, Related searches, AI overview",commercial,Organic
companies that move,39,39,110,49,6.16,https://www.firstratemovers.com/,0,0,0.00,0.14,1910000000,"[6,6,6,34,6,6,6,65,21,81,100,81]",2026-01-18,"People also ask, Related searches, AI overview",commercial,Organic
companies that move,41,41,110,49,6.16,https://www.firstratemovers.com/,0,0,0.00,0.14,1910000000,"[6,6,6,34,6,6,6,65,21,81,100,81]",2026-01-18,"People also ask, Related searches, AI overview",commercial,Organic
ottawa storage containers,33,33,50,28,5.98,https://www.firstratemovers.com/our-storage/,0,0,0.00,1,1540000,"[22,22,22,22,22,100,22,100,77,100,100,100]",2026-02-16,"Local pack, Sitelinks, Popular products, Related searches",commercial,Organic
used furniture ottawa canada,50,50,390,25,0.37,https://www.firstratemovers.com/where-can-i-sell-donate-or-dispose-of-my-belongings-in-ottawa/,0,0,0.00,0.59,6000000,"[66,81,54,81,66,44,44,44,81,100,54,54]",2026-02-02,"Local pack, Sitelinks, Video, Image, Popular products, Related searches",commercial,Organic
where can i get packing boxes for moving,77,77,50,,0.90,https://www.firstratemovers.com/moving-boxes-and-supplies/,0,0,0.00,0.96,30100000,"[18,18,18,18,100,18,100,100,100,18,18,18]",2026-01-18,"Local pack, Sitelinks, Video, Image, People also ask, Popular products, Related searches, Discussions and forums",transactional,Organic
movers packers,27,27,70,22,8.13,https://www.firstratemovers.com/ottawa-packing-services/,0,0,0.00,0.92,12300000,"[19,23,23,52,33,33,33,42,33,23,23,19]",2026-01-22,"Local pack, Video, Image, Ads bottom, People also ask, Related searches, AI overview",commercial,Organic
appliance move,52,52,110,14,2.39,https://www.firstratemovers.com/preparing-appliances/,0,0,0.00,0.98,122000000,"[23,29,17,23,29,52,100,100,100,82,100,82]",2026-01-26,"Sitelinks, Video, Image, Video Carousel, People also ask, Related searches, AI overview",informational,Organic
one go movers,2,2,70,23,3.89,https://www.firstratemovers.com/local-ottawa-moving-rates/,0,0,0.00,0.72,123000000,"[0,1,1,1,1,0,1,1,2,0,1,0]",2026-02-20,"Video, Image, People also ask, Related searches",informational,People also ask
moving cost calculator ontario,18,18,70,12,2.00,https://www.firstratemovers.com/local-ottawa-moving-rates/,0,0,0.00,0.83,15500000,"[23,23,41,41,41,29,82,52,52,52,41,29]",2026-03-08,"Video, Related searches, AI overview",informational,Organic
full service movers,18,18,320,62,6.65,https://www.firstratemovers.com/,0,0,0.00,0.15,138000000,"[10,10,10,10,10,16,100,20,24,20,24,24]",2026-01-13,"Local pack, Sitelinks, Video, Ads bottom, People also ask, Related searches",commercial,Organic
2 men and a truck cambridge,1,1,170,30,1.97,https://www.firstratemovers.com/local-ottawa-moving-rates/,0,0,0.00,0.21,5630000,"[10,14,43,54,43,43,35,29,43,22,18,29]",2026-02-11,"Knowledge panel, Sitelinks, Video, People also ask, Related searches",navigational,People also ask
furniture pick up,69,69,210,26,3.00,https://www.firstratemovers.com/furniture-donation-disposal/,0,0,0.00,0.89,508000000,"[53,65,43,28,43,53,65,100,100,81,65,65]",2026-01-26,"Local pack, Video, Ads bottom, People also ask, Related searches, See results about",commercial,Organic
donate furniture with free pick-up ottawa,18,18,140,21,0.00,https://www.firstratemovers.com/furniture-donation-disposal/,0,0,0.00,0,832000,"[29,64,82,82,100,100,64,100,100,100,82,41]",2026-02-24,"Local pack, Sitelinks, Video, People also ask, Related searches",commercial,Organic
donate furniture with free pick-up ottawa,84,84,140,21,0.00,https://www.firstratemovers.com/where-can-i-sell-donate-or-dispose-of-my-belongings-in-ottawa/,0,0,0.00,0,832000,"[29,64,82,82,100,100,64,100,100,100,82,41]",2026-02-24,"Local pack, Sitelinks, Video, People also ask, Related searches",commercial,Organic
moving companies that move long distance,62,62,70,30,9.22,https://www.firstratemovers.com/long-distance-moving/,0,0,0.00,0.18,426000000,"[18,23,0,1,18,6,8,6,5,15,35,8]",2026-01-20,"Local pack, Sitelinks, People also ask, Related searches, AI overview",commercial,Organic
movers and storage companies near me,58,58,170,41,6.26,https://www.firstratemovers.com/free-storage-ottawa/,0,0,0.00,0.73,32300000,"[44,81,54,28,18,15,18,11,11,23,8,8]",2026-02-23,"Local pack, Video, People also ask, Related searches, AI overview",transactional,Organic
storage move,18,18,480,24,7.04,https://www.firstratemovers.com/free-storage-ottawa/,0,0,0.00,0.31,975000000,"[0,0,4,8,24,100,0,16,10,54,20,16]",2026-03-02,"Local pack, Video, People also ask, Related searches, AI overview",commercial,Organic
cost of moving boxes,21,21,320,24,0.67,https://www.firstratemovers.com/moving-boxes-and-supplies/,0,0,0.00,0.98,235000000,"[66,66,66,66,66,66,66,66,66,100,81,66]",2026-02-05,"Sitelinks, Video, Image, Ads bottom, People also ask, Related searches, Discussions and forums, Ads middle, AI overview",commercial,Organic
movers box,30,30,110,22,0.83,https://www.firstratemovers.com/moving-boxes-and-supplies/,0,0,0.00,1,0,"[19,26,3,26,34,53,34,100,100,80,42,26]",2026-03-09,"Local pack, Image pack, Sitelinks, Video, Image, Ads bottom, Video Carousel, Popular products, Related searches",commercial,Organic
emdonmoving,2,2,110,14,3.78,https://www.firstratemovers.com/local-ottawa-moving-rates/,0,0,0.00,0.14,328,"[17,17,17,23,17,23,53,100,28,23,23,2]",2026-03-03,"People also ask, Related searches","commercial, informational",People also ask
where to donate couches,76,76,210,38,1.01,https://www.firstratemovers.com/furniture-donation-disposal/,0,0,0.00,0.54,5960000,"[65,80,65,80,65,100,53,65,80,80,65,80]",2026-01-24,"Local pack, Video, People also ask, Related searches",commercial,Organic
furniture bank toronto ontario,86,86,720,38,1.15,https://www.firstratemovers.com/furniture-donation-disposal/,0,0,0.00,0.21,3230000,"[76,76,45,45,24,55,30,45,100,45,55,55]",2026-02-15,"Knowledge panel, Sitelinks, Video, Ads top, People also ask, Related searches",navigational,Organic
refrigerator movers,42,42,70,23,2.75,https://www.firstratemovers.com/preparing-appliances/,0,0,0.00,0.96,6260000,"[2,2,2,2,2,2,2,5,4,100,2,0]",2026-02-21,"Local pack, Sitelinks, Video, Video Carousel, People also ask, Popular products, Related searches",transactional,Organic
moving company local,12,12,70,55,5.78,https://www.firstratemovers.com/,0,0,0.00,0.21,0,"[11,1,1,6,8,8,23,15,11,15,15,28]",2026-03-08,"Knowledge panel, Video, Related searches, AI overview",commercial,Organic
moving company local,84,84,70,55,5.78,https://www.firstratemovers.com/local-ottawa-moving-rates/,0,0,0.00,0.21,0,"[11,1,1,6,8,8,23,15,11,15,15,28]",2026-03-08,"Knowledge panel, Video, Related searches, AI overview",commercial,Organic
how much do piano movers cost,16,16,110,3,1.41,https://www.firstratemovers.com/ottawa-piano-movers/,0,0,0.00,0.6,84300000,"[41,64,64,64,100,64,64,41,52,100,64,64]",2026-03-03,"Image pack, Sitelinks, Video, Ads bottom, People also ask, Related searches, AI overview",informational,Organic
how much do piano movers cost,27,27,110,3,1.41,https://www.firstratemovers.com/ottawa-piano-movers/,0,0,0.00,0.6,84300000,"[41,64,64,64,100,64,64,41,52,100,64,64]",2026-03-03,"Image pack, Sitelinks, Video, Ads bottom, People also ask, Related searches, AI overview",informational,Organic
how much do piano movers cost,47,47,110,3,1.41,https://www.firstratemovers.com/ottawa-piano-movers/,0,0,0.00,0.6,84300000,"[41,64,64,64,100,64,64,41,52,100,64,64]",2026-03-03,"Image pack, Sitelinks, Video, Ads bottom, People also ask, Related searches, AI overview",informational,Organic
where can i sell used stuff,44,44,70,44,1.39,https://www.firstratemovers.com/where-can-i-sell-donate-or-dispose-of-my-belongings-in-ottawa/,0,0,0.00,0.36,147,"[64,50,50,50,50,64,50,50,50,50,35,35]",2026-03-11,"Local pack, Sitelinks, Video, Related searches, Discussions and forums, AI overview",commercial,Organic
top rated moving companies,10,10,110,31,7.44,https://www.firstratemovers.com/,0,0,0.00,0.74,849000000,"[28,35,23,23,35,35,35,35,17,23,23,17]",2026-03-03,"Local pack, Sitelinks, People also ask, Related searches, Discussions and forums, AI overview",commercial,Organic
top rated moving companies,28,28,110,31,7.44,https://www.firstratemovers.com/,0,0,0.00,0.74,849000000,"[28,35,23,23,35,35,35,35,17,23,23,17]",2026-03-03,"Local pack, Sitelinks, People also ask, Related searches, Discussions and forums, AI overview",commercial,Organic
small moving companies ottawa,38,38,90,38,2.45,https://www.firstratemovers.com/local-ottawa-moving-rates/,0,0,0.00,0.92,9220000,"[50,64,64,64,64,64,64,78,100,100,64,64]",2026-03-03,"Local pack, Sitelinks, People also ask, Related searches",commercial,Organic
small moving companies ottawa,41,41,90,38,2.45,https://www.firstratemovers.com/local-ottawa-moving-rates/,0,0,0.00,0.92,9220000,"[50,64,64,64,64,64,64,78,100,100,64,64]",2026-03-03,"Local pack, Sitelinks, People also ask, Related searches",commercial,Organic
small moving companies ottawa,73,73,90,38,2.45,https://www.firstratemovers.com/ottawa-packing-services/,0,0,0.00,0.92,9220000,"[50,64,64,64,64,64,64,78,100,100,64,64]",2026-03-03,"Local pack, Sitelinks, People also ask, Related searches",commercial,Organic
long distance move,31,31,480,32,9.22,https://www.firstratemovers.com/long-distance-moving/,0,0,0.00,0.18,973000000,"[54,66,81,81,81,81,54,100,100,100,81,100]",2026-01-26,"Local pack, Sitelinks, Video, Ads bottom, People also ask, Related searches, Discussions and forums, AI overview",commercial,Organic
small moving companies,17,17,110,47,4.06,https://www.firstratemovers.com/,0,0,0.00,0.83,648000000,"[29,41,64,64,52,29,52,82,82,82,82,100]",2026-03-04,"Local pack, People also ask, Related searches",commercial,Organic
good moving companies,20,20,390,53,5.79,https://www.firstratemovers.com/,0,0,0.00,0.57,1030000000,"[30,36,16,13,45,36,30,24,36,30,36,16]",2026-02-10,"Local pack, Sitelinks, Video, People also ask, Related searches, Discussions and forums, AI overview",commercial,Organic
good moving companies,93,93,390,53,5.79,https://www.firstratemovers.com/how-to-choose-a-good-moving-company/,0,0,0.00,0.57,1030000000,"[30,36,16,13,45,36,30,24,36,30,36,16]",2026-02-10,"Local pack, Sitelinks, Video, People also ask, Related searches, Discussions and forums, AI overview",commercial,Organic
moving companies in vaughan ontario,4,4,1000,21,11.12,https://www.firstratemovers.com/typical-move-costs-for-2024/,0,0,0.00,0.67,6850000,"[46,52,100,68,100,46,52,52,46,68,37,25]",2026-02-09,"Local pack, Sitelinks, People also ask, Related searches",commercial,People also ask
long distance moving services near me,19,19,50,35,10.96,https://www.firstratemovers.com/long-distance-moving/,0,0,0.00,0.5,567000000,"[2,0,0,0,0,0,2,2,1,10,16,3]",2026-02-21,"Local pack, People also ask, Related searches",transactional,Organic
long distance moving services near me,22,22,50,35,10.96,https://www.firstratemovers.com/long-distance-moving/,0,0,0.00,0.5,567000000,"[2,0,0,0,0,0,2,2,1,10,16,3]",2026-02-21,"Local pack, People also ask, Related searches",transactional,Organic
long distance moving services near me,48,48,50,35,10.96,https://www.firstratemovers.com/long-distance-moving/,0,0,0.00,0.5,567000000,"[2,0,0,0,0,0,2,2,1,10,16,3]",2026-02-21,"Local pack, People also ask, Related searches",transactional,Organic
inexpensive long distance moving,31,31,170,17,4.65,https://www.firstratemovers.com/long-distance-moving/,0,0,0.00,0.14,11100000,"[34,53,100,65,53,100,53,65,53,100,34,26]",2026-03-05,"Sitelinks, Video, People also ask, Related searches, AI overview",commercial,Organic
moving companies in ontario,46,46,90,17,7.22,https://www.firstratemovers.com/,0,0,0.00,0.66,44800000,"[19,23,33,52,66,66,23,42,33,52,52,66]",2026-02-28,"Local pack, Sitelinks, Video, People also ask, Related searches",commercial,Organic
average rate for movers,1,1,140,15,2.10,https://www.firstratemovers.com/local-ottawa-moving-rates/,0,0,0.00,0.71,31600000,"[7,7,53,53,53,65,65,53,53,65,42,53]",2026-02-17,"Sitelinks, Video, People also ask, Related searches, Discussions and forums, AI overview","commercial, informational",People also ask
average rate for movers,9,9,140,15,2.10,https://www.firstratemovers.com/local-ottawa-moving-rates/,0,0,0.00,0.71,31600000,"[7,7,53,53,53,65,65,53,53,65,42,53]",2026-02-17,"Sitelinks, Video, People also ask, Related searches, Discussions and forums, AI overview","commercial, informational",Organic
average rate for movers,39,39,140,15,2.10,https://www.firstratemovers.com/typical-move-costs-for-2024/,0,0,0.00,0.71,31600000,"[7,7,53,53,53,65,65,53,53,65,42,53]",2026-02-17,"Sitelinks, Video, People also ask, Related searches, Discussions and forums, AI overview","commercial, informational",Organic
average rate for movers,42,42,140,15,2.10,https://www.firstratemovers.com/typical-move-costs-for-2024/,0,0,0.00,0.71,31600000,"[7,7,53,53,53,65,65,53,53,65,42,53]",2026-02-17,"Sitelinks, Video, People also ask, Related searches, Discussions and forums, AI overview","commercial, informational",Organic
move companies,32,32,170,59,6.74,https://www.firstratemovers.com/,0,0,0.00,0.33,1850000000,"[23,15,6,6,15,9,54,44,23,23,44,36]",2026-01-22,"Local pack, People also ask, Related searches",commercial,Organic
ottawa moving truck rental,30,30,90,32,0.73,https://www.firstratemovers.com/,0,0,0.00,0.67,2460000,"[0,41,23,29,82,52,82,64,100,82,5,5]",2026-02-27,"Local pack, Related searches",commercial,Organic
movers local movers,32,32,590,62,5.44,https://www.firstratemovers.com/,0,0,0.00,0.15,61300000,"[0,0,100,68,68,46,52,0,0,0,1,3]",2026-01-11,"Local pack, People also ask, Related searches",commercial,Organic
moving companies movers,47,47,70,34,7.03,https://www.firstratemovers.com/,0,0,0.00,0.49,0,"[66,9,19,23,23,19,42,33,23,33,33,42]",2026-03-08,"Local pack, Video, Related searches",commercial,Organic
moving companies windsor ontario,2,2,70,26,4.46,https://www.firstratemovers.com/local-ottawa-moving-rates/,0,0,0.00,0.74,36000000,"[42,26,15,53,11,7,19,15,7,65,65,15]",2026-03-04,"Local pack, Sitelinks, Video, People also ask, Related searches",commercial,People also ask
moving companies windsor ontario,2,2,70,26,4.46,https://www.firstratemovers.com/local-ottawa-moving-rates/,0,0,0.00,0.74,36000000,"[42,26,15,53,11,7,19,15,7,65,65,15]",2026-03-04,"Local pack, Sitelinks, Video, People also ask, Related searches",commercial,People also ask
moving costs ontario,96,96,390,13,2.28,https://www.firstratemovers.com/local-ottawa-moving-rates/,0,0,0.00,0.22,23100000,"[54,54,54,66,66,66,54,66,66,100,81,66]",2026-02-01,"Sitelinks, Video, People also ask, Related searches, AI overview",informational,Organic
moving company whitby,2,2,90,23,9.02,https://www.firstratemovers.com/local-ottawa-moving-rates/,0,0,0.00,0.6,3320000,"[78,78,35,50,35,50,35,50,64,64,100,64]",2026-02-28,"Local pack, Image, People also ask, Related searches",commercial,People also ask
cheap movers winnipeg,1,1,210,23,1.91,https://www.firstratemovers.com/local-ottawa-moving-rates/,0,0,0.00,0.88,1440000,"[28,28,35,43,53,35,28,66,66,53,43,100]",2026-02-28,"Local pack, Sitelinks, People also ask, Related searches",commercial,People also ask
moving companies niagara region,4,4,110,36,5.48,https://www.firstratemovers.com/local-ottawa-moving-rates/,0,0,0.00,0.89,1130000,"[15,23,12,15,19,12,12,9,9,19,9,12]",2026-02-10,"Local pack, People also ask, Related searches",commercial,People also ask
classic movers,71,71,90,25,2.55,https://www.firstratemovers.com/,0,0,0.00,0.33,35100000,"[19,26,26,42,53,53,42,53,42,34,42,26]",2026-01-26,"Local pack, Sitelinks, Video, People also ask, Related searches","commercial, navigational",Organic
moving companies cobourg ontario,2,2,110,6,3.97,https://www.firstratemovers.com/local-ottawa-moving-rates/,0,0,0.00,0.64,110000,"[21,15,34,81,100,43,28,28,21,28,21,21]",2026-03-05,"Local pack, Image, People also ask, Related searches",commercial,People also ask
mover furniture,57,57,50,20,4.04,https://www.firstratemovers.com/,0,0,0.00,0.55,50300000,"[55,55,77,77,44,44,55,77,55,77,44,100]",2026-01-19,"Local pack, Sitelinks, Video, People also ask, Popular products, Related searches",commercial,Organic
ottawa storage locker,39,39,70,37,3.65,https://www.firstratemovers.com/free-storage-ottawa/,0,0,0.00,0.71,849000,"[78,100,21,28,28,100,100,64,50,21,7,14]",2026-01-25,"Local pack, Sitelinks, Image, Ads bottom, Related searches",commercial,Organic
ottawa storage locker,80,80,70,37,3.65,https://www.firstratemovers.com/our-storage/,0,0,0.00,0.71,849000,"[78,100,21,28,28,100,100,64,50,21,7,14]",2026-01-25,"Local pack, Sitelinks, Image, Ads bottom, Related searches",commercial,Organic
ontario movers,15,15,170,32,7.22,https://www.firstratemovers.com/,0,0,0.00,0.66,8240000,"[15,6,12,15,12,12,65,81,81,81,100,100]",2026-01-26,"Local pack, Sitelinks, Video, Image, People also ask, Related searches, AI overview",commercial,Organic
ontario movers,59,59,170,32,7.22,https://www.firstratemovers.com/long-distance-moving/,0,0,0.00,0.66,8240000,"[15,6,12,15,12,12,65,81,81,81,100,100]",2026-01-26,"Local pack, Sitelinks, Video, Image, People also ask, Related searches, AI overview",commercial,Organic
lifter furniture,54,54,110,13,0.73,https://www.firstratemovers.com/professional-hoisting/,0,0,0.00,1,133000000,"[80,100,80,100,80,80,66,0,0,0,0,0]",2026-01-12,"Sitelinks, Video, Image, Video Carousel, People also ask, Popular products, Related searches","informational, transactional",Organic
movers services near me,56,56,1300,64,5.98,https://www.firstratemovers.com/,0,0,0.00,0.68,84000000,"[0,0,1,1,0,3,1,100,5,0,0,0]",2026-02-25,"Local pack, Video, Ads bottom, People also ask, Related searches",transactional,Organic
movers services near me,73,73,1300,64,5.98,https://www.firstratemovers.com/,0,0,0.00,0.68,84000000,"[0,0,1,1,0,3,1,100,5,0,0,0]",2026-02-25,"Local pack, Video, Ads bottom, People also ask, Related searches",transactional,Organic
movers services near me,86,86,1300,64,5.98,https://www.firstratemovers.com/,0,0,0.00,0.68,84000000,"[0,0,1,1,0,3,1,100,5,0,0,0]",2026-02-25,"Local pack, Video, Ads bottom, People also ask, Related searches",transactional,Organic
professional movers ottawa reviews,16,16,110,14,2.06,https://www.firstratemovers.com/how-to-choose-a-good-moving-company/,0,0,0.00,0.4,574000,"[5,5,28,28,17,35,53,23,28,43,35,23]",2026-02-17,"Knowledge panel, Sitelinks, People also ask, Related searches, Discussions and forums",commercial,Organic
where to boxes for moving,47,47,720,49,0.89,https://www.firstratemovers.com/moving-boxes-and-supplies/,0,0,0.00,1,278000000,"[0,0,62,81,100,55,81,100,81,0,0,8]",2026-02-09,"Local pack, Sitelinks, Video, Image, People also ask, Popular products, Related searches",commercial,Organic
movers mississauga expert moving company,93,93,110,13,0.00,https://www.firstratemovers.com/,0,0,0.00,0.07,139000,"[100,65,34,21,65,53,6,15,15,9,15,15]",2026-01-20,"Local pack, Video, Image, Related searches",commercial,Organic
okotoks moving companies,7,7,210,9,6.54,https://www.firstratemovers.com/local-ottawa-moving-rates/,0,0,0.00,1,174000,"[15,11,54,81,54,11,35,28,23,81,35,28]",2026-02-28,"Local pack, Image, People also ask, Related searches",commercial,People also ask
moving house price,11,11,70,18,1.91,https://www.firstratemovers.com/typical-move-costs-for-2024/,0,0,0.00,0.51,818000000,"[11,0,0,100,82,82,0,0,82,64,64,23]",2026-01-26,"Sitelinks, Video, Featured snippet, Ads bottom, People also ask, Related searches, Ads middle",informational,Organic
home packing services,45,45,140,21,2.65,https://www.firstratemovers.com/ottawa-packing-services/,0,0,0.00,0.59,292000000,"[7,7,7,42,42,42,42,80,80,65,100,100]",2026-01-26,"Local pack, Video, Ads bottom, People also ask, Related searches, AI overview",commercial,Organic
best moving companies ottawa,43,43,390,44,4.10,https://www.firstratemovers.com/local-ottawa-moving-rates/,0,0,0.00,0.59,34000000,"[44,54,29,54,44,54,44,54,54,54,36,54]",2026-01-19,"Local pack, Sitelinks, People also ask, Related searches, Discussions and forums",commercial,Organic
where can i buy boxes for moving,56,56,320,38,0.62,https://www.firstratemovers.com/moving-boxes-and-supplies/,0,0,0.00,1,158000000,"[24,24,20,24,24,24,24,24,30,36,20,24]",2026-02-18,"Local pack, Sitelinks, Video, Image, Ads bottom, People also ask, Popular products, Related searches, Discussions and forums",transactional,Organic
moving and packing companies,15,15,140,42,5.27,https://www.firstratemovers.com/ottawa-packing-services/,0,0,0.00,0.94,59500000,"[66,100,100,100,100,52,66,42,52,52,42,23]",2026-01-19,"Local pack, Video, People also ask, Related searches",commercial,Organic
moving company burlington,1,1,140,26,10.41,https://www.firstratemovers.com/typical-move-costs-for-2024/,0,0,0.00,0.81,19400000,"[19,19,19,34,42,53,34,80,100,80,100,80]",2026-02-14,"Local pack, Image, People also ask, Related searches",commercial,People also ask
moving company burlington,1,1,140,26,10.41,https://www.firstratemovers.com/local-ottawa-moving-rates/,0,0,0.00,0.81,19400000,"[19,19,19,34,42,53,34,80,100,80,100,80]",2026-02-14,"Local pack, Image, People also ask, Related searches",commercial,People also ask
how much do movers cost ontario,8,8,90,14,2.28,https://www.firstratemovers.com/local-ottawa-moving-rates/,0,0,0.00,0.81,5340000,"[41,52,64,64,64,41,23,41,41,64,52,29]",2026-03-01,"Sitelinks, Video, People also ask, Related searches, AI overview",informational,Organic
how much do movers cost ontario,13,13,90,14,2.28,https://www.firstratemovers.com/local-ottawa-moving-rates/,0,0,0.00,0.81,5340000,"[41,52,64,64,64,41,23,41,41,64,52,29]",2026-03-01,"Sitelinks, Video, People also ask, Related searches, AI overview",informational,Organic
moving in boxes,52,52,1300,36,0.84,https://www.firstratemovers.com/moving-boxes-and-supplies/,0,0,0.00,1,1480000000,"[54,41,54,54,79,41,79,100,79,0,0,0]",2026-01-17,"Sitelinks, Video, Image, Video Carousel, People also ask, Popular products, Related searches",transactional,Organic
moving company in pickering,1,1,140,25,8.14,https://www.firstratemovers.com/local-ottawa-moving-rates/,0,0,0.00,0.6,3200000,"[4,14,42,52,100,52,66,80,100,80,100,52]",2026-02-15,"Local pack, Image, People also ask, Related searches",commercial,People also ask
trust moving company,16,16,110,18,4.19,https://www.firstratemovers.com/kanata/,0,0,0.00,0.13,455000000,"[7,7,7,7,42,7,7,80,80,80,53,100]",2026-01-18,"Knowledge panel, Video, People also ask, Related searches, AI overview",commercial,Organic
where to purchase cheap moving boxes,44,44,110,35,0.87,https://www.firstratemovers.com/moving-boxes-and-supplies/,0,0,0.00,0.94,175000000,"[33,33,42,66,66,52,80,66,66,100,19,33]",2026-01-27,"Local pack, Sitelinks, Video, Image, People also ask, Popular products, Related searches, Discussions and forums",transactional,Organic
ottawa bbb,90,90,140,30,2.08,https://www.firstratemovers.com/ottawa-packing-services/,0,0,0.00,0.06,4140000,"[4,5,5,26,21,5,21,14,21,14,14,11]",2026-02-02,"Sitelinks, Video, People also ask, Related searches",navigational,Organic
appliance movers,53,53,390,14,2.81,https://www.firstratemovers.com/preparing-appliances/,0,0,0.00,0.86,9150000,"[44,54,36,44,54,81,100,54,66,44,44,36]",2026-01-17,"Local pack, Sitelinks, Video, People also ask, Popular products, Related searches, AI overview","commercial, informational",Organic
low cost moving services,10,10,170,29,7.21,https://www.firstratemovers.com/local-ottawa-moving-rates/,0,0,0.00,0.69,0,"[43,43,43,54,43,35,29,14,22,35,29,29]",2026-03-06,"Local pack, Sitelinks, Video, Related searches",commercial,Organic
low cost moving services,64,64,170,29,7.21,https://www.firstratemovers.com/,0,0,0.00,0.69,0,"[43,43,43,54,43,35,29,14,22,35,29,29]",2026-03-06,"Local pack, Sitelinks, Video, Related searches",commercial,Organic
low cost moving services,83,83,170,29,7.21,https://www.firstratemovers.com/,0,0,0.00,0.69,0,"[43,43,43,54,43,35,29,14,22,35,29,29]",2026-03-06,"Local pack, Sitelinks, Video, Related searches",commercial,Organic
movers local,58,58,90,21,5.44,https://www.firstratemovers.com/,0,0,0.00,0.15,55500000,"[5,100,1,1,1,2,2,5,2,2,4,4]",2026-02-27,"Local pack, Sitelinks, Video, People also ask, Related searches",commercial,Organic
moving company cost,23,23,480,16,3.33,https://www.firstratemovers.com/local-ottawa-moving-rates/,0,0,0.00,0.54,765000000,"[81,67,67,54,29,15,67,23,100,54,36,36]",2026-02-15,"Sitelinks, Video, People also ask, Related searches, AI overview",informational,Organic
moving companies local,39,39,70,58,5.44,https://www.firstratemovers.com/,0,0,0.00,0.15,1100000000,"[8,0,0,0,0,3,1,6,6,6,8,10]",2026-01-30,"Local pack, Video, Image, People also ask, Related searches, See results about",commercial,Organic
moving companies local,44,44,70,58,5.44,https://www.firstratemovers.com/,0,0,0.00,0.15,1100000000,"[8,0,0,0,0,3,1,6,6,6,8,10]",2026-01-30,"Local pack, Video, Image, People also ask, Related searches, See results about",commercial,Organic
moving companies local,95,95,70,58,5.44,https://www.firstratemovers.com/local-moving-in-ottawa/,0,0,0.00,0.15,1100000000,"[8,0,0,0,0,3,1,6,6,6,8,10]",2026-01-30,"Local pack, Video, Image, People also ask, Related searches, See results about",commercial,Organic
average moving costs,13,13,170,12,2.10,https://www.firstratemovers.com/typical-move-costs-for-2024/,0,0,0.00,0.71,284000000,"[100,100,8,8,14,22,22,22,22,22,14,18]",2026-02-18,"Sitelinks, Video, People also ask, Related searches, Discussions and forums, AI overview","commercial, informational",Organic
moving company packers,14,14,110,21,7.62,https://www.firstratemovers.com/ottawa-packing-services/,0,0,0.00,0.84,0,"[0,8,2,29,18,0,29,22,35,29,35,43]",2026-03-10,"Local pack, Video, Related searches",commercial,Organic
how much do movers cost,83,83,590,17,2.19,https://www.firstratemovers.com/typical-move-costs-for-2024/,0,0,0.00,0.76,3880000000,"[54,54,67,81,100,81,54,67,67,67,54,44]",2026-01-27,"Sitelinks, Video, People also ask, Related searches, AI overview",informational,Organic
moving services toronto,3,3,1300,66,10.60,https://www.firstratemovers.com/typical-move-costs-for-2024/,0,0,0.00,0.93,241000000,"[8,11,30,44,100,24,13,65,55,30,44,30]",2026-02-08,"Local pack, Sitelinks, Video, People also ask, Related searches",commercial,People also ask
moving quotes toronto,74,74,70,48,12.24,https://www.firstratemovers.com/,0,0,0.00,0.98,14500000,"[9,9,9,9,9,9,9,52,52,52,42,100]",2026-02-16,"Local pack, Sitelinks, Ads bottom, Related searches, Discussions and forums, AI overview",commercial,Organic
moving quotes toronto,80,80,70,48,12.24,https://www.firstratemovers.com/,0,0,0.00,0.98,14500000,"[9,9,9,9,9,9,9,52,52,52,42,100]",2026-02-16,"Local pack, Sitelinks, Ads bottom, Related searches, Discussions and forums, AI overview",commercial,Organic
moving ottawa,47,47,320,35,6.95,https://www.firstratemovers.com/local-ottawa-moving-rates/,0,0,0.00,0.86,133000000,"[81,54,12,15,100,19,36,29,81,29,19,29]",2026-01-31,"Local pack, Sitelinks, Video, Image, People also ask, Related searches",commercial,Organic
moving ottawa,52,52,320,35,6.95,https://www.firstratemovers.com/local-ottawa-moving-rates/,0,0,0.00,0.86,133000000,"[81,54,12,15,100,19,36,29,81,29,19,29]",2026-01-31,"Local pack, Sitelinks, Video, Image, People also ask, Related searches",commercial,Organic
moving ottawa,94,94,320,35,6.95,https://www.firstratemovers.com/ottawa-packing-services/,0,0,0.00,0.86,133000000,"[81,54,12,15,100,19,36,29,81,29,19,29]",2026-01-31,"Local pack, Sitelinks, Video, Image, People also ask, Related searches",commercial,Organic
furniture mover,1,1,110,28,4.04,https://www.firstratemovers.com/local-ottawa-moving-rates/,0,0,0.00,0.55,44300000,"[9,9,7,11,5,9,7,14,11,21,21,14]",2026-02-27,"Image pack, Sitelinks, Video, Image, Video Carousel, People also ask, Popular products, Related searches",commercial,People also ask
packing services near me,28,28,210,23,2.85,https://www.firstratemovers.com/ottawa-packing-services/,0,0,0.00,0.95,295000000,"[67,81,36,36,10,10,12,10,7,10,7,10]",2026-01-27,"Local pack, Sitelinks, Video, People also ask, Related searches",transactional,Organic
quote for moving,48,48,110,18,0.61,https://www.firstratemovers.com/moving-quotes/,0,0,0.00,0.31,566000000,"[54,54,1,1,1,0,1,4,5,5,4,5]",2026-01-24,"Video, People also ask, Related searches, Discussions and forums, AI overview",informational,Organic
where to buy cheap moving boxes,38,38,320,44,0.87,https://www.firstratemovers.com/moving-boxes-and-supplies/,0,0,0.00,0.94,95300000,"[66,66,54,81,43,54,66,66,66,81,43,43]",2026-02-22,"Local pack, Sitelinks, Video, Image, People also ask, Popular products, Related searches",transactional,Organic
home movers near me,1,1,110,32,4.62,https://www.firstratemovers.com/typical-move-costs-for-2024/,0,0,0.00,0.48,95100000,"[23,17,17,35,28,28,35,17,28,35,23,28]",2026-02-15,"Local pack, Ads bottom, People also ask, Related searches",transactional,People also ask
moving companies quotes,19,19,320,36,9.28,https://www.firstratemovers.com/local-ottawa-moving-rates/,0,0,0.00,0.42,447000000,"[35,54,44,66,54,54,54,54,54,81,66,66]",2026-02-06,"Video, People also ask, Related searches, AI overview",commercial,Organic
moving companies quotes,76,76,320,36,9.28,https://www.firstratemovers.com/moving-quotes/,0,0,0.00,0.42,447000000,"[35,54,44,66,54,54,54,54,54,81,66,66]",2026-02-06,"Video, People also ask, Related searches, AI overview",commercial,Organic
moving companies quotes,79,79,320,36,9.28,https://www.firstratemovers.com/moving-quotes/,0,0,0.00,0.42,447000000,"[35,54,44,66,54,54,54,54,54,81,66,66]",2026-02-06,"Video, People also ask, Related searches, AI overview",commercial,Organic
moving companies ottawa ontario,39,39,70,45,6.95,https://www.firstratemovers.com/local-ottawa-moving-rates/,0,0,0.00,0.86,6630000,"[0,100,0,0,19,7,26,26,53,80,26,15]",2026-01-18,"Local pack, Sitelinks, People also ask, Related searches",commercial,Organic
donate furniture ottawa,15,15,90,21,1.53,https://www.firstratemovers.com/where-can-i-sell-donate-or-dispose-of-my-belongings-in-ottawa/,0,0,0.00,0.69,1600000,"[15,42,26,26,34,34,34,65,42,42,34,53]",2026-02-13,"Local pack, Sitelinks, Video, Related searches",commercial,Organic
donate furniture ottawa,39,39,90,21,1.53,https://www.firstratemovers.com/where-can-i-sell-donate-or-dispose-of-my-belongings-in-ottawa/,0,0,0.00,0.69,1600000,"[15,42,26,26,34,34,34,65,42,42,34,53]",2026-02-13,"Local pack, Sitelinks, Video, Related searches",commercial,Organic
donate furniture ottawa,40,40,90,21,1.53,https://www.firstratemovers.com/where-can-i-sell-donate-or-dispose-of-my-belongings-in-ottawa/,0,0,0.00,0.69,1600000,"[15,42,26,26,34,34,34,65,42,42,34,53]",2026-02-13,"Local pack, Sitelinks, Video, Related searches",commercial,Organic
new age moving,52,52,70,10,0.00,https://www.firstratemovers.com/faq/,0,0,0.00,0,1260000000,"[33,33,33,33,33,33,42,33,33,42,42,42]",2026-01-24,"Sitelinks, Video, People also ask, Related searches","commercial, informational",Organic
low cost long distance moving,68,68,140,25,4.65,https://www.firstratemovers.com/long-distance-moving/,0,0,0.00,0.14,550000000,"[7,23,12,66,100,28,35,23,23,82,12,10]",2026-01-25,"Sitelinks, Video, People also ask, Related searches, AI overview",commercial,Organic
low cost long distance moving,77,77,140,25,4.65,https://www.firstratemovers.com/long-distance-moving/,0,0,0.00,0.14,550000000,"[7,23,12,66,100,28,35,23,23,82,12,10]",2026-01-25,"Sitelinks, Video, People also ask, Related searches, AI overview",commercial,Organic
where can you get boxes,53,53,170,34,0.81,https://www.firstratemovers.com/moving-boxes-and-supplies/,0,0,0.00,1,1040000000,"[66,66,66,80,100,66,66,66,66,80,66,66]",2026-01-27,"Local pack, Sitelinks, Video, Image, Ads bottom, People also ask, Popular products, Related searches, Discussions and forums, AI overview",transactional,Organic
where can you get boxes,59,59,170,34,0.81,https://www.firstratemovers.com/moving-boxes-and-supplies/,0,0,0.00,1,1040000000,"[66,66,66,80,100,66,66,66,66,80,66,66]",2026-01-27,"Local pack, Sitelinks, Video, Image, Ads bottom, People also ask, Popular products, Related searches, Discussions and forums, AI overview",transactional,Organic
storage in ottawa,17,17,170,38,3.65,https://www.firstratemovers.com/free-storage-ottawa/,0,0,0.00,0.71,72100000,"[8,6,11,35,28,81,18,81,23,15,28,18]",2026-01-26,"Local pack, Sitelinks, Image, Ads bottom, People also ask, Related searches",commercial,Organic
mover companies,38,38,720,61,6.74,https://www.firstratemovers.com/,0,0,0.00,0.33,60100000,"[0,0,0,0,0,0,1,65,7,16,13,100]",2026-01-14,"Local pack, People also ask, Related searches",commercial,Organic
packing company near me,63,63,110,40,2.16,https://www.firstratemovers.com/ottawa-packing-services/,0,0,0.00,0.82,420000000,"[23,23,18,28,11,11,15,18,15,23,23,11]",2026-01-19,"Local pack, Image, People also ask, Related searches",transactional,Organic
storage units barrhaven,39,39,70,23,5.69,https://www.firstratemovers.com/barrhaven/,0,0,0.00,0.76,115000,"[7,7,7,42,42,42,19,42,65,11,15,11]",2026-03-03,"Local pack, Sitelinks, Image, People also ask, Related searches",transactional,Organic
storage units barrhaven,72,72,70,23,5.69,https://www.firstratemovers.com/free-storage-ottawa/,0,0,0.00,0.76,115000,"[7,7,7,42,42,42,19,42,65,11,15,11]",2026-03-03,"Local pack, Sitelinks, Image, People also ask, Related searches",transactional,Organic
cheap moving companies near me,14,14,320,62,5.69,https://www.firstratemovers.com/local-ottawa-moving-rates/,0,0,0.00,0.9,264000000,"[29,23,44,54,44,36,23,29,36,54,36,23]",2026-02-02,"Local pack, Video, People also ask, Related searches, Discussions and forums",transactional,Organic
cheap moving companies near me,25,25,320,62,5.69,https://www.firstratemovers.com/local-ottawa-moving-rates/,0,0,0.00,0.9,264000000,"[29,23,44,54,44,36,23,29,36,54,36,23]",2026-02-02,"Local pack, Video, People also ask, Related searches, Discussions and forums",transactional,Organic
cheap moving companies near me,76,76,320,62,5.69,https://www.firstratemovers.com/,0,0,0.00,0.9,264000000,"[29,23,44,54,44,36,23,29,36,54,36,23]",2026-02-02,"Local pack, Video, People also ask, Related searches, Discussions and forums",transactional,Organic
ottawa movers,75,75,1600,47,6.95,https://www.firstratemovers.com/ottawa-packing-services/,0,0,0.00,0.86,2450000,"[10,10,13,24,66,35,24,35,35,35,44,35]",2026-01-28,"Local pack, Sitelinks, Video, Image, People also ask, Related searches",commercial,Organic
full service moving company,7,7,90,62,6.65,https://www.firstratemovers.com/,0,0,0.00,0.15,1410000000,"[14,23,19,23,33,33,33,80,100,66,66,80]",2026-01-17,"Local pack, Video, People also ask, Related searches, AI overview",commercial,Organic
northumberland movers cobourg,2,2,110,15,3.97,https://www.firstratemovers.com/local-ottawa-moving-rates/,0,0,0.00,0.64,61400,"[26,19,34,80,100,53,34,34,26,26,26,26]",2026-03-05,"Knowledge panel, Video, People also ask, Related searches","navigational, transactional",People also ask
relocation company,95,95,90,24,4.55,https://www.firstratemovers.com/,0,0,0.00,0.16,0,"[1,1,2,2,3,2,7,7,4,4,1,2]",2026-03-08,"Local pack, Video, Related searches, See results about, AI overview",informational,Organic
how much would it cost to move,27,27,210,17,2.19,https://www.firstratemovers.com/typical-move-costs-for-2024/,0,0,0.00,0.76,1500000000,"[11,11,11,15,11,15,18,54,81,100,54,54]",2026-03-05,"Sitelinks, Video, People also ask, Related searches, Discussions and forums, AI overview",informational,Organic
pick up furniture donations,63,63,70,28,1.53,https://www.firstratemovers.com/furniture-donation-disposal/,0,0,0.00,0.63,22700000,"[19,15,6,5,6,6,5,5,9,5,6,6]",2026-02-21,"Local pack, Video, People also ask, Related searches, Discussions and forums",commercial,Organic
storage unit ottawa,37,37,210,36,3.65,https://www.firstratemovers.com/free-storage-ottawa/,0,0,0.00,0.71,8130000,"[9,14,14,21,100,14,21,17,17,17,26,14]",2026-02-05,"Local pack, Sitelinks, Image, Ads bottom, People also ask, Related searches",commercial,Organic
moving companies in sault ste marie ontario,5,5,90,14,1.68,https://www.firstratemovers.com/local-ottawa-moving-rates/,0,0,0.00,0.57,119,"[64,64,64,50,35,78,78,100,78,64,50,64]",2026-03-05,"Local pack, People also ask, Related searches",commercial,People also ask
best moving services toronto,88,88,390,63,8.95,https://www.firstratemovers.com/,0,0,0.00,0.63,55700000,"[54,100,36,66,81,66,36,44,36,66,44,66]",2026-02-08,"Local pack, Sitelinks, Video, People also ask, Related searches, Discussions and forums, AI overview",commercial,Organic
recommended long distance movers,60,60,260,29,9.18,https://www.firstratemovers.com/long-distance-moving/,0,0,0.00,0.04,21600000,"[18,28,54,44,35,28,35,23,23,100,54,44]",2026-02-19,"Local pack, Sitelinks, People also ask, Related searches, Discussions and forums, AI overview",commercial,Organic
moving companies kanata,50,50,210,11,6.26,https://www.firstratemovers.com/,0,0,0.00,0.78,373000,"[43,43,65,65,43,43,81,81,100,100,43,34]",2026-01-23,"Local pack, People also ask, Related searches",commercial,Organic
moving company reviews,13,13,70,14,2.67,https://www.firstratemovers.com/reviews/,0,0,0.00,0.57,1280000000,"[50,50,50,64,50,64,14,50,64,35,50,28]",2026-01-27,"Local pack, Sitelinks, Video, Ads bottom, People also ask, Related searches, Discussions and forums",commercial,Organic
moving services prices,65,65,50,9,3.44,https://www.firstratemovers.com/typical-move-costs-for-2024/,0,0,0.00,0.76,399000000,"[36,45,63,36,27,100,27,36,36,18,45,63]",2026-02-16,"Sitelinks, Video, Ads bottom, People also ask, Related searches, AI overview",transactional,Organic
get moving company,73,73,390,59,4.28,https://www.firstratemovers.com/,0,0,0.00,0.86,1510000000,"[36,62,62,100,1,1,1,1,1,1,1,1]",2026-01-21,"Local pack, Video, People also ask, Related searches",transactional,Organic
get moving company,89,89,390,59,4.28,https://www.firstratemovers.com/barrhaven/,0,0,0.00,0.86,1510000000,"[36,62,62,100,1,1,1,1,1,1,1,1]",2026-01-21,"Local pack, Video, People also ask, Related searches",transactional,Organic
get moving company,93,93,390,59,4.28,https://www.firstratemovers.com/barrhaven/,0,0,0.00,0.86,1510000000,"[36,62,62,100,1,1,1,1,1,1,1,1]",2026-01-21,"Local pack, Video, People also ask, Related searches",transactional,Organic
long distance moving service,63,63,210,20,9.22,https://www.firstratemovers.com/long-distance-moving/,0,0,0.00,0.18,418000000,"[81,100,9,15,12,15,21,100,100,100,65,100]",2026-01-15,"Video, Ads bottom, People also ask, Related searches, Ads middle, AI overview","commercial, informational",Organic
find boxes for moving,33,33,320,40,0.94,https://www.firstratemovers.com/moving-boxes-and-supplies/,0,0,0.00,0.96,174000000,"[7,36,29,36,36,36,36,36,36,44,36,23]",2026-02-19,"Local pack, Sitelinks, Video, Image, Video Carousel, People also ask, Popular products, Related searches, AI overview",transactional,Organic
find boxes for moving,45,45,320,40,0.94,https://www.firstratemovers.com/moving-boxes-and-supplies/,0,0,0.00,0.96,174000000,"[7,36,29,36,36,36,36,36,36,44,36,23]",2026-02-19,"Local pack, Sitelinks, Video, Image, Video Carousel, People also ask, Popular products, Related searches, AI overview",transactional,Organic
find boxes for moving,59,59,320,40,0.94,https://www.firstratemovers.com/moving-boxes-and-supplies/,0,0,0.00,0.96,174000000,"[7,36,29,36,36,36,36,36,36,44,36,23]",2026-02-19,"Local pack, Sitelinks, Video, Image, Video Carousel, People also ask, Popular products, Related searches, AI overview",transactional,Organic
good movers company,20,20,320,17,5.79,https://www.firstratemovers.com/,0,0,0.00,0.57,61000000,"[30,36,30,36,24,24,13,24,36,20,8,10]",2026-02-15,"Local pack, Sitelinks, People also ask, Related searches, Discussions and forums",commercial,Organic
local move,24,24,50,28,5.44,https://www.firstratemovers.com/what-is-a-local-move/,0,0,0.00,0.15,2480000000,"[0,2,0,0,5,3,2,5,4,4,6,8]",2026-02-21,"Local pack, Video, People also ask, Related searches",commercial,Organic
moving truck and movers,16,16,50,66,4.49,https://www.firstratemovers.com/moving-trucks/,0,0,0.00,0.79,14200000,"[15,26,26,26,26,26,7,15,15,11,11,15]",2026-03-03,"Local pack, Image, People also ask, Related searches",commercial,Organic
movers ontario canada,83,83,320,53,7.22,https://www.firstratemovers.com/,0,0,0.00,0.66,1250000000,"[44,44,44,81,100,44,35,23,35,100,28,28]",2026-01-18,"Local pack, Image, Related searches",commercial,Organic
inexpensive moving company,89,89,320,39,4.58,https://www.firstratemovers.com/,0,0,0.00,0.93,70700000,"[44,100,54,81,29,44,19,29,23,54,44,29]",2026-01-22,"Local pack, Sitelinks, Video, People also ask, Related searches",commercial,Organic
inexpensive moving company,99,99,320,39,4.58,https://www.firstratemovers.com/local-ottawa-moving-rates/,0,0,0.00,0.93,70700000,"[44,100,54,81,29,44,19,29,23,54,44,29]",2026-01-22,"Local pack, Sitelinks, Video, People also ask, Related searches",commercial,Organic
ottawa furniture donation,16,16,90,21,1.53,https://www.firstratemovers.com/furniture-donation-disposal/,0,0,0.00,0.69,1430000,"[19,19,33,42,23,33,23,80,42,66,66,52]",2026-01-20,"Local pack, Sitelinks, Video, Image, People also ask, Related searches",commercial,Organic
ottawa furniture donation,74,74,90,21,1.53,https://www.firstratemovers.com/where-can-i-sell-donate-or-dispose-of-my-belongings-in-ottawa/,0,0,0.00,0.69,1430000,"[19,19,33,42,23,33,23,80,42,66,66,52]",2026-01-20,"Local pack, Sitelinks, Video, Image, People also ask, Related searches",commercial,Organic
ottawa storage units,32,32,260,32,3.65,https://www.firstratemovers.com/free-storage-ottawa/,0,0,0.00,0.71,9590000,"[10,12,15,44,81,36,23,29,23,19,36,15]",2026-02-17,"Local pack, Video, Image, Ads bottom, People also ask, Related searches",commercial,Organic
cost of a move,40,40,70,23,3.33,https://www.firstratemovers.com/typical-move-costs-for-2024/,0,0,0.00,0.54,2680000000,"[100,80,23,33,19,19,19,33,33,33,19,19]",2026-01-31,"Sitelinks, Video, People also ask, Related searches, AI overview","commercial, informational",Organic
m o v e r s,27,27,110,,6.49,https://www.firstratemovers.com/,0,0,0.00,0.4,341000000,"[100,26,0,0,0,0,0,0,0,0,0,0]",2026-01-13,"Local pack, Image, Video Carousel, People also ask, Related searches",commercial,Organic
company moving company,89,89,70,32,7.03,https://www.firstratemovers.com/kanata/,0,0,0.00,0.49,0,"[43,0,0,12,3,0,100,9,28,28,34,6]",2026-03-08,"Knowledge panel, Video, Related searches, AI overview",informational,Organic
moving estimate,28,28,140,19,6.87,https://www.firstratemovers.com/detailed-moving-estimates/,0,0,0.00,0.81,419000000,"[11,18,11,11,11,23,100,23,23,18,18,18]",2026-01-16,"Video, Ads bottom, People also ask, Related searches, AI overview",informational,Organic
moving estimate,64,64,140,19,6.87,https://www.firstratemovers.com/local-ottawa-moving-rates/,0,0,0.00,0.81,419000000,"[11,18,11,11,11,23,100,23,23,18,18,18]",2026-01-16,"Video, Ads bottom, People also ask, Related searches, AI overview",informational,Organic
goods moving services,68,68,390,49,5.79,https://www.firstratemovers.com/ottawa-packing-services/,0,0,0.00,0.57,258000000,"[36,36,20,76,45,36,24,24,36,16,8,16]",2026-01-13,"Local pack, People also ask, Related searches",commercial,Organic
furniture storage ottawa,13,13,320,36,3.65,https://www.firstratemovers.com/free-storage-ottawa/,0,0,0.00,0.71,5600000,"[55,45,8,20,8,24,20,16,16,13,24,8]",2026-03-02,"Local pack, Sitelinks, Video, Ads bottom, People also ask, Popular products, Related searches",commercial,Organic
furniture storage ottawa,55,55,320,36,3.65,https://www.firstratemovers.com/ottawa-self-storage/,0,0,0.00,0.71,5600000,"[55,45,8,20,8,24,20,16,16,13,24,8]",2026-03-02,"Local pack, Sitelinks, Video, Ads bottom, People also ask, Popular products, Related searches",commercial,Organic
how much does it cost to hire a moving company,11,11,70,9,2.09,https://www.firstratemovers.com/local-ottawa-moving-rates/,0,0,0.00,0.82,0,"[63,27,18,27,63,81,63,81,100,63,63,63]",2026-03-09,"Sitelinks, Video, Related searches",informational,Organic
how much does it cost to hire a moving company,35,35,70,9,2.09,https://www.firstratemovers.com/typical-move-costs-for-2024/,0,0,0.00,0.82,0,"[63,27,18,27,63,81,63,81,100,63,63,63]",2026-03-09,"Sitelinks, Video, Related searches",informational,Organic
how much does it cost to hire a moving company,88,88,70,9,2.09,https://www.firstratemovers.com/local-ottawa-moving-rates/,0,0,0.00,0.82,0,"[63,27,18,27,63,81,63,81,100,63,63,63]",2026-03-09,"Sitelinks, Video, Related searches",informational,Organic
moving cost,92,92,480,14,3.33,https://www.firstratemovers.com/typical-move-costs-for-2024/,0,0,0.00,0.54,1480000000,"[32,32,32,39,48,48,48,39,59,72,59,48]",2026-01-29,"Sitelinks, Video, People also ask, Related searches, AI overview",informational,Organic
moving companies with movers,76,76,110,,6.74,https://www.firstratemovers.com/,0,0,0.00,0.33,34900000,"[34,100,21,9,12,65,12,34,28,28,43,43]",2026-02-03,"Local pack, Sitelinks, People also ask, Related searches",commercial,Organic
bright movers ottawa,28,28,210,22,0.00,https://www.firstratemovers.com/,0,0,0.00,0.16,349000,"[0,0,100,67,20,1,1,1,1,1,1,1]",2026-02-03,"Knowledge panel, People also ask, Related searches","informational, transactional",Organic
storage unit moving company,23,23,50,23,5.79,https://www.firstratemovers.com/free-storage-ottawa/,0,0,0.00,0.61,86400000,"[18,18,100,100,100,100,18,18,18,18,18,18]",2026-01-25,"Local pack, Image, People also ask, Related searches",commercial,Organic
hfh restore ottawa,91,91,260,,2.48,https://www.firstratemovers.com/furniture-donation-disposal/,0,0,0.00,0.21,73300,"[65,65,100,81,100,81,65,43,81,100,43,65]",2026-02-01,"Local pack, Sitelinks, Video, Image, People also ask, Related searches",navigational,Organic
cheap movers ottawa,10,10,90,38,4.63,https://www.firstratemovers.com/,0,0,0.00,0.86,2160000,"[3,2,2,4,4,2,2,3,4,5,3,4]",2026-02-25,"Local pack, Sitelinks, People also ask, Related searches",commercial,Organic
cheap movers ottawa,43,43,90,38,4.63,https://www.firstratemovers.com/local-ottawa-moving-rates/,0,0,0.00,0.86,2160000,"[3,2,2,4,4,2,2,3,4,5,3,4]",2026-02-25,"Local pack, Sitelinks, People also ask, Related searches",commercial,Organic
cheap movers ottawa,89,89,90,38,4.63,https://www.firstratemovers.com/moving-quotes/,0,0,0.00,0.86,2160000,"[3,2,2,4,4,2,2,3,4,5,3,4]",2026-02-25,"Local pack, Sitelinks, People also ask, Related searches",commercial,Organic
how much does it cost to rent movers,26,26,110,11,1.88,https://www.firstratemovers.com/local-ottawa-moving-rates/,0,0,0.00,0.82,12900000,"[26,42,42,53,42,53,53,53,53,42,42,34]",2026-03-05,"Sitelinks, Video, Related searches, AI overview",informational,Organic
moving with boxes,48,48,2400,30,0.83,https://www.firstratemovers.com/moving-boxes-and-supplies/,0,0,0.00,1,0,"[44,44,52,80,66,66,66,80,66,66,52,52]",2026-03-07,"Image pack, Sitelinks, Video, Image, Video Carousel, Popular products, Related searches, AI overview","commercial, informational",Organic
moving with boxes,88,88,2400,30,0.83,https://www.firstratemovers.com/moving-boxes-and-supplies/,0,0,0.00,1,0,"[44,44,52,80,66,66,66,80,66,66,52,52]",2026-03-07,"Image pack, Sitelinks, Video, Image, Video Carousel, Popular products, Related searches, AI overview","commercial, informational",Organic
long distance moving quotes,70,70,390,30,13.69,https://www.firstratemovers.com/long-distance-moving/,0,0,0.00,0.41,84800000,"[35,54,44,54,54,54,54,66,66,100,81,81]",2026-01-21,"Video, Ads bottom, Related searches, Discussions and forums",commercial,Organic
movers st catharines ontario,5,5,210,21,5.72,https://www.firstratemovers.com/local-ottawa-moving-rates/,0,0,0.00,0.81,127,"[28,28,23,35,54,35,23,28,35,28,35,23]",2026-03-04,"Local pack, Sitelinks, Image, People also ask, Related searches",commercial,People also ask
sofa disposal,65,65,90,30,1.80,https://www.firstratemovers.com/furniture-donation-disposal/,0,0,0.00,0.85,13600000,"[26,19,26,26,26,53,34,34,34,34,19,34]",2026-01-27,"Local pack, Sitelinks, Video, Ads bottom, People also ask, Popular products, Related searches, Ads middle, AI overview",informational,Organic
get moving service,27,27,140,68,4.28,https://www.firstratemovers.com/local-moving-in-ottawa/,0,0,0.00,0.86,1500000000,"[81,100,23,19,2,2,2,5,5,2,2,2]",2026-01-27,"Local pack, Video, People also ask, Related searches",commercial,Organic
manotick tree movers,32,32,390,26,2.36,https://www.firstratemovers.com/manotick/,0,0,0.00,0.31,14100,"[15,15,15,29,54,100,54,66,66,81,54,44]",2026-02-04,"Knowledge panel, Sitelinks, People also ask, Related searches",navigational,Organic
manotick tree movers inc,40,40,260,10,2.36,https://www.firstratemovers.com/manotick/,0,0,0.00,0.31,5530,"[18,18,18,28,66,81,54,54,44,44,23,35]",2026-03-03,"Knowledge panel, Sitelinks, Video, Image, People also ask, Related searches",navigational,Organic
how much does moving house cost,15,15,90,13,1.37,https://www.firstratemovers.com/local-ottawa-moving-rates/,0,0,0.00,0.38,725000000,"[29,52,52,64,52,52,64,52,64,64,64,52]",2026-03-04,"Sitelinks, Video, People also ask, Related searches, AI overview",informational,Organic
cheapest movers,24,24,70,25,4.58,https://www.firstratemovers.com/local-ottawa-moving-rates/,0,0,0.00,0.93,52500000,"[11,11,26,34,26,19,19,34,34,26,42,42]",2026-01-26,"Local pack, Sitelinks, Video, People also ask, Related searches, AI overview",commercial,Organic
movers sterling,10,10,170,42,14.01,https://www.firstratemovers.com/,0,0,0.00,0.23,11900000,"[53,53,53,65,80,53,53,53,65,100,65,100]",2026-01-19,"Local pack, Video, Image, People also ask, Related searches",commercial,Organic
movers oakville on,2,2,70,25,0.00,https://www.firstratemovers.com/local-ottawa-moving-rates/,0,0,0.00,0,7000000,"[77,100,77,33,22]",2026-03-05,"Local pack, Image, People also ask, Related searches",commercial,People also ask
best mover,36,36,50,28,5.79,https://www.firstratemovers.com/,0,0,0.00,0.57,129000000,"[29,100,41,29,29,23,29,17,29,23,29,41]",2026-02-28,"Local pack, Sitelinks, Video, People also ask, Related searches, Discussions and forums, AI overview",commercial,Organic
movers close to me,8,8,170,50,5.98,https://www.firstratemovers.com/,0,0,0.00,0.68,58300000,"[6,10,43,18,18,35,35,35,81,100,10,22]",2026-03-03,"Local pack, Video, People also ask, Related searches",commercial,Organic
storage solutions ottawa,79,79,90,35,3.79,https://www.firstratemovers.com/free-storage-ottawa/,0,0,0.00,0.99,22800000,"[28,34,28,28,34,34,21,65,53,28,6,6]",2026-02-07,"Knowledge panel, Sitelinks, Video, Image, Popular products, Related searches",commercial,Organic
moving truck with movers,26,26,50,53,4.49,https://www.firstratemovers.com/moving-trucks/,0,0,0.00,0.79,13900000,"[19,33,33,33,33,33,9,14,19,14,14,19]",2026-03-03,"Local pack, People also ask, Related searches",commercial,Organic
moving truck with movers,39,39,50,53,4.49,https://www.firstratemovers.com/consolidated-moving-services/,0,0,0.00,0.79,13900000,"[19,33,33,33,33,33,9,14,19,14,14,19]",2026-03-03,"Local pack, People also ask, Related searches",commercial,Organic
piano movers mississauga ontario,49,49,50,6,6.37,https://www.firstratemovers.com/ottawa-piano-movers/,0,0,0.00,0.47,41900,"[9,36,63,36,100,63,45,27,45,100,63,36]",2026-01-27,"Local pack, Image, People also ask, Related searches",commercial,Organic
piano movers mississauga ontario,51,51,50,6,6.37,https://www.firstratemovers.com/ottawa-piano-movers/,0,0,0.00,0.47,41900,"[9,36,63,36,100,63,45,27,45,100,63,36]",2026-01-27,"Local pack, Image, People also ask, Related searches",commercial,Organic
what is the best way to transport furniture,71,71,140,16,0.00,https://www.firstratemovers.com/professional-hoisting/,0,0,0.00,0,785000000,"[2,36,44,12,0,0,0,0,100,9,4]",2026-01-12,"Sitelinks, Video, Featured snippet, Video Carousel, People also ask, Related searches, Discussions and forums",informational,Organic
avenue moving,4,4,140,23,4.59,https://www.firstratemovers.com/local-ottawa-moving-rates/,0,0,0.00,0.27,441000000,"[53,53,53,53,53,53,42,53,65,42,42,34]",2026-03-03,"Knowledge panel, Sitelinks, Video, Image, People also ask, Related searches",navigational,People also ask
moving companies moncton nb,4,4,320,20,3.55,https://www.firstratemovers.com/local-ottawa-moving-rates/,0,0,0.00,0.84,367000,"[10,54,66,81,81,81,66,100,54,81,54,43]",2026-02-27,"Local pack, Sitelinks, Image, People also ask, Related searches",commercial,People also ask
inexpensive moving companies near me,13,13,210,12,5.69,https://www.firstratemovers.com/,0,0,0.00,0.9,183000000,"[44,35,23,35,35,23,18,23,35,44,44,23]",2026-03-05,"Local pack, Sitelinks, Video, Ads bottom, People also ask, Related searches, AI overview",transactional,Organic
inexpensive moving companies near me,21,21,210,12,5.69,https://www.firstratemovers.com/,0,0,0.00,0.9,183000000,"[44,35,23,35,35,23,18,23,35,44,44,23]",2026-03-05,"Local pack, Sitelinks, Video, Ads bottom, People also ask, Related searches, AI overview",transactional,Organic
sell furniture online,85,85,110,15,1.33,https://www.firstratemovers.com/where-can-i-sell-donate-or-dispose-of-my-belongings-in-ottawa/,0,0,0.00,0.18,355000000,"[35,78,78,78,100,64,64,100,100,100,64,78]",2026-02-18,"Sitelinks, Video, Ads bottom, Video Carousel, People also ask, Related searches, Discussions and forums, AI overview",informational,Organic
packers movers near me,30,30,210,24,7.01,https://www.firstratemovers.com/ottawa-packing-services/,0,0,0.00,0.84,10200000,"[29,35,54,29,100,35,2,29,54,66,29,18]",2026-02-03,"Local pack, Video, Ads bottom, People also ask, Related searches",transactional,Organic
cargo cabbie north york,3,3,170,29,0.00,https://www.firstratemovers.com/local-ottawa-moving-rates/,0,0,0.00,0,17000,"[100,0,0,0,0,0,0,0,0,0]",2026-02-14,"Knowledge panel, Sitelinks, Video, Image, People also ask, Related searches",navigational,People also ask
moving box,41,41,1300,32,0.84,https://www.firstratemovers.com/moving-boxes-and-supplies/,0,0,0.00,1,1630000000,"[36,27,44,36,44,36,44,36,36,36,36,36]",2026-02-02,"Sitelinks, Video, Image, Ads bottom, Video Carousel, People also ask, Popular products, Related searches",transactional,Organic
reliable moving services,27,27,110,14,6.12,https://www.firstratemovers.com/,0,0,0.00,0.57,289000000,"[42,42,7,42,34,53,42,34,42,53,42,26]",2026-02-28,"Local pack, Video, People also ask, Related searches","commercial, navigational",Organic
boomer movers,40,40,70,32,1.67,https://www.firstratemovers.com/,0,0,0.00,0.25,773000,"[12,21,21,21,28,21,21,21,21,21,21,21]",2026-01-21,"Knowledge panel, Sitelinks, Video, Related searches",navigational,Organic
piano moving company toronto,47,47,110,9,5.45,https://www.firstratemovers.com/ottawa-piano-movers/,0,0,0.00,0.34,2540000,"[3,3,18,18,15,15,3,6,8,100,15,28]",2026-01-25,"Local pack, Image, People also ask, Related searches",commercial,Organic
cheap moving company,58,58,260,43,4.58,https://www.firstratemovers.com/local-ottawa-moving-rates/,0,0,0.00,0.93,404000000,"[54,9,5,100,100,44,15,66,19,19,23,29]",2026-01-18,"Local pack, Sitelinks, Video, People also ask, Related searches, Discussions and forums",commercial,Organic
where to get cheap moving boxes,41,41,320,35,1.03,https://www.firstratemovers.com/moving-boxes-and-supplies/,0,0,0.00,0.99,98100000,"[43,66,66,66,66,54,54,66,66,81,43,81]",2026-02-07,"Local pack, Sitelinks, Video, Image, People also ask, Popular products, Related searches",transactional,Organic
cheapest local movers near me,62,62,50,32,2.83,https://www.firstratemovers.com/,0,0,0.00,0.97,13800000,"[42,100,53,19,0,0,0,3,3,3,11,11]",2026-02-27,"Local pack, Sitelinks, People also ask, Related searches, Discussions and forums, AI overview",transactional,Organic
professional moving,14,14,50,59,3.79,https://www.firstratemovers.com/,0,0,0.00,0.24,1500000000,"[64,0,17,23,17,29,82,23,23,41,17,29]",2026-02-26,"Local pack, People also ask, Related searches",commercial,Organic
moving companies in ottawa,50,50,260,41,6.95,https://www.firstratemovers.com/local-ottawa-moving-rates/,0,0,0.00,0.86,84100000,"[23,67,4,4,44,54,12,36,29,23,36,19]",2026-02-09,"Local pack, Sitelinks, Video, People also ask, Related searches",commercial,Organic
moving companies in ottawa,83,83,260,41,6.95,https://www.firstratemovers.com/ottawa-packing-services/,0,0,0.00,0.86,84100000,"[23,67,4,4,44,54,12,36,29,23,36,19]",2026-02-09,"Local pack, Sitelinks, Video, People also ask, Related searches",commercial,Organic
how much to transport a house,94,94,70,22,1.36,https://www.firstratemovers.com/typical-move-costs-for-2024/,0,0,0.00,0.42,618000000,"[45,81,63,63,63,63,81,63,63,45,63,18]",2026-02-23,"Sitelinks, Video, Related searches, Discussions and forums, AI overview",informational,Organic
moving storage box,43,43,390,61,2.49,https://www.firstratemovers.com/moving-boxes-and-supplies/,0,0,0.00,1,230000000,"[44,44,44,54,44,44,44,44,44,100,54,54]",2026-02-10,"Local pack, Sitelinks, Video, Image, Ads bottom, Popular products, Related searches",commercial,Organic
moving comoany,72,72,90,64,7.03,https://www.firstratemovers.com/,0,0,0.00,0.66,0,"[35,2,2,0,2,2,82,7,23,100,28,2]",2026-03-08,"Local pack, Video, Image, Related searches",commercial,Organic
inexpensive moving boxes,62,62,590,44,0.93,https://www.firstratemovers.com/moving-boxes-and-supplies/,0,0,0.00,1,20200000,"[14,39,26,100,59,48,88,100,48,72,32,26]",2026-01-25,"Sitelinks, Video, Image, People also ask, Popular products, Related searches, Discussions and forums, AI overview",transactional,Organic
moving & storage boxes,43,43,50,33,2.49,https://www.firstratemovers.com/moving-boxes-and-supplies/,0,0,0.00,1,240000000,"[35,50,21,21,7,28,21,100,100,64,21,14]",2026-01-23,"Local pack, Sitelinks, Video, Image, People also ask, Popular products, Related searches",transactional,Organic
movers cost per hour,20,20,50,10,2.46,https://www.firstratemovers.com/local-ottawa-moving-rates/,0,0,0.00,0.76,15800000,"[33,55,55,55,44,77,55,77,55,100,77,100]",2026-02-02,"Sitelinks, Video, Featured snippet, Ads bottom, People also ask, Related searches, Discussions and forums",informational,Organic
move storage,18,18,320,59,7.04,https://www.firstratemovers.com/free-storage-ottawa/,0,0,0.00,0.31,1170000000,"[29,36,29,36,36,36,36,36,36,44,44,29]",2026-02-08,"Sitelinks, Video, People also ask, Related searches, AI overview",commercial,Organic
first rater,34,34,140,45,0.00,https://www.firstratemovers.com/reviews/,0,0,0.00,0.01,4280000000,"[82,100,82,82,82,82,82,82,82,64,52,64]",2026-02-17,"Sitelinks, Video, People also ask, Related searches, AI overview",informational,Organic
first rater,74,74,140,45,0.00,https://www.firstratemovers.com/reviews/,0,0,0.00,0.01,4280000000,"[82,100,82,82,82,82,82,82,82,64,52,64]",2026-02-17,"Sitelinks, Video, People also ask, Related searches, AI overview",informational,Organic
first rater,83,83,140,45,0.00,https://www.firstratemovers.com/reviews/,0,0,0.00,0.01,4280000000,"[82,100,82,82,82,82,82,82,82,64,52,64]",2026-02-17,"Sitelinks, Video, People also ask, Related searches, AI overview",informational,Organic
your move ottawa,10,10,50,37,3.35,https://www.firstratemovers.com/,0,0,0.00,0.29,0,"[14,14,14,14,14,78,100,78,78,14,14,14]",2026-03-08,"Knowledge panel, Sitelinks, Video",navigational,Organic
your move ottawa,22,22,50,37,3.35,https://www.firstratemovers.com/,0,0,0.00,0.29,0,"[14,14,14,14,14,78,100,78,78,14,14,14]",2026-03-08,"Knowledge panel, Sitelinks, Video",navigational,Organic
kitchen appliances movers,59,59,170,7,2.81,https://www.firstratemovers.com/preparing-appliances/,0,0,0.00,0.86,48300000,"[80,65,15,100,100,34,26,100,80,80,53,42]",2026-01-17,"Sitelinks, Video, People also ask, Popular products, Related searches, AI overview",commercial,Organic
trust movers,23,23,110,19,3.03,https://www.firstratemovers.com/,0,0,0.00,0.15,0,"[9,9,9,80,9,9,100,100,100,66,80,52]",2026-03-08,"Knowledge panel, Video, Related searches",commercial,Organic
bradford moving,6,6,110,17,3.99,https://www.firstratemovers.com/local-ottawa-moving-rates/,0,0,0.00,0.53,49500000,"[42,42,11,42,15,15,42,65,65,53,53,26]",2026-02-14,"Knowledge panel, Sitelinks, Video, People also ask, Related searches",navigational,People also ask
thornhill moving companies,4,4,90,14,8.02,https://www.firstratemovers.com/local-ottawa-moving-rates/,0,0,0.00,0.62,784000,"[53,53,53,42,80,19,7,19,19,15,42,26]",2026-03-03,"Local pack, Image, People also ask, Related searches",commercial,People also ask
cheapest packing boxes,94,94,320,32,1.11,https://www.firstratemovers.com/moving-boxes-and-supplies/,0,0,0.00,0.8,35500000,"[43,66,54,66,66,66,54,66,66,81,66,66]",2026-02-17,"Sitelinks, Video, Image, Ads top, Ads bottom, Popular products, Related searches, Discussions and forums",commercial,Organic
how much a moving company charge,11,11,140,15,2.20,https://www.firstratemovers.com/local-ottawa-moving-rates/,0,0,0.00,0.79,477000000,"[64,82,82,82,82,82,82,82,64,100,52,52]",2026-03-03,"Sitelinks, Video, People also ask, Related searches, Discussions and forums, AI overview",informational,Organic
movers professional,5,5,50,56,2.49,https://www.firstratemovers.com/,0,0,0.00,0.29,98500000,"[14,14,14,14,14,14,100,64,78,21,21,21]",2026-02-16,"Local pack, Video, Ads top, Ads bottom, People also ask, Related searches",commercial,Organic
movers professional,39,39,50,56,2.49,https://www.firstratemovers.com/stittsville/,0,0,0.00,0.29,98500000,"[14,14,14,14,14,14,100,64,78,21,21,21]",2026-02-16,"Local pack, Video, Ads top, Ads bottom, People also ask, Related searches",commercial,Organic
how to pack a dining table for moving,47,47,110,5,0.00,https://www.firstratemovers.com/packing-your-dining-room/,0,0,0.00,0,19200000,"[0,21,21,65,21,34,0,0,100,28,43]",2026-02-28,"Sitelinks, Video, Video Carousel, People also ask, Related searches, Short videos, Discussions and forums, AI overview",informational,Organic
moving shipping cost,44,44,320,27,0.00,https://www.firstratemovers.com/consolidated-moving-services/,0,0,0.00,0.07,124000000,"[29,66,54,66,66,66,66,66,66,100,81,66]",2026-01-24,"Sitelinks, Video, Related searches, AI overview",informational,Organic
low cost moving company,13,13,170,45,7.21,https://www.firstratemovers.com/,0,0,0.00,0.69,327000000,"[43,43,43,54,43,35,29,14,22,35,29,29]",2026-02-17,"Local pack, Sitelinks, Ads bottom, People also ask, Related searches",commercial,Organic
my ninja movers,3,3,210,31,4.53,https://www.firstratemovers.com/local-ottawa-moving-rates/,0,0,0.00,0.42,3640000,"[35,53,43,35,66,53,66,82,53,53,53,35]",2026-02-27,"Knowledge panel, Sitelinks, Video, People also ask, Related searches",navigational,People also ask
moving and storage ottawa,33,33,90,34,5.11,https://www.firstratemovers.com/,0,0,0.00,0.93,20800000,"[6,9,12,15,21,12,12,43,43,34,43,43]",2026-01-18,"Local pack, Image, Related searches",commercial,Organic
toronto to ottawa movers,30,30,110,7,8.14,https://www.firstratemovers.com/,0,0,0.00,0.44,2420000,"[82,64,52,82,100,52,41,52,52,41,64,41]",2026-02-05,"Sitelinks, Image, Ads bottom, People also ask, Related searches",commercial,Organic
professional movers.,15,15,210,63,7.16,https://www.firstratemovers.com/,0,0,0.00,0.21,55900000,"[66,66,81,81,100,0,0,0,0,0,0,0]",2026-01-22,"Local pack, Video, People also ask, Related searches",commercial,Organic
moving companies quote,89,89,390,47,10.30,https://www.firstratemovers.com/moving-quotes/,0,0,0.00,0.6,0,"[54,54,66,66,66,81,66,66,81,66,66,66]",2026-03-07,"Video, Ads bottom, Related searches, AI overview",commercial,Organic
apartments movers,31,31,90,10,4.68,https://www.firstratemovers.com/local-moving-in-ottawa/,0,0,0.00,0.03,24200000,"[0,0,4,4,42,66,14,80,80,66,100,100]",2026-01-19,"Local pack, Sitelinks, People also ask, Related searches",commercial,Organic
where can you sell used furniture,19,19,110,17,1.05,https://www.firstratemovers.com/where-can-i-sell-donate-or-dispose-of-my-belongings-in-ottawa/,0,0,0.00,0.55,411000000,"[50,78,78,78,78,100,78,50,78,78,64,64]",2026-02-10,"Local pack, Sitelinks, Video, People also ask, Related searches, Discussions and forums",commercial,Organic
great canadian moving company,68,68,70,23,3.76,https://www.firstratemovers.com/how-to-choose-a-good-moving-company/,0,0,0.00,0.69,288000000,"[42,7,7,42,42,42,42,42,7,26,26,19]",2026-01-20,"Local pack, Sitelinks, Video, Image, Ads bottom, People also ask, Related searches",navigational,Organic
moving a furniture,1,1,210,20,4.04,https://www.firstratemovers.com/typical-move-costs-for-2024/,0,0,0.00,0.55,296000000,"[81,65,65,53,100,81,81,9,15,65,43,100]",2026-02-15,"Local pack, Sitelinks, Video, Video Carousel, People also ask, Related searches, Short videos, AI overview",informational,People also ask
cost to move apartment cross country,85,85,320,14,0.00,https://www.firstratemovers.com/typical-move-costs-for-2024/,0,0,0.00,0.33,118000000,"[4,13,10,13,13,13,10,13,13,16,13,13]",2026-02-03,"Sitelinks, Video, Ads top, Ads bottom, People also ask, Related searches, Discussions and forums, AI overview","commercial, informational",Organic
after hours moving company,56,56,880,17,2.25,https://www.firstratemovers.com/local-ottawa-moving-rates/,0,0,0.00,0.02,506000000,"[81,81,81,100,100,8,13,30,62,13,8,13]",2026-03-01,"Local pack, Video, People also ask, Related searches",commercial,Organic
orleans moving companies,31,31,170,14,4.55,https://www.firstratemovers.com/,0,0,0.00,0.75,23800000,"[18,29,29,22,43,29,54,43,35,66,35,35]",2026-02-28,"Local pack, Video, Image, People also ask, Related searches",commercial,Organic
orleans moving companies,86,86,170,14,4.55,https://www.firstratemovers.com/ottawa-packing-services/,0,0,0.00,0.75,23800000,"[18,29,29,22,43,29,54,43,35,66,35,35]",2026-02-28,"Local pack, Video, Image, People also ask, Related searches",commercial,Organic
db movers ottawa,23,23,70,28,0.00,https://www.firstratemovers.com/,0,0,0.00,0.04,37300,"[14,78,78,14,78,78,78,64,50,50,50,50]",2026-01-28,"Knowledge panel, Sitelinks, Video, People also ask, Related searches",navigational,Organic
moving help by the hour,43,43,90,21,2.36,https://www.firstratemovers.com/local-moving-in-ottawa/,0,0,0.00,0.89,125,"[4,4,4,29,29,10,43,22,22,18,10,10]",2026-03-08,"Knowledge panel, Video, Related searches, AI overview","commercial, informational",Organic
packing and removal companies,33,33,260,53,5.27,https://www.firstratemovers.com/ottawa-packing-services/,0,0,0.00,0.94,31000000,"[43,54,66,100,81,54,43,29,35,43,35,29]",2026-01-19,"Local pack, Sitelinks, Ads bottom, People also ask, Related searches, Discussions and forums, AI overview",commercial,Organic
movers sault ste marie,2,2,140,15,1.68,https://www.firstratemovers.com/local-ottawa-moving-rates/,0,0,0.00,0.57,76500,"[23,23,18,35,23,23,18,28,28,23,23,23]",2026-02-28,"Local pack, Image, People also ask, Related searches",commercial,People also ask
relocation movers,1,1,70,58,4.88,https://www.firstratemovers.com/typical-move-costs-for-2024/,0,0,0.00,1,13100000,"[3,3,3,3,3,3,100,5,3,1,3,11]",2026-02-09,"Local pack, Video, People also ask, Related searches",commercial,People also ask
total consignment ottawa,7,7,50,30,0.79,https://www.firstratemovers.com/furniture-donation-disposal/,0,0,0.00,0.1,266000,"[16,3,0,2,2,0,0,8,16,0,1,0]",2026-01-17,"Knowledge panel, Sitelinks, Video, People also ask, Related searches",navigational,People also ask
total consignment ottawa,7,7,50,30,0.79,https://www.firstratemovers.com/where-can-i-sell-donate-or-dispose-of-my-belongings-in-ottawa/,0,0,0.00,0.1,266000,"[16,3,0,2,2,0,0,8,16,0,1,0]",2026-01-17,"Knowledge panel, Sitelinks, Video, People also ask, Related searches",navigational,People also ask
classic movers ottawa,20,24,70,25,2.27,https://www.firstratemovers.com/,0,0,0.00,0.43,0,"[52,41,52,82,64,41,41,29,64,41,23,11]",2026-03-11,"Knowledge panel, Sitelinks, Related searches",navigational,Organic
packing and moving company,64,64,90,49,5.27,https://www.firstratemovers.com/ottawa-packing-services/,0,0,0.00,0.94,98600000,"[33,52,14,42,100,100,14,19,14,14,14,66]",2026-01-14,"Local pack, Sitelinks, Video, Ads bottom, People also ask, Related searches",commercial,Organic
office movers ottawa,14,14,50,40,10.39,https://www.firstratemovers.com/,0,0,0.00,0.79,1430000,"[18,18,18,18,18,18,18,81,81,81,100,100]",2026-02-21,"Local pack, Image, Related searches",commercial,Organic
cross country movers,59,59,880,21,10.05,https://www.firstratemovers.com/long-distance-moving/,0,0,0.00,0.3,14000000,"[4,8,5,13,10,10,16,18,18,24,24,24]",2026-02-14,"Knowledge panel, Sitelinks, Video, Ads bottom, People also ask, Related searches, Ads middle, AI overview",informational,Organic
long haul movers,21,21,390,24,7.59,https://www.firstratemovers.com/long-distance-moving/,0,0,0.00,0.45,79800000,"[54,54,54,54,54,54,54,81,81,100,81,81]",2026-02-04,"Local pack, Sitelinks, Video, People also ask, Related searches",commercial,Organic
one day moving company,24,24,320,31,7.08,https://www.firstratemovers.com/stittsville/,0,0,0.00,0.24,1170000000,"[43,100,66,54,81,100,54,54,54,35,29,54]",2026-02-17,"Knowledge panel, Sitelinks, Ads bottom, People also ask, Related searches, AI overview","commercial, informational",Organic
one day moving company,99,99,320,31,7.08,https://www.firstratemovers.com/local-ottawa-moving-rates/,0,0,0.00,0.24,1170000000,"[43,100,66,54,81,100,54,54,54,35,29,54]",2026-02-17,"Knowledge panel, Sitelinks, Ads bottom, People also ask, Related searches, AI overview","commercial, informational",Organic
moving company tips,55,55,110,10,0.40,https://www.firstratemovers.com/faq/,0,0,0.00,0.05,726000000,"[64,64,52,82,82,82,82,82,100,52,52,52]",2026-02-17,"Sitelinks, Video, Video Carousel, People also ask, Related searches, Discussions and forums, AI overview",informational,Organic
reliable movers,34,34,140,22,6.12,https://www.firstratemovers.com/,0,0,0.00,0.57,26900000,"[12,12,2,12,10,19,23,19,19,19,15,15]",2026-01-28,"Local pack, Sitelinks, Video, People also ask, Related searches",commercial,Organic
moving boxes cheapest,23,23,320,34,0.93,https://www.firstratemovers.com/moving-boxes-and-supplies/,0,0,0.00,1,76200000,"[43,66,66,81,66,66,22,66,66,81,81,43]",2026-02-25,"Sitelinks, Video, Image, Video Carousel, People also ask, Popular products, Related searches, AI overview","commercial, informational",Organic
top moving companies,16,16,70,27,6.38,https://www.firstratemovers.com/,0,0,0.00,0.55,0,"[36,36,36,36,63,81,81,63,100,100,63,63]",2026-03-08,"Local pack, Sitelinks, Video, Related searches, Discussions and forums, Ads middle",commercial,Organic
top moving companies,20,20,70,27,6.38,https://www.firstratemovers.com/,0,0,0.00,0.55,0,"[36,36,36,36,63,81,81,63,100,100,63,63]",2026-03-08,"Local pack, Sitelinks, Video, Related searches, Discussions and forums, Ads middle",commercial,Organic
storage units in ottawa,39,39,50,35,3.65,https://www.firstratemovers.com/free-storage-ottawa/,0,0,0.00,0.71,13500000,"[0,3,1,2,13,8,1,1,1,1,1,1]",2026-01-21,"Local pack, Sitelinks, Image, Ads bottom, People also ask, Related searches",commercial,Organic
cheap boxes moving,41,41,320,,0.93,https://www.firstratemovers.com/moving-boxes-and-supplies/,0,0,0.00,1,42300000,"[54,54,54,81,54,54,66,66,54,81,54,44]",2026-01-26,"Local pack, Sitelinks, Video, Image, Ads bottom, Video Carousel, People also ask, Popular products, Related searches, Discussions and forums",commercial,Organic
moving estimates,16,16,90,14,6.87,https://www.firstratemovers.com/detailed-moving-estimates/,0,0,0.00,0.81,217000000,"[3,3,26,42,34,42,42,53,34,65,53,11]",2026-02-26,"Video, People also ask, Related searches, AI overview","commercial, informational",Organic
moving estimates,58,58,90,14,6.87,https://www.firstratemovers.com/local-ottawa-moving-rates/,0,0,0.00,0.81,217000000,"[3,3,26,42,34,42,42,53,34,65,53,11]",2026-02-26,"Video, People also ask, Related searches, AI overview","commercial, informational",Organic
moving estimates,61,61,90,14,6.87,https://www.firstratemovers.com/local-ottawa-moving-rates/,0,0,0.00,0.81,217000000,"[3,3,26,42,34,42,42,53,34,65,53,11]",2026-02-26,"Video, People also ask, Related searches, AI overview","commercial, informational",Organic
versatile moving,7,7,110,25,0.00,https://www.firstratemovers.com/typical-move-costs-for-2024/,0,0,0.00,0,89700000,"[17,17,23,53,43,17,5,17,12,12,10,100]",2026-02-15,"Knowledge panel, Sitelinks, Video, People also ask",navigational,People also ask
home moving companies near me,1,1,110,33,4.62,https://www.firstratemovers.com/typical-move-costs-for-2024/,0,0,0.00,0.48,812000000,"[52,41,29,82,64,64,100,41,41,82,52,52]",2026-02-15,"Local pack, Video, People also ask, Related searches",transactional,People also ask
moving from toronto to ottawa,25,25,170,5,8.14,https://www.firstratemovers.com/moving-from-ottawa-to-toronto/,0,0,0.00,0.44,64400000,"[43,43,43,81,15,53,12,65,65,65,65,65]",2026-02-21,"Sitelinks, Video, Video Carousel, People also ask, Related searches, Discussions and forums, AI overview",informational,Organic
moving from toronto to ottawa,91,91,170,5,8.14,https://www.firstratemovers.com/what-to-know-about-moving-from-ottawa-to-toronto/,0,0,0.00,0.44,64400000,"[43,43,43,81,15,53,12,65,65,65,65,65]",2026-02-21,"Sitelinks, Video, Video Carousel, People also ask, Related searches, Discussions and forums, AI overview",informational,Organic
looking for moving boxes,42,42,320,30,0.00,https://www.firstratemovers.com/moving-boxes-and-supplies/,0,0,0.00,0.45,96400000,"[66,66,66,66,66,66,54,66,66,66,66,43]",2026-02-17,"Local pack, Sitelinks, Video, Image, People also ask, Popular products, Related searches","informational, transactional",Organic
flat rate movers edmonton,62,62,70,14,4.93,https://www.firstratemovers.com/local-ottawa-moving-rates/,0,0,0.00,0.9,0,"[5,5,6,11,8,8,15,15,15,11,11,8]",2026-03-08,"Knowledge panel, Related searches, AI overview",commercial,Organic
good moving boxes,48,48,90,22,1.32,https://www.firstratemovers.com/moving-boxes-and-supplies/,0,0,0.00,0.99,173000000,"[52,41,52,82,64,41,82,52,52,100,29,41]",2026-01-27,"Sitelinks, Video, Image, Video Carousel, People also ask, Popular products, Related searches, Discussions and forums",transactional,Organic
moving company ontario,29,29,70,36,7.22,https://www.firstratemovers.com/long-distance-moving/,0,0,0.00,0.66,191000000,"[4,33,23,33,33,52,19,33,33,42,52,66]",2026-01-27,"Local pack, Sitelinks, Video, Image, People also ask, Related searches",commercial,Organic
moving companies for hire,75,75,110,,4.49,https://www.firstratemovers.com/ottawa-packing-services/,0,0,0.00,0.97,150000000,"[43,43,65,81,100,0,53,0,3,0,6,3]",2026-02-09,"Local pack, People also ask, Related searches",commercial,Organic
cost for movers,36,36,110,,3.33,https://www.firstratemovers.com/local-ottawa-moving-rates/,0,0,0.00,0.54,81400000,"[0,6,3,3,1,6,100,6,6,81,3,3]",2026-02-09,"Sitelinks, Video, People also ask, Related searches, AI overview",informational,Organic
cost for movers,76,76,110,,3.33,https://www.firstratemovers.com/typical-move-costs-for-2024/,0,0,0.00,0.54,81400000,"[0,6,3,3,1,6,100,6,6,81,3,3]",2026-02-09,"Sitelinks, Video, People also ask, Related searches, AI overview",informational,Organic
piano moving price,18,18,70,4,1.82,https://www.firstratemovers.com/ottawa-piano-movers/,0,0,0.00,0.18,55200000,"[5,41,23,29,11,5,0,52,64,52,82,100]",2026-02-16,"Sitelinks, Video, People also ask, Related searches, Discussions and forums, AI overview",commercial,Organic
small removal boxes,60,60,70,27,0.87,https://www.firstratemovers.com/moving-boxes-and-supplies/,0,0,0.00,0.87,109000000,"[18,18,18,18,63,63,100,63,81,63,81,81]",2026-01-18,"Sitelinks, Video, Image, People also ask, Popular products, Related searches, Discussions and forums",commercial,Organic
moving house service,14,14,70,51,5.86,https://www.firstratemovers.com/,0,0,0.00,0.74,1390000000,"[28,28,50,78,78,100,100,50,28,35,28,21]",2026-02-10,"Local pack, Video, People also ask, Related searches",commercial,Organic
moving house service,68,68,70,51,5.86,https://www.firstratemovers.com/,0,0,0.00,0.74,1390000000,"[28,28,50,78,78,100,100,50,28,35,28,21]",2026-02-10,"Local pack, Video, People also ask, Related searches",commercial,Organic
buy moving boxes,55,55,720,40,1.07,https://www.firstratemovers.com/moving-boxes-and-supplies/,0,0,0.00,1,177000000,"[36,36,36,45,45,36,45,67,76,76,55,67]",2026-02-14,"Local pack, Sitelinks, Video, Image, Ads bottom, People also ask, Popular products, Related searches",transactional,Organic
avenue moving and storage,3,3,210,22,1.43,https://www.firstratemovers.com/how-to-choose-a-good-moving-company/,0,0,0.00,0.05,24800000,"[80,80,42,53,42,65,100,100,100,100,100,100]",2026-03-05,"Knowledge panel, Sitelinks, People also ask, Related searches",navigational,People also ask
avenue moving and storage,3,3,210,22,1.43,https://www.firstratemovers.com/,0,0,0.00,0.05,24800000,"[80,80,42,53,42,65,100,100,100,100,100,100]",2026-03-05,"Knowledge panel, Sitelinks, People also ask, Related searches",navigational,People also ask
box moving,45,45,390,42,3.89,https://www.firstratemovers.com/moving-boxes-and-supplies/,0,0,0.00,0.88,1450000000,"[44,54,44,54,44,54,44,44,44,66,54,54]",2026-02-19,"Local pack, Video, Image, Popular products, Related searches",commercial,Organic
box moving,57,57,390,42,3.89,https://www.firstratemovers.com/moving-boxes-and-supplies/,0,0,0.00,0.88,1450000000,"[44,54,44,54,44,54,44,44,44,66,54,54]",2026-02-19,"Local pack, Video, Image, Popular products, Related searches",commercial,Organic
movers with truck,15,15,70,29,2.83,https://www.firstratemovers.com/local-ottawa-moving-rates/,0,0,0.00,0.51,25900000,"[52,100,23,41,23,17,5,17,29,82,29,41]",2026-02-03,"Local pack, Image pack, Video, Ads bottom, People also ask, Related searches",commercial,Organic
movers with truck,62,62,70,29,2.83,https://www.firstratemovers.com/consolidated-moving-services/,0,0,0.00,0.51,25900000,"[52,100,23,41,23,17,5,17,29,82,29,41]",2026-02-03,"Local pack, Image pack, Video, Ads bottom, People also ask, Related searches",commercial,Organic
movers with truck,70,70,70,29,2.83,https://www.firstratemovers.com/moving-trucks/,0,0,0.00,0.51,25900000,"[52,100,23,41,23,17,5,17,29,82,29,41]",2026-02-03,"Local pack, Image pack, Video, Ads bottom, People also ask, Related searches",commercial,Organic
how much is a moving company cost,12,12,210,14,2.53,https://www.firstratemovers.com/local-ottawa-moving-rates/,0,0,0.00,0.83,744000000,"[81,100,18,43,100,66,18,29,29,29,22,14]",2026-03-03,"Sitelinks, Video, People also ask, Related searches, AI overview",informational,Organic
packing movers,41,41,90,23,1.63,https://www.firstratemovers.com/ottawa-packing-services/,0,0,0.00,0.98,13900000,"[52,52,33,42,66,42,52,33,33,23,23,23]",2026-01-27,"Local pack, Video, People also ask, Related searches",commercial,Organic
best place to buy boxes for moving house,26,26,320,32,0.00,https://www.firstratemovers.com/moving-boxes-and-supplies/,0,0,0.00,0.33,165000000,"[54,54,44,54,54,54,54,66,54,66,66,54]",2026-02-04,"Local pack, Sitelinks, Video, Image, People also ask, Popular products, Related searches, Discussions and forums",commercial,Organic
moving company in oshawa,5,5,90,28,8.27,https://www.firstratemovers.com/local-ottawa-moving-rates/,0,0,0.00,0.6,913000,"[0,0,2,6,6,8,6,43,43,35,43,35]",2026-03-03,"Local pack, Image, People also ask, Related searches",commercial,People also ask
cheap long distance movers,38,38,480,32,4.65,https://www.firstratemovers.com/long-distance-moving/,0,0,0.00,0.14,18300000,"[16,16,20,31,25,20,16,31,31,37,25,31]",2026-01-23,"Local pack, Sitelinks, Video, People also ask, Related searches, Discussions and forums, AI overview",informational,Organic
movers orleans,95,95,140,15,4.55,https://www.firstratemovers.com/,0,0,0.00,0.75,3630000,"[14,18,14,18,22,22,43,43,43,43,29,35]",2026-01-19,"Local pack, Video, Image, People also ask, Related searches",commercial,Organic
movers oakville,1,1,390,49,10.41,https://www.firstratemovers.com/local-ottawa-moving-rates/,0,0,0.00,0.87,646000,"[19,15,19,23,29,54,36,67,54,67,67,67]",2026-02-17,"Local pack, Image, People also ask, Related searches",commercial,People also ask
top long distance movers,56,56,210,,9.18,https://www.firstratemovers.com/long-distance-moving/,0,0,0.00,0.04,22300000,"[28,43,66,43,35,43,53,53,43,100,82,66]",2026-03-03,"Sitelinks, Video, Ads bottom, People also ask, Related searches, Discussions and forums, Ads middle, AI overview",commercial,Organic
ottawa moving,28,28,110,37,7.83,https://www.firstratemovers.com/local-ottawa-moving-rates/,0,0,0.00,0.41,0,"[5,5,5,8,5,5,16,16,10,8,10,8]",2026-03-06,"Local pack, Sitelinks, Video, Image, Related searches",commercial,Organic
ottawa moving,49,49,110,37,7.83,https://www.firstratemovers.com/local-ottawa-moving-rates/,0,0,0.00,0.41,0,"[5,5,5,8,5,5,16,16,10,8,10,8]",2026-03-06,"Local pack, Sitelinks, Video, Image, Related searches",commercial,Organic
ottawa moving,52,52,110,37,7.83,https://www.firstratemovers.com/local-ottawa-moving-rates/,0,0,0.00,0.41,0,"[5,5,5,8,5,5,16,16,10,8,10,8]",2026-03-06,"Local pack, Sitelinks, Video, Image, Related searches",commercial,Organic
ottawa moving,87,87,110,37,7.83,https://www.firstratemovers.com/ottawa-packing-services/,0,0,0.00,0.41,0,"[5,5,5,8,5,5,16,16,10,8,10,8]",2026-03-06,"Local pack, Sitelinks, Video, Image, Related searches",commercial,Organic
cheapest moving companies,12,12,90,24,4.58,https://www.firstratemovers.com/local-ottawa-moving-rates/,0,0,0.00,0.93,356000000,"[11,26,26,19,26,26,26,53,42,53,53,65]",2026-02-27,"Sitelinks, Video, People also ask, Related searches, Discussions and forums, AI overview",commercial,Organic
cheapest moving companies,96,96,90,24,4.58,https://www.firstratemovers.com/,0,0,0.00,0.93,356000000,"[11,26,26,19,26,26,26,53,42,53,53,65]",2026-02-27,"Sitelinks, Video, People also ask, Related searches, Discussions and forums, AI overview",commercial,Organic
ottawa residential moving,56,56,210,44,0.00,https://www.firstratemovers.com/local-ottawa-moving-rates/,0,0,0.00,0.33,7680000,"[42,19,80,80,100,100,80,100,53,42,65,80]",2026-02-07,"Local pack, People also ask, Related searches",commercial,Organic
ottawa residential moving,98,98,210,44,0.00,https://www.firstratemovers.com/ottawa-packing-services/,0,0,0.00,0.33,7680000,"[42,19,80,80,100,100,80,100,53,42,65,80]",2026-02-07,"Local pack, People also ask, Related searches",commercial,Organic
moving boxes packages,83,83,320,13,1.41,https://www.firstratemovers.com/moving-boxes-and-supplies/,0,0,0.00,0.63,56200000,"[43,66,54,66,66,66,66,66,66,100,81,29]",2026-02-13,"Sitelinks, Video, Image, Ads bottom, Popular products, Related searches, Discussions and forums, AI overview",commercial,Organic
michael moving,6,6,50,25,3.33,https://www.firstratemovers.com/local-ottawa-moving-rates/,0,0,0.00,0.52,865000000,"[18,63,18,18,18,18,18,100,100,36,63,27]",2026-02-16,"Knowledge panel, Image pack, Sitelinks, Video, Ads bottom, People also ask, Related searches",navigational,People also ask
moving company estimate,10,10,70,7,6.11,https://www.firstratemovers.com/ottawa-moving-estimates/,0,0,0.00,0.7,0,"[52,41,52,41,100,41,41,41,52,29,23,29]",2026-03-09,"Video, Related searches, AI overview",commercial,Organic
storage units ottawa,30,30,1300,39,3.65,https://www.firstratemovers.com/free-storage-ottawa/,0,0,0.00,0.71,12500000,"[41,54,41,79,36,79,54,36,66,66,66,66]",2026-01-26,"Local pack, Sitelinks, Image, People also ask, Related searches",commercial,Organic
how much moving company cost,16,16,140,10,2.53,https://www.firstratemovers.com/local-ottawa-moving-rates/,0,0,0.00,0.83,1210000000,"[100,28,2,5,43,17,7,43,43,53,28,23]",2026-02-03,"Sitelinks, Video, People also ask, Related searches, AI overview",informational,Organic
long distance movers ontario,20,20,480,28,9.52,https://www.firstratemovers.com/long-distance-moving/,0,0,0.00,0.74,1150000,"[44,44,36,54,44,54,44,66,66,81,100,81]",2026-01-27,"Local pack, Sitelinks, Video, People also ask, Related searches, AI overview",commercial,Organic
long distance movers ontario,24,24,480,28,9.52,https://www.firstratemovers.com/long-distance-moving/,0,0,0.00,0.74,1150000,"[44,44,36,54,44,54,44,66,66,81,100,81]",2026-01-27,"Local pack, Sitelinks, Video, People also ask, Related searches, AI overview",commercial,Organic
short term storage,17,17,140,43,5.69,https://www.firstratemovers.com/free-storage-ottawa/,0,0,0.00,0.2,565000000,"[33,33,42,66,66,52,100,100,80,100,80,100]",2026-01-26,"Local pack, Video, Ads bottom, People also ask, Related searches, AI overview",informational,Organic
short term storage,23,23,140,43,5.69,https://www.firstratemovers.com/free-storage-ottawa/,0,0,0.00,0.2,565000000,"[33,33,42,66,66,52,100,100,80,100,80,100]",2026-01-26,"Local pack, Video, Ads bottom, People also ask, Related searches, AI overview",informational,Organic
gatineau movers,74,74,170,32,4.12,https://www.firstratemovers.com/,0,0,0.00,0.47,278000,"[4,4,0,1,1,1,12,23,29,100,44,29]",2026-02-26,"Local pack, Sitelinks, Image, People also ask, Related searches",commercial,Organic
moving a,26,26,70,,0.00,https://www.firstratemovers.com/local-ottawa-moving-rates/,0,0,0.00,0.03,1640000000,"[0,0,0,0,0,0,16,20,0,1,2,0]",2026-02-06,"Image pack, Video, Video Carousel, People also ask, Related searches, AI overview",informational,Organic
medium moving boxes,36,36,90,33,0.58,https://www.firstratemovers.com/moving-boxes-and-supplies/,0,0,0.00,0.87,78900000,"[12,15,15,15,21,28,28,28,15,43,43,28]",2026-02-28,"Image pack, Sitelinks, Video, Image, People also ask, Popular products, Related searches","informational, transactional",Organic
self storage moving,74,74,50,38,5.79,https://www.firstratemovers.com/our-storage/,0,0,0.00,0.61,215000000,"[18,18,100,100,100,100,18,18,18,18,18,18]",2026-01-25,"Local pack, Sitelinks, Video, Image, Ads bottom, People also ask, Related searches",commercial,Organic
moving boxes for cheap,37,37,320,39,0.93,https://www.firstratemovers.com/moving-boxes-and-supplies/,0,0,0.00,1,97500000,"[43,66,66,81,66,66,66,66,66,100,66,43]",2026-01-11,"Local pack, Sitelinks, Video, Image, People also ask, Popular products, Related searches, Discussions and forums",transactional,Organic
best price moving boxes,25,25,320,32,1.42,https://www.firstratemovers.com/moving-boxes-and-supplies/,0,0,0.00,0.94,161000000,"[20,20,16,20,20,20,20,20,20,20,20,13]",2026-01-14,"Sitelinks, Video, Image, People also ask, Popular products, Related searches, Discussions and forums, AI overview",commercial,Organic
movers belleville,2,2,50,25,3.01,https://www.firstratemovers.com/local-ottawa-moving-rates/,0,0,0.00,0.61,463000,"[0,0,0,0,28,21,21,100,100,100,50,50]",2026-02-16,"Local pack, Sitelinks, Image, People also ask, Related searches",commercial,People also ask
ottawa residential movers,83,83,170,,0.00,https://www.firstratemovers.com/local-ottawa-moving-rates/,0,0,0.00,0.21,324000,"[42,19,80,65,100,100,80,100,42,42,80,100]",2026-02-11,"Local pack, Image, People also ask, Related searches",commercial,Organic
moving long distance movers,31,31,70,25,9.22,https://www.firstratemovers.com/long-distance-moving/,0,0,0.00,0.18,11000000,"[10,0,0,0,12,7,2,17,7,5,100,66]",2026-02-21,"Local pack, Sitelinks, Video, People also ask, Related searches, AI overview",commercial,Organic
moving long distance movers,44,44,70,25,9.22,https://www.firstratemovers.com/long-distance-moving/,0,0,0.00,0.18,11000000,"[10,0,0,0,12,7,2,17,7,5,100,66]",2026-02-21,"Local pack, Sitelinks, Video, People also ask, Related searches, AI overview",commercial,Organic
1 800 got junk ottawa,1,1,70,27,3.93,https://www.firstratemovers.com/furniture-donation-disposal/,0,0,0.00,0.34,1060000,"[0,0,41,52,41,41,52,82,52,41,29,64]",2026-01-26,"Knowledge panel, Sitelinks, Video, People also ask, Related searches",navigational,People also ask
where to sell used furniture,22,22,110,21,1.05,https://www.firstratemovers.com/where-can-i-sell-donate-or-dispose-of-my-belongings-in-ottawa/,0,0,0.00,0.55,316000000,"[9,19,15,15,15,19,12,15,19,15,15,15]",2026-03-01,"Local pack, Sitelinks, Video, People also ask, Related searches, AI overview",informational,Organic
mover company,46,46,390,62,6.74,https://www.firstratemovers.com/,0,0,0.00,0.33,1870000000,"[2,14,7,9,72,59,9,32,39,39,48,100]",2026-02-28,"Local pack, People also ask, Related searches",commercial,Organic
ottawa mover,11,11,110,43,6.95,https://www.firstratemovers.com/,0,0,0.00,0.86,743000,"[16,13,1,1,1,1,1,16,20,13,8,8]",2026-02-02,"Local pack, Sitelinks, Image, People also ask, Related searches",commercial,Organic
ottawa mover,53,53,110,43,6.95,https://www.firstratemovers.com/local-ottawa-moving-rates/,0,0,0.00,0.86,743000,"[16,13,1,1,1,1,1,16,20,13,8,8]",2026-02-02,"Local pack, Sitelinks, Image, People also ask, Related searches",commercial,Organic
ottawa mover,98,98,110,43,6.95,https://www.firstratemovers.com/long-distance-moving/,0,0,0.00,0.86,743000,"[16,13,1,1,1,1,1,16,20,13,8,8]",2026-02-02,"Local pack, Sitelinks, Image, People also ask, Related searches",commercial,Organic
prof movers,70,70,210,44,7.16,https://www.firstratemovers.com/,0,0,0.00,0.21,0,"[0,0,0,0,0,100,100,0,0,0,0,0]",2026-03-02,"Local pack, Video, Related searches",commercial,Organic
housing movers,29,29,70,26,3.41,https://www.firstratemovers.com/local-ottawa-moving-rates/,0,0,0.00,0.41,22600000,"[44,66,0,0,0,0,0,0,0,0,0,4]",2026-02-11,"Local pack, Sitelinks, Video, Ads top, Ads bottom, People also ask, Related searches",informational,Organic
housing movers,88,88,70,26,3.41,https://www.firstratemovers.com/local-ottawa-moving-rates/,0,0,0.00,0.41,22600000,"[44,66,0,0,0,0,0,0,0,0,0,4]",2026-02-11,"Local pack, Sitelinks, Video, Ads top, Ads bottom, People also ask, Related searches",informational,Organic
box moving companies,67,67,390,32,4.84,https://www.firstratemovers.com/ottawa-packing-services/,0,0,0.00,0.93,0,"[24,24,24,24,24,24,30,30,45,30,30,36]",2026-03-08,"Local pack, Video, Image, Related searches",commercial,Organic
moving nepean,7,7,70,10,0.00,https://www.firstratemovers.com/local-ottawa-moving-rates/,0,0,0.00,0,620000,"[4,4,4,0,0,0,0,80,80,66,100,100]",2026-02-17,"Local pack, Video, Image, People also ask, Related searches",commercial,People also ask
moving companies local move,17,17,480,42,5.78,https://www.firstratemovers.com/kanata/,0,0,0.00,0.21,0,"[24,5,5,54,16,41,41,13,8,7,4,7]",2026-03-10,"Local pack, Video, Related searches",commercial,Organic
long haul moving,39,39,390,23,7.59,https://www.firstratemovers.com/long-distance-moving/,0,0,0.00,0.45,115000000,"[35,66,54,66,66,66,66,100,81,100,100,100]",2026-02-11,"Video, People also ask, Related searches",informational,Organic
long haul moving,52,52,390,23,7.59,https://www.firstratemovers.com/long-distance-moving/,0,0,0.00,0.45,115000000,"[35,66,54,66,66,66,66,100,81,100,100,100]",2026-02-11,"Video, People also ask, Related searches",informational,Organic
short term furniture storage,21,21,110,41,5.69,https://www.firstratemovers.com/free-storage-ottawa/,0,0,0.00,0.2,61600000,"[41,41,52,52,64,82,52,52,41,100,82,100]",2026-03-03,"Local pack, Sitelinks, Video, People also ask, Popular products, Related searches, Discussions and forums, AI overview",commercial,Organic
short term furniture storage,85,85,110,41,5.69,https://www.firstratemovers.com/our-storage/,0,0,0.00,0.2,61600000,"[41,41,52,52,64,82,52,52,41,100,82,100]",2026-03-03,"Local pack, Sitelinks, Video, People also ask, Popular products, Related searches, Discussions and forums, AI overview",commercial,Organic
professional packers,16,16,140,10,4.83,https://www.firstratemovers.com/ottawa-packing-services/,0,0,0.00,0.66,211,"[14,9,9,52,80,52,100,100,100,100,100,100]",2026-03-09,"Local pack, Video, Related searches, See results about, AI overview",informational,Organic
who buys used furniture near me,47,47,140,32,0.75,https://www.firstratemovers.com/where-can-i-sell-donate-or-dispose-of-my-belongings-in-ottawa/,0,0,0.00,0.6,144000000,"[4,5,4,4,5,7,7,7,7,5,5,2]",2026-02-06,"Local pack, Sitelinks, People also ask, Related searches",transactional,Organic
moving and storage companies,36,36,210,35,6.60,https://www.firstratemovers.com/,0,0,0.00,0.77,186000000,"[10,12,19,29,5,23,100,23,23,29,12,15]",2026-02-04,"Local pack, Video, People also ask, Related searches",commercial,Organic
moving and storage companies,55,55,210,35,6.60,https://www.firstratemovers.com/,0,0,0.00,0.77,186000000,"[10,12,19,29,5,23,100,23,23,29,12,15]",2026-02-04,"Local pack, Video, People also ask, Related searches",commercial,Organic
storage and shipping services,25,25,320,24,0.00,https://www.firstratemovers.com/free-storage-ottawa/,0,0,0.00,0.33,327000000,"[66,66,54,66,66,66,66,81,66,81,81,35]",2026-02-01,"Local pack, Sitelinks, People also ask, Related searches",commercial,Organic
best movers in ottawa,5,5,170,41,4.10,https://www.firstratemovers.com/,0,0,0.00,0.59,2080000,"[82,66,66,17,23,100,28,28,35,28,35,35]",2026-01-17,"Local pack, Sitelinks, Image, People also ask, Related searches, Discussions and forums",commercial,Organic
best movers in ottawa,40,40,170,41,4.10,https://www.firstratemovers.com/local-ottawa-moving-rates/,0,0,0.00,0.59,2080000,"[82,66,66,17,23,100,28,28,35,28,35,35]",2026-01-17,"Local pack, Sitelinks, Image, People also ask, Related searches, Discussions and forums",commercial,Organic
best movers in ottawa,94,94,170,41,4.10,https://www.firstratemovers.com/how-to-choose-a-good-moving-company/,0,0,0.00,0.59,2080000,"[82,66,66,17,23,100,28,28,35,28,35,35]",2026-01-17,"Local pack, Sitelinks, Image, People also ask, Related searches, Discussions and forums",commercial,Organic
furniture movement service,1,1,90,14,4.00,https://www.firstratemovers.com/professional-hoisting/,0,0,0.00,0.63,384000000,"[11,11,41,64,64,82,64,41,41,100,29,52]",2026-02-15,"Local pack, Video, Related searches, AI overview",informational,AI overview
furniture movement service,100,100,90,14,4.00,https://www.firstratemovers.com/professional-hoisting/,0,0,0.00,0.63,384000000,"[11,11,41,64,64,82,64,41,41,100,29,52]",2026-02-15,"Local pack, Video, Related searches, AI overview",informational,Organic
moving piano cost,9,9,140,5,1.82,https://www.firstratemovers.com/ottawa-piano-movers/,0,0,0.00,0.18,56100000,"[21,28,34,43,43,15,6,43,53,100,34,65]",2026-01-17,"Image pack, Sitelinks, Video, Video Carousel, People also ask, Related searches, Discussions and forums, AI overview","commercial, informational",Organic
moving companies long distance movers,35,35,260,27,8.61,https://www.firstratemovers.com/long-distance-moving/,0,0,0.00,0.16,203000000,"[10,16,16,13,30,24,24,16,20,24,6,20]",2026-02-02,"Local pack, People also ask, Related searches, AI overview",commercial,Organic
moving companies long distance movers,41,41,260,27,8.61,https://www.firstratemovers.com/long-distance-moving/,0,0,0.00,0.16,203000000,"[10,16,16,13,30,24,24,16,20,24,6,20]",2026-02-02,"Local pack, People also ask, Related searches, AI overview",commercial,Organic
moving companies long distance movers,53,53,260,27,8.61,https://www.firstratemovers.com/long-distance-moving/,0,0,0.00,0.16,203000000,"[10,16,16,13,30,24,24,16,20,24,6,20]",2026-02-02,"Local pack, People also ask, Related searches, AI overview",commercial,Organic
storage for furniture,31,31,70,22,2.70,https://www.firstratemovers.com/free-storage-ottawa/,0,0,0.00,0.98,336000000,"[35,64,50,50,50,50,64,35,64,64,50,35]",2026-02-26,"Local pack, Sitelinks, Video, Image, People also ask, Popular products, Related searches",commercial,Organic
moving services ottawa,44,44,720,55,6.95,https://www.firstratemovers.com/ottawa-packing-services/,0,0,0.00,0.86,133000000,"[24,27,5,4,7,66,20,10,13,44,16,16]",2026-02-05,"Local pack, Sitelinks, Video, People also ask, Related searches",commercial,Organic
moving services ottawa,52,52,720,55,6.95,https://www.firstratemovers.com/ottawa-packing-services/,0,0,0.00,0.86,133000000,"[24,27,5,4,7,66,20,10,13,44,16,16]",2026-02-05,"Local pack, Sitelinks, Video, People also ask, Related searches",commercial,Organic
r and b moving,74,74,70,9,1.44,https://www.firstratemovers.com/packing-electronics/,0,0,0.00,0.25,1040000000,"[8,1,1,1,1,8,8,5,5,3,6,5]",2026-02-23,"Knowledge panel, Video, People also ask, Related searches",informational,Organic
how much movers charge,15,15,110,18,2.20,https://www.firstratemovers.com/local-ottawa-moving-rates/,0,0,0.00,0.79,24300000,"[78,100,64,78,78,100,78,100,78,100,64,64]",2026-03-03,"Sitelinks, Video, People also ask, Related searches, Discussions and forums, AI overview",informational,Organic
where do i sell,74,74,140,56,6.77,https://www.firstratemovers.com/where-can-i-sell-donate-or-dispose-of-my-belongings-in-ottawa/,0,0,0.00,0.11,3540000000,"[64,82,64,82,64,82,82,82,82,100,64,64]",2026-03-03,"Sitelinks, Video, Video Carousel, People also ask, Related searches, Discussions and forums, AI overview",commercial,Organic
low price moving companies,9,9,170,37,7.21,https://www.firstratemovers.com/,0,0,0.00,0.69,388000000,"[43,35,43,54,43,35,29,14,22,35,29,29]",2026-01-20,"Local pack, Sitelinks, People also ask, Related searches",commercial,Organic
low price moving companies,17,17,170,37,7.21,https://www.firstratemovers.com/,0,0,0.00,0.69,388000000,"[43,35,43,54,43,35,29,14,22,35,29,29]",2026-01-20,"Local pack, Sitelinks, People also ask, Related searches",commercial,Organic
low price moving companies,98,98,170,37,7.21,https://www.firstratemovers.com/local-ottawa-moving-rates/,0,0,0.00,0.69,388000000,"[43,35,43,54,43,35,29,14,22,35,29,29]",2026-01-20,"Local pack, Sitelinks, People also ask, Related searches",commercial,Organic
top town movers inc,23,23,70,18,0.00,https://www.firstratemovers.com/,0,0,0.00,0.05,21700000,"[36,63,63,81,100,81,18,81,63,36,36,45]",2026-01-26,"Knowledge panel, Sitelinks, People also ask, Related searches",navigational,Organic
moving company peterborough,2,2,70,32,4.86,https://www.firstratemovers.com/typical-move-costs-for-2024/,0,0,0.00,0.81,8390000,"[23,33,23,33,23,33,52,33,42,52,33,23]",2026-02-15,"Local pack, Sitelinks, Image, People also ask, Related searches",commercial,People also ask
moving company peterborough,2,2,70,32,4.86,https://www.firstratemovers.com/local-ottawa-moving-rates/,0,0,0.00,0.81,8390000,"[23,33,23,33,23,33,52,33,42,52,33,23]",2026-02-15,"Local pack, Sitelinks, Image, People also ask, Related searches",commercial,People also ask
moving service quote,37,37,590,30,9.28,https://www.firstratemovers.com/moving-quotes/,0,0,0.00,0.42,315000000,"[1,1,62,100,81,55,62,62,30,13,6,10]",2026-01-26,"Local pack, Video, People also ask, Related searches, Discussions and forums, AI overview",commercial,Organic
bc moving,5,5,110,21,5.48,https://www.firstratemovers.com/how-to-choose-a-good-moving-company/,0,0,0.00,0.36,157,"[3,3,3,3,3,3,3,18,18,100,23,35]",2026-03-05,"Local pack, Top stories, Video, People also ask, Related searches",commercial,People also ask
bc moving,5,5,110,21,5.48,https://www.firstratemovers.com/,0,0,0.00,0.36,157,"[3,3,3,3,3,3,3,18,18,100,23,35]",2026-03-05,"Local pack, Top stories, Video, People also ask, Related searches",commercial,People also ask
moving piano,16,16,170,23,3.08,https://www.firstratemovers.com/ottawa-piano-movers/,0,0,0.00,0.8,228000000,"[1,7,100,12,12,12,54,10,10,12,10,7]",2026-01-25,"Local pack, Image pack, Sitelinks, Video, Video Carousel, People also ask, Related searches, Discussions and forums",commercial,Organic
moving piano,31,31,170,23,3.08,https://www.firstratemovers.com/ottawa-piano-movers/,0,0,0.00,0.8,228000000,"[1,7,100,12,12,12,54,10,10,12,10,7]",2026-01-25,"Local pack, Image pack, Sitelinks, Video, Video Carousel, People also ask, Related searches, Discussions and forums",commercial,Organic
movement furniture,35,35,90,18,4.04,https://www.firstratemovers.com/professional-hoisting/,0,0,0.00,0.55,571000000,"[66,66,66,80,66,80,80,0,0,0,0,0]",2026-02-15,"Sitelinks, Video, Image, Video Carousel, People also ask, Popular products, Related searches",informational,Organic
give away used furniture,75,75,90,29,1.08,https://www.firstratemovers.com/where-can-i-sell-donate-or-dispose-of-my-belongings-in-ottawa/,0,0,0.00,0.6,209000000,"[33,33,33,33,33,33,42,33,42,66,42,42]",2026-02-19,"Local pack, Ads bottom, People also ask, Related searches, AI overview",commercial,Organic
woodstock moving companies,3,3,140,11,3.97,https://www.firstratemovers.com/local-ottawa-moving-rates/,0,0,0.00,0.71,10100000,"[42,65,42,80,42,53,42,42,42,53,65,53]",2026-02-20,"Local pack, Image, People also ask, Related searches",commercial,People also ask
movers in red deer,5,5,320,22,4.09,https://www.firstratemovers.com/local-ottawa-moving-rates/,0,0,0.00,0.9,3190000,"[29,29,23,19,67,54,44,36,36,44,29,29]",2026-03-04,"Local pack, Sitelinks, Image, People also ask, Related searches",commercial,People also ask
long distance movers cheap,56,56,390,25,4.65,https://www.firstratemovers.com/long-distance-moving/,0,0,0.00,0.14,23500000,"[66,66,54,66,66,66,54,81,81,100,81,100]",2026-01-27,"Local pack, Sitelinks, Video, Ads bottom, People also ask, Related searches, Discussions and forums, Ads middle, AI overview",commercial,Organic
moving quotation,1,1,110,31,9.28,https://www.firstratemovers.com/local-ottawa-moving-rates/,0,0,0.00,0.42,149,"[0,0,0,0,0,0,2,100,3,5,4,4]",2026-03-05,"Image pack, Video, People also ask, Related searches, AI overview",informational,AI overview
moving quotation,11,11,110,31,9.28,https://www.firstratemovers.com/local-ottawa-moving-rates/,0,0,0.00,0.42,149,"[0,0,0,0,0,0,2,100,3,5,4,4]",2026-03-05,"Image pack, Video, People also ask, Related searches, AI overview",informational,Organic
regina moving company,8,8,110,24,2.90,https://www.firstratemovers.com/local-ottawa-moving-rates/,0,0,0.00,0.58,24300000,"[12,9,53,12,6,43,81,65,100,53,9,12]",2026-02-20,"Local pack, Sitelinks, Image, People also ask, Related searches",commercial,People also ask
movers for house,31,31,110,41,0.00,https://www.firstratemovers.com/local-ottawa-moving-rates/,0,0,0.00,0.04,84400000,"[35,53,0,0,82,66,82,0,0,2,0,28]",2026-01-21,"Local pack, People also ask, Popular products, Related searches, Discussions and forums",commercial,Organic
long distance moving options,41,41,390,23,0.00,https://www.firstratemovers.com/long-distance-moving/,0,0,0.00,0.11,229000000,"[35,54,44,54,54,54,54,81,81,100,81,81]",2026-02-17,"Sitelinks, Video, Ads bottom, People also ask, Related searches, Discussions and forums, AI overview",informational,Organic
long distance moving ottawa,13,13,50,23,7.61,https://www.firstratemovers.com/long-distance-moving/,0,0,0.00,0.53,5320000,"[18,36,18,9,36,0,9,100,81,81,100,81]",2026-02-21,"Local pack, Sitelinks, People also ask, Related searches",commercial,Organic
moving companies ottawa to toronto,4,4,90,5,8.15,https://www.firstratemovers.com/moving-from-ottawa-to-toronto/,0,0,0.00,0.88,8400000,"[50,50,50,100,78,50,78,78,78,64,50,50]",2026-03-03,"People also ask, Related searches, AI overview",informational,AI overview
moving companies ottawa to toronto,23,23,90,5,8.15,https://www.firstratemovers.com/long-distance-moving/,0,0,0.00,0.88,8400000,"[50,50,50,100,78,50,78,78,78,64,50,50]",2026-03-03,"People also ask, Related searches, AI overview",informational,Organic
moving companies ottawa to toronto,47,47,90,5,8.15,https://www.firstratemovers.com/long-distance-moving/,0,0,0.00,0.88,8400000,"[50,50,50,100,78,50,78,78,78,64,50,50]",2026-03-03,"People also ask, Related searches, AI overview",informational,Organic
movers barrhaven,71,71,110,11,5.43,https://www.firstratemovers.com/,0,0,0.00,0.65,25600,"[3,3,7,7,7,11,11,80,80,65,100,100]",2026-01-27,"Local pack, Video, Image, People also ask, Related searches",commercial,Organic
relocation companies,80,80,260,42,5.05,https://www.firstratemovers.com/,0,0,0.00,0.16,88300000,"[6,9,12,15,23,19,100,54,44,44,44,36]",2026-02-27,"Local pack, Ads bottom, Related searches, AI overview",informational,Organic
moving service,15,15,1000,68,6.50,https://www.firstratemovers.com/,0,0,0.00,0.1,1500000000,"[34,20,24,55,16,24,55,30,30,44,30,100]",2026-02-26,"Local pack, Sitelinks, Video, Image, People also ask, Related searches",commercial,Organic
moving service,21,21,1000,68,6.50,https://www.firstratemovers.com/,0,0,0.00,0.1,1500000000,"[34,20,24,55,16,24,55,30,30,44,30,100]",2026-02-26,"Local pack, Sitelinks, Video, Image, People also ask, Related searches",commercial,Organic
sell unused items,46,46,70,27,1.39,https://www.firstratemovers.com/where-can-i-sell-donate-or-dispose-of-my-belongings-in-ottawa/,0,0,0.00,0.31,45000000,"[33,42,33,33,33,33,9,33,33,33,23,33]",2026-03-05,"Sitelinks, Video, Video Carousel, People also ask, Related searches, AI overview",informational,Organic
truck rental movers,54,54,90,65,1.71,https://www.firstratemovers.com/,0,0,0.00,0.23,19900000,"[100,100,53,15,0,0,0,12,9,6,9,3]",2026-01-18,"Local pack, Video, Related searches",commercial,Organic
mover quotation,38,38,590,22,9.28,https://www.firstratemovers.com/,0,0,0.00,0.42,492000000,"[36,45,62,100,81,55,62,0,0,0,0,0]",2026-02-18,"Image pack, Video, Ads bottom, People also ask, Related searches, AI overview","commercial, informational",Organic
mover quotation,50,50,590,22,9.28,https://www.firstratemovers.com/moving-quotes/,0,0,0.00,0.42,492000000,"[36,45,62,100,81,55,62,0,0,0,0,0]",2026-02-18,"Image pack, Video, Ads bottom, People also ask, Related searches, AI overview","commercial, informational",Organic
hour movers,25,25,70,26,3.94,https://www.firstratemovers.com/local-ottawa-moving-rates/,0,0,0.00,0.54,64700000,"[11,11,11,82,64,82,82,100,11,11,11,11]",2026-01-13,"Knowledge panel, Sitelinks, Video, People also ask, Related searches",navigational,Organic
best place to buy moving supplies,34,34,320,40,0.91,https://www.firstratemovers.com/moving-boxes-and-supplies/,0,0,0.00,0.89,156000000,"[29,36,29,44,36,36,36,36,36,54,44,44]",2026-02-03,"Local pack, Sitelinks, Video, Image, People also ask, Popular products, Related searches, AI overview",commercial,Organic
ontario moving companies,29,29,110,32,7.22,https://www.firstratemovers.com/long-distance-moving/,0,0,0.00,0.66,201000000,"[52,52,19,52,33,42,23,66,66,66,80,100]",2026-01-24,"Local pack, Sitelinks, Video, Image, Related searches, AI overview",commercial,Organic
moving companies peterborough,2,2,390,27,4.86,https://www.firstratemovers.com/local-ottawa-moving-rates/,0,0,0.00,0.81,14600000,"[81,81,66,81,81,66,66,54,66,44,66,54]",2026-02-14,"Local pack, Sitelinks, Video, Image, People also ask, Related searches",commercial,People also ask
movers with storage,29,29,260,61,6.22,https://www.firstratemovers.com/free-storage-ottawa/,0,0,0.00,0.21,38000000,"[44,100,5,5,9,5,9,54,36,81,66,23]",2026-02-14,"Local pack, Video, People also ask, Related searches, Discussions and forums",commercial,Organic
movers with storage,70,70,260,61,6.22,https://www.firstratemovers.com/free-storage-ottawa/,0,0,0.00,0.21,38000000,"[44,100,5,5,9,5,9,54,36,81,66,23]",2026-02-14,"Local pack, Video, People also ask, Related searches, Discussions and forums",commercial,Organic
storage locker ottawa,34,34,1000,34,3.65,https://www.firstratemovers.com/free-storage-ottawa/,0,0,0.00,0.71,1660000,"[54,30,30,41,66,100,30,36,36,54,41,36]",2026-02-06,"Local pack, Sitelinks, Image, People also ask, Related searches",commercial,Organic
moving companies sault ste marie ontario,4,4,70,14,1.68,https://www.firstratemovers.com/local-ottawa-moving-rates/,0,0,0.00,0.57,1080000,"[78,78,50,50,35,50,14,78,50,64,64,64]",2026-03-03,"Local pack, Image, People also ask, Related searches",commercial,People also ask
moving companies sault ste marie ontario,4,4,70,14,1.68,https://www.firstratemovers.com/local-ottawa-moving-rates/,0,0,0.00,0.57,1080000,"[78,78,50,50,35,50,14,78,50,64,64,64]",2026-03-03,"Local pack, Image, People also ask, Related searches",commercial,People also ask
affordable movers near me,19,19,210,41,5.57,https://www.firstratemovers.com/,0,0,0.00,0.92,0,"[44,35,28,23,28,35,28,35,44,44,28,23]",2026-03-07,"Local pack, Sitelinks, Video, Related searches, Discussions and forums",transactional,Organic
affordable movers near me,52,52,210,41,5.57,https://www.firstratemovers.com/,0,0,0.00,0.92,0,"[44,35,28,23,28,35,28,35,44,44,28,23]",2026-03-07,"Local pack, Sitelinks, Video, Related searches, Discussions and forums",transactional,Organic
affordable movers near me,65,65,210,41,5.57,https://www.firstratemovers.com/,0,0,0.00,0.92,0,"[44,35,28,23,28,35,28,35,44,44,28,23]",2026-03-07,"Local pack, Sitelinks, Video, Related searches, Discussions and forums",transactional,Organic
peterborough movers,5,5,320,36,4.86,https://www.firstratemovers.com/local-ottawa-moving-rates/,0,0,0.00,0.81,450000,"[66,44,66,28,66,66,66,66,66,35,54,28]",2026-02-12,"Local pack, Sitelinks, Image, People also ask, Related searches",commercial,People also ask
buy boxes,43,43,480,40,3.02,https://www.firstratemovers.com/moving-boxes-and-supplies/,0,0,0.00,0.68,888000000,"[66,66,44,81,81,81,54,66,66,100,81,66]",2026-01-16,"Local pack, Sitelinks, Video, Image, People also ask, Popular products, Related searches",transactional,Organic
fitness equipment moving companies,8,8,90,5,3.04,https://www.firstratemovers.com/how-to-choose-a-good-moving-company/,0,0,0.00,0.8,208,"[42,34,34,34,26,26,34,26,19,42,26,42]",2026-03-05,"Local pack, Sitelinks, Video, Image, People also ask, Related searches",commercial,People also ask
fitness equipment moving companies,8,8,90,5,3.04,https://www.firstratemovers.com/,0,0,0.00,0.8,208,"[42,34,34,34,26,26,34,26,19,42,26,42]",2026-03-05,"Local pack, Sitelinks, Video, Image, People also ask, Related searches",commercial,People also ask
big day movers,45,45,90,13,3.68,https://www.firstratemovers.com/,0,0,0.00,0.37,0,"[0,14,78,78,78,78,78,100,100,78,50,21]",2026-03-08,"Knowledge panel, Video, Related searches, AI overview",navigational,Organic
123 moving,9,9,170,17,0.00,https://www.firstratemovers.com/local-ottawa-moving-rates/,0,0,0.00,0.01,823000000,"[100,81,53,43,53,53,43,43,65,65,43,43]",2026-02-10,"Video, People also ask, AI overview",informational,People also ask
absolutely moving,29,29,50,22,3.37,https://www.firstratemovers.com/local-ottawa-moving-rates/,0,0,0.00,0.42,492000000,"[18,18,18,18,18,18,100,63,63,81,63,63]",2026-02-16,"Local pack, Sitelinks, Video, Video Carousel, People also ask, Related searches",commercial,Organic
boxes moving,26,26,70,30,0.82,https://www.firstratemovers.com/moving-boxes-and-supplies/,0,0,0.00,1,0,"[3,7,7,7,11,7,65,53,65,65,34,7]",2026-03-09,"Local pack, Sitelinks, Video, Image, Ads top, Video Carousel, Popular products, Related searches, Ads middle",commercial,Organic
move appliances,27,27,70,9,2.81,https://www.firstratemovers.com/preparing-appliances/,0,0,0.00,0.86,234000000,"[0,0,0,4,23,52,14,100,100,52,52,42]",2026-01-25,"Sitelinks, Video, Video Carousel, People also ask, Related searches, Discussions and forums",commercial,Organic
best deal on moving boxes,44,44,320,35,1.42,https://www.firstratemovers.com/moving-boxes-and-supplies/,0,0,0.00,0.94,316000000,"[26,32,26,32,32,32,32,32,32,39,39,32]",2026-02-01,"Sitelinks, Image, People also ask, Popular products, Related searches, Discussions and forums",commercial,Organic
movers in ottawa ontario,66,66,1000,49,6.95,https://www.firstratemovers.com/ottawa-packing-services/,0,0,0.00,0.86,544000,"[82,55,4,5,20,65,30,16,24,24,24,20]",2026-02-21,"Local pack, Sitelinks, Image, People also ask, Related searches",commercial,Organic
movers in ottawa ontario,95,95,1000,49,6.95,https://www.firstratemovers.com/long-distance-moving/,0,0,0.00,0.86,544000,"[82,55,4,5,20,65,30,16,24,24,24,20]",2026-02-21,"Local pack, Sitelinks, Image, People also ask, Related searches",commercial,Organic
cheap moving companies long distance,26,26,70,33,4.65,https://www.firstratemovers.com/long-distance-moving/,0,0,0.00,0.14,305000000,"[0,0,66,100,0,0,8,2,2,2,2,2]",2026-02-04,"Video, People also ask, Related searches, Discussions and forums, AI overview",commercial,Organic
moving from toronto,55,55,140,16,0.00,https://www.firstratemovers.com/moving-to-ottawa-from-toronto/,0,0,0.00,0.57,172000000,"[81,100,100,100,53,6,6,12,12,9,9,15]",2026-01-24,"Sitelinks, Video, Image, Video Carousel, People also ask, Related searches, Discussions and forums, AI overview",informational,Organic
moving from toronto,59,59,140,16,0.00,https://www.firstratemovers.com/moving-to-ottawa-from-toronto/,0,0,0.00,0.57,172000000,"[81,100,100,100,53,6,6,12,12,9,9,15]",2026-01-24,"Sitelinks, Video, Image, Video Carousel, People also ask, Related searches, Discussions and forums, AI overview",informational,Organic
local moving companies ottawa,45,45,90,43,5.40,https://www.firstratemovers.com/local-ottawa-moving-rates/,0,0,0.00,0.72,9990000,"[12,17,12,23,23,23,28,23,28,17,17,17]",2026-01-18,"Local pack, Sitelinks, People also ask, Related searches",commercial,Organic
best moving company in ottawa,5,5,50,41,4.10,https://www.firstratemovers.com/,0,0,0.00,0.59,11300000,"[81,63,18,27,100,36,45,45,45,27,81,18]",2026-02-21,"Local pack, Sitelinks, People also ask, Related searches, Discussions and forums",commercial,Organic
best moving company in ottawa,33,33,50,41,4.10,https://www.firstratemovers.com/ottawa-packing-services/,0,0,0.00,0.59,11300000,"[81,63,18,27,100,36,45,45,45,27,81,18]",2026-02-21,"Local pack, Sitelinks, People also ask, Related searches, Discussions and forums",commercial,Organic
best moving company in ottawa,49,49,50,41,4.10,https://www.firstratemovers.com/ottawa-packing-services/,0,0,0.00,0.59,11300000,"[81,63,18,27,100,36,45,45,45,27,81,18]",2026-02-21,"Local pack, Sitelinks, People also ask, Related searches, Discussions and forums",commercial,Organic
storage rate,15,15,110,19,3.47,https://www.firstratemovers.com/free-storage-ottawa/,0,0,0.00,0.68,1150000000,"[53,100,12,23,12,12,12,28,17,23,35,35]",2026-01-25,"Video, People also ask, Related searches, AI overview",informational,Organic
where do you get rid of old furniture,14,14,90,23,1.77,https://www.firstratemovers.com/furniture-donation-disposal/,0,0,0.00,0.8,97200000,"[26,26,7,34,34,34,42,26,34,42,34,34]",2026-02-04,"Sitelinks, Video, People also ask, Related searches, Discussions and forums, AI overview",transactional,Organic
moving company in newmarket,49,49,70,18,8.76,https://www.firstratemovers.com/moving-from-ottawa-to-toronto/,0,0,0.00,0.74,967000,"[0,0,3,11,11,11,11,100,65,53,19,15]",2026-01-19,"Local pack, Image, People also ask, Related searches",commercial,Organic
cheap storage ottawa,16,16,110,45,4.21,https://www.firstratemovers.com/free-storage-ottawa/,0,0,0.00,0.91,56900000,"[50,50,50,78,78,78,100,78,100,78,78,64]",2026-02-26,"Local pack, Sitelinks, People also ask, Related searches",commercial,Organic
appliances movers,37,37,140,11,2.39,https://www.firstratemovers.com/preparing-appliances/,0,0,0.00,0.98,24300000,"[29,22,10,22,29,35,29,35,35,22,22,22]",2026-01-19,"Local pack, Sitelinks, Video, People also ask, Related searches",informational,Organic
cost to move household,56,56,50,,1.91,https://www.firstratemovers.com/typical-move-costs-for-2024/,0,0,0.00,0.51,907000000,"[5,0,0,0,0,0,0,52,82,64,64,52]",2026-02-16,"Sitelinks, Video, Ads bottom, People also ask, Related searches, Discussions and forums, AI overview",informational,Organic
movers peterborough ontario,2,2,390,38,4.86,https://www.firstratemovers.com/local-ottawa-moving-rates/,0,0,0.00,0.81,192000,"[66,66,66,81,81,66,66,66,54,44,54,44]",2026-03-02,"Local pack, Sitelinks, People also ask, Related searches",commercial,People also ask
piano moving services near me,8,8,210,24,2.61,https://www.firstratemovers.com/ottawa-piano-movers/,0,0,0.00,0.56,88100000,"[66,82,100,43,53,28,43,43,43,23,23,66]",2026-03-03,"Local pack, People also ask, Related searches, AI overview",transactional,Organic
tv movers,8,8,50,8,2.00,https://www.firstratemovers.com/how-to-safely-move-your-big-screen-tv/,0,0,0.00,0.51,131000000,"[52,52,29,29,29,41,5,41,23,11,11,5]",2026-02-24,"Sitelinks, Video, Image, Video Carousel, People also ask, Related searches, AI overview",informational,Organic
tv movers,15,15,50,8,2.00,https://www.firstratemovers.com/how-to-safely-move-your-big-screen-tv/,0,0,0.00,0.51,131000000,"[52,52,29,29,29,41,5,41,23,11,11,5]",2026-02-24,"Sitelinks, Video, Image, Video Carousel, People also ask, Related searches, AI overview",informational,Organic
tv movers,34,34,50,8,2.00,https://www.firstratemovers.com/preparing-appliances/,0,0,0.00,0.51,131000000,"[52,52,29,29,29,41,5,41,23,11,11,5]",2026-02-24,"Sitelinks, Video, Image, Video Carousel, People also ask, Related searches, AI overview",informational,Organic
tv movers,49,49,50,8,2.00,https://www.firstratemovers.com/preparing-appliances/,0,0,0.00,0.51,131000000,"[52,52,29,29,29,41,5,41,23,11,11,5]",2026-02-24,"Sitelinks, Video, Image, Video Carousel, People also ask, Related searches, AI overview",informational,Organic
tv movers,57,57,50,8,2.00,https://www.firstratemovers.com/preparing-appliances/,0,0,0.00,0.51,131000000,"[52,52,29,29,29,41,5,41,23,11,11,5]",2026-02-24,"Sitelinks, Video, Image, Video Carousel, People also ask, Related searches, AI overview",informational,Organic
binbrook moving,9,9,50,14,0.00,https://www.firstratemovers.com/local-ottawa-moving-rates/,0,0,0.00,0.05,416000,"[7,7,7,7,65,42,42,7,7,7,7,7]",2026-03-02,"Knowledge panel, Sitelinks, Video, Image, People also ask",informational,People also ask
moving company rates,98,98,70,6,3.65,https://www.firstratemovers.com/,0,0,0.00,0.77,569000000,"[9,9,9,66,52,52,9,23,52,52,19,14]",2026-01-22,"Sitelinks, Video, Related searches, AI overview",informational,Organic
moving companies ottawa prices,25,25,70,17,5.33,https://www.firstratemovers.com/typical-move-costs-for-2024/,0,0,0.00,0.72,17700000,"[10,14,10,10,10,14,10,18,29,22,18,18]",2026-01-16,"Local pack, Sitelinks, People also ask, Related searches, AI overview",commercial,Organic
moving companies ottawa prices,52,52,70,17,5.33,https://www.firstratemovers.com/local-moving-in-ottawa/,0,0,0.00,0.72,17700000,"[10,14,10,10,10,14,10,18,29,22,18,18]",2026-01-16,"Local pack, Sitelinks, People also ask, Related searches, AI overview",commercial,Organic
moving service hire,22,22,50,55,5.44,https://www.firstratemovers.com/,0,0,0.00,0.83,133000000,"[63,81,63,81,18,18,100,18,18,18,27,36]",2026-02-27,"Local pack, Ads bottom, People also ask, Related searches",commercial,Organic
moving service hire,37,37,50,55,5.44,https://www.firstratemovers.com/,0,0,0.00,0.83,133000000,"[63,81,63,81,18,18,100,18,18,18,27,36]",2026-02-27,"Local pack, Ads bottom, People also ask, Related searches",commercial,Organic
best ottawa movers,5,5,70,45,4.10,https://www.firstratemovers.com/,0,0,0.00,0.59,931000,"[0,0,6,100,8,1,1,28,6,1,5,5]",2026-02-20,"Knowledge panel, Sitelinks, People also ask, Related searches, Discussions and forums, AI overview",commercial,Organic
happy ending movers,33,33,110,19,0.00,https://www.firstratemovers.com/,0,0,0.00,0,21300000,"[43,43,35,35,35,18,4,14,18,14,14,10]",2026-02-07,"Knowledge panel, Sitelinks, Video, People also ask, Related searches",informational,Organic
commercial mover,1,1,320,23,8.18,https://www.firstratemovers.com/local-ottawa-moving-rates/,0,0,0.00,0.01,1620000000,"[2,10,7,10,10,12,19,67,67,100,67,81]",2026-02-20,"Local pack, Video, People also ask, Related searches",commercial,People also ask
where to sell second hand furniture,31,31,90,32,1.05,https://www.firstratemovers.com/where-can-i-sell-donate-or-dispose-of-my-belongings-in-ottawa/,0,0,0.00,0.55,177000000,"[50,78,50,78,64,100,64,50,78,64,64,64]",2026-02-10,"Local pack, Sitelinks, Video, Video Carousel, People also ask, Related searches, AI overview",commercial,Organic
moving insurance,63,63,70,16,5.38,https://www.firstratemovers.com/moving-company-insurance-coverage/,0,0,0.00,0.52,911000000,"[19,7,15,26,26,26,34,65,53,42,7,7]",2026-02-26,"Knowledge panel, Sitelinks, Video, People also ask, Related searches, AI overview",informational,Organic
moving companies burlington,1,1,320,25,10.41,https://www.firstratemovers.com/local-ottawa-moving-rates/,0,0,0.00,0.81,9500000,"[29,54,54,29,44,66,54,54,36,66,44,44]",2026-02-19,"Local pack, People also ask, Related searches",commercial,People also ask
movers quotes,9,9,110,,9.28,https://www.firstratemovers.com/moving-quotes/,0,0,0.00,0.42,25800000,"[53,17,17,28,23,23,35,35,35,35,35,35]",2026-01-11,"Local pack, Image pack, Video, Image, Ads bottom, People also ask, Related searches, Ads middle, AI overview",commercial,Image pack
movers quotes,28,28,110,,9.28,https://www.firstratemovers.com/local-ottawa-moving-rates/,0,0,0.00,0.42,25800000,"[53,17,17,28,23,23,35,35,35,35,35,35]",2026-01-11,"Local pack, Image pack, Video, Image, Ads bottom, People also ask, Related searches, Ads middle, AI overview",commercial,Organic
moving companies oshawa ontario,1,1,140,19,8.27,https://www.firstratemovers.com/local-ottawa-moving-rates/,0,0,0.00,0.6,651000,"[0,17,10,23,35,7,28,28,28,82,100,53]",2026-03-03,"Local pack, Image, People also ask, Related searches",commercial,People also ask
moving companies oshawa ontario,1,1,140,19,8.27,https://www.firstratemovers.com/local-ottawa-moving-rates/,0,0,0.00,0.6,651000,"[0,17,10,23,35,7,28,28,28,82,100,53]",2026-03-03,"Local pack, Image, People also ask, Related searches",commercial,People also ask
cheap moving,45,45,90,44,4.58,https://www.firstratemovers.com/local-ottawa-moving-rates/,0,0,0.00,0.93,620000000,"[8,6,6,6,6,8,10,22,100,8,6,8]",2026-01-18,"Local pack, Sitelinks, Video, People also ask, Related searches, Discussions and forums",commercial,Organic
piano moving companies,32,32,90,9,3.84,https://www.firstratemovers.com/ottawa-piano-movers/,0,0,0.00,0.87,33500000,"[43,3,9,9,6,6,6,53,53,34,53,81]",2026-01-19,"Local pack, Video, Image, People also ask, Related searches",commercial,Organic
moving companies sterling,71,71,50,16,14.01,https://www.firstratemovers.com/,0,0,0.00,0.23,21400000,"[35,64,28,21,28,7,0,50,64,100,64,50]",2026-01-19,"Local pack, People also ask",commercial,Organic
movers comox valley,3,3,90,9,3.35,https://www.firstratemovers.com/local-ottawa-moving-rates/,0,0,0.00,0.83,32300,"[33,42,42,52,52,52,52,52,42,42,52,42]",2026-03-03,"Local pack, Sitelinks, Image, People also ask, Related searches",commercial,People also ask
moving companies with packing services,23,23,110,21,5.27,https://www.firstratemovers.com/ottawa-packing-services/,0,0,0.00,0.94,19600000,"[80,100,80,65,53,100,53,7,3,0,3,3]",2026-02-28,"Local pack, People also ask, Related searches",commercial,Organic
ontario moving company,78,78,50,41,7.22,https://www.firstratemovers.com/,0,0,0.00,0.66,50900000,"[0,0,2,0,2,10,0,5,7,100,10,10]",2026-02-21,"Local pack, Video, Image, People also ask, Related searches",commercial,Organic
local moving,87,87,210,64,5.44,https://www.firstratemovers.com/local-ottawa-moving-rates/,0,0,0.00,0.15,1350000000,"[1,10,2,5,3,5,7,20,20,16,13,10]",2026-03-01,"Local pack, Video, Image, People also ask, Related searches",commercial,Organic
local moving,93,93,210,64,5.44,https://www.firstratemovers.com/local-ottawa-moving-rates/,0,0,0.00,0.15,1350000000,"[1,10,2,5,3,5,7,20,20,16,13,10]",2026-03-01,"Local pack, Video, Image, People also ask, Related searches",commercial,Organic
storage units for rent in ottawa,43,43,70,30,4.43,https://www.firstratemovers.com/free-storage-ottawa/,0,0,0.00,0.96,1610000,"[63,63,81,81,81,81,18,63,45,63,45,63]",2026-01-18,"Local pack, People also ask, Related searches",commercial,Organic
moving service ottawa,75,75,260,50,6.95,https://www.firstratemovers.com/local-ottawa-moving-rates/,0,0,0.00,0.86,18600000,"[81,36,1,1,2,67,4,15,100,10,10,7]",2026-03-03,"Local pack, Image, People also ask, Related searches",commercial,Organic
where to buy moving boxes cheap,32,32,260,45,0.87,https://www.firstratemovers.com/moving-boxes-and-supplies/,0,0,0.00,0.94,91500000,"[22,66,54,66,66,43,18,66,66,81,54,43]",2026-01-24,"Local pack, Sitelinks, Video, Image, People also ask, Popular products, Related searches, AI overview",transactional,Organic
standard moving,78,78,170,3,0.00,https://www.firstratemovers.com/local-moving-in-ottawa/,0,0,0.00,0,1260000000,"[65,100,80,80,80,53,65,53,80,42,42,80]",2026-01-26,"Sitelinks, Video, People also ask, Related searches, AI overview",informational,Organic
how much does a moving company charge,31,31,320,12,2.20,https://www.firstratemovers.com/local-ottawa-moving-rates/,0,0,0.00,0.79,512000000,"[54,54,54,54,54,54,54,54,54,54,28,28]",2026-03-04,"Sitelinks, Video, People also ask, Related searches, AI overview",informational,Organic
top ten moving companies,35,35,90,34,7.44,https://www.firstratemovers.com/,0,0,0.00,0.74,0,"[28,28,23,23,28,28,35,35,17,17,23,17]",2026-03-02,"Local pack, Sitelinks, Related searches, Discussions and forums, AI overview",commercial,Organic
newmarket moving company,2,2,70,18,8.76,https://www.firstratemovers.com/local-ottawa-moving-rates/,0,0,0.00,0.74,1110000,"[28,3,6,9,9,12,9,43,43,34,28,28]",2026-03-05,"Local pack, Image, People also ask, Related searches",commercial,People also ask
furniture bank donations,49,49,50,35,1.24,https://www.firstratemovers.com/furniture-donation-disposal/,0,0,0.00,0.37,66400000,"[11,11,11,11,11,11,11,29,100,29,64,41]",2026-02-16,"Knowledge panel, Local pack, Video, Ads top, Ads bottom, People also ask, Related searches, AI overview",navigational,Organic
get rid of furniture,29,29,50,15,3.33,https://www.firstratemovers.com/where-can-i-sell-donate-or-dispose-of-my-belongings-in-ottawa/,0,0,0.00,0.75,215000000,"[21,15,21,15,21,6,6,34,28,21,15,21]",2026-01-21,"Sitelinks, Video, Ads bottom, Video Carousel, People also ask, Related searches, Discussions and forums, AI overview","commercial, informational",Organic
get rid of furniture,46,46,50,15,3.33,https://www.firstratemovers.com/furniture-donation-disposal/,0,0,0.00,0.75,215000000,"[21,15,21,15,21,6,6,34,28,21,15,21]",2026-01-21,"Sitelinks, Video, Ads bottom, Video Carousel, People also ask, Related searches, Discussions and forums, AI overview","commercial, informational",Organic
get rid of furniture,78,78,50,15,3.33,https://www.firstratemovers.com/furniture-donation-disposal/,0,0,0.00,0.75,215000000,"[21,15,21,15,21,6,6,34,28,21,15,21]",2026-01-21,"Sitelinks, Video, Ads bottom, Video Carousel, People also ask, Related searches, Discussions and forums, AI overview","commercial, informational",Organic
get rid of furniture,93,93,50,15,3.33,https://www.firstratemovers.com/where-can-i-sell-donate-or-dispose-of-my-belongings-in-ottawa/,0,0,0.00,0.75,215000000,"[21,15,21,15,21,6,6,34,28,21,15,21]",2026-01-21,"Sitelinks, Video, Ads bottom, Video Carousel, People also ask, Related searches, Discussions and forums, AI overview","commercial, informational",Organic
movers quotation,32,32,260,31,9.28,https://www.firstratemovers.com/local-ottawa-moving-rates/,0,0,0.00,0.42,38700000,"[0,1,1,1,2,3,2,3,36,100,36,30]",2026-02-27,"Video, People also ask, Related searches, AI overview",commercial,Organic
get movers toronto on,68,68,170,23,6.53,https://www.firstratemovers.com/moving-to-ottawa-from-toronto/,0,0,0.00,0.1,16900000,"[2,0,0,0,59,39,0,1,0,1,100,11]",2026-02-02,"Local pack, Image, People also ask, Related searches",transactional,Organic
where to sale second hand furniture,26,26,110,21,1.05,https://www.firstratemovers.com/where-can-i-sell-donate-or-dispose-of-my-belongings-in-ottawa/,0,0,0.00,0.55,171000000,"[50,78,78,78,78,100,78,50,78,78,64,64]",2026-01-23,"Local pack, Sitelinks, Video, Image, People also ask, Related searches",transactional,Organic
where to sell used items,54,54,70,62,1.59,https://www.firstratemovers.com/where-can-i-sell-donate-or-dispose-of-my-belongings-in-ottawa/,0,0,0.00,0.42,153,"[26,26,26,19,26,26,26,34,26,26,26,19]",2026-03-05,"Sitelinks, Video, People also ask, Related searches, AI overview",commercial,Organic
ottawa from toronto distance,73,73,390,18,0.00,https://www.firstratemovers.com/what-to-know-about-moving-from-ottawa-to-toronto/,0,0,0.00,0,11700000,"[48,59,14,7,100,59,39,48,39,32,48,32]",2026-01-18,"Video, People also ask, Related searches",informational,Organic
moving manotick,8,8,90,,0.00,https://www.firstratemovers.com/local-ottawa-moving-rates/,0,0,0.00,0,553000,"[0,0,0,0,4,4,4,80,80,66,100,100]",2026-02-13,"Local pack, Sitelinks, Video, Image, People also ask, Related searches",commercial,People also ask
where to sell used stuff,84,84,70,59,1.59,https://www.firstratemovers.com/where-can-i-sell-donate-or-dispose-of-my-belongings-in-ottawa/,0,0,0.00,0.42,1160000000,"[63,81,63,63,63,63,63,81,63,63,63,45]",2026-02-10,"Local pack, Sitelinks, Video, Ads bottom, Video Carousel, People also ask, Related searches, Discussions and forums, AI overview",informational,Organic
