Keyword,Position,Previous position,Search Volume,Keyword Difficulty,CPC,URL,Traffic,Traffic (%),Traffic Cost,Competition,Number of Results,Trends,Timestamp,SERP Features by Keyword,Keyword Intents,Position Type
ottawa moving companies,1,1,880,39,6.95,https://www.firstratemovers.com/?utm_source=GMB&utm_medium=organic&utm_campaign=gmb-website,218,9.46,1515.00,0.86,38100000,"[5,10,8,10,35,16,24,16,13,13,13,16]",2026-02-03,"Local pack, Sitelinks, Video, People also ask, Related searches, Discussions and forums",commercial,Local pack
first rate movers,1,1,210,24,3.93,https://www.firstratemovers.com/,168,7.29,660.00,0.29,0,"[35,35,35,29,43,35,43,35,43,43,43,54]",2026-03-19,"Knowledge panel, Sitelinks, Video, Related searches",navigational,Organic
first rate movers ottawa,1,1,170,18,3.58,https://www.firstratemovers.com/,136,5.9,486.00,0.71,723000,"[3,5,9,17,14,21,32,26,26,21,21,17]",2026-02-28,"Knowledge panel, Sitelinks, Related searches",navigational,Organic
movers ottawa,1,1,1600,50,9.64,https://www.firstratemovers.com/?utm_source=GMB&utm_medium=organic&utm_campaign=gmb-website,131,5.68,1262.00,0.88,2500000,"[30,65,44,44,55,44,65,55,55,55,55,55]",2026-03-27,"Local pack, Sitelinks, Video, Image, Ads bottom, Related searches",commercial,Local pack
ottawa movers,1,1,1600,45,9.63,https://www.firstratemovers.com/?utm_source=GMB&utm_medium=organic&utm_campaign=gmb-website,131,5.68,1261.00,0.88,123,"[10,13,24,66,35,24,35,35,35,44,35,35]",2026-03-27,"Local pack, Video, Image, Related searches",commercial,Local pack
first rate movers inc,1,1,140,18,2.62,https://www.firstratemovers.com/,112,4.86,293.00,0.37,33400000,"[42,53,53,26,53,65,65,53,53,53,53,42]",2026-02-11,"Knowledge panel, Sitelinks, Video, Image, People also ask, Related searches",navigational,Organic
movers in ottawa ontario,1,1,1000,49,6.95,https://www.firstratemovers.com/?utm_source=GMB&utm_medium=organic&utm_campaign=gmb-website,82,3.56,569.00,0.86,544000,"[82,55,4,5,20,65,30,16,24,24,24,20]",2026-02-21,"Local pack, Sitelinks, Image, People also ask, Related searches",commercial,Local pack
movers in ottawa,1,1,880,50,9.63,https://www.firstratemovers.com/?utm_source=GMB&utm_medium=organic&utm_campaign=gmb-website,72,3.12,693.00,0.88,123,"[41,20,54,100,54,16,30,30,41,24,20,30]",2026-03-20,"Local pack, Sitelinks, Image, Related searches",commercial,Local pack
movers ottawa,3,5,1600,50,9.64,https://www.firstratemovers.com/,56,2.43,539.00,0.88,2500000,"[30,65,44,44,55,44,65,55,55,55,55,55]",2026-03-27,"Local pack, Sitelinks, Video, Image, Ads bottom, Related searches",commercial,Organic
kanata movers,1,1,480,18,6.26,https://www.firstratemovers.com/?utm_source=GMB&utm_medium=organic&utm_campaign=gmb-website,39,1.69,244.00,0.78,303000,"[13,3,30,36,55,20,24,30,45,100,45,30]",2026-02-05,"Local pack, Image, People also ask, Related searches",commercial,Local pack
movers ottawa ontario,1,1,480,50,9.63,https://www.firstratemovers.com/?utm_source=GMB&utm_medium=organic&utm_campaign=gmb-website,39,1.69,375.00,0.88,1540000,"[21,32,11,32,26,26,72,48,59,100,48,48]",2026-03-27,"Local pack, Image, Related searches",commercial,Local pack
ottawa movers,4,4,1600,45,9.63,https://www.firstratemovers.com/,38,1.65,365.00,0.88,123,"[10,13,24,66,35,24,35,35,35,44,35,35]",2026-03-27,"Local pack, Video, Image, Related searches",commercial,Organic
moving companies in ottawa ontario,1,1,390,47,6.95,https://www.firstratemovers.com/?utm_source=GMB&utm_medium=organic&utm_campaign=gmb-website,31,1.34,215.00,0.86,7560000,"[30,34,3,3,3,3,4,24,5,16,7,3]",2026-01-29,"Local pack, People also ask, Related searches",commercial,Local pack
best moving companies ottawa,1,1,390,50,5.89,https://www.firstratemovers.com/?utm_source=GMB&utm_medium=organic&utm_campaign=gmb-website,31,1.34,182.00,0.48,0,"[54,29,54,44,54,44,54,54,54,36,54,44]",2026-03-18,"Local pack, Sitelinks, Video, Related searches, Discussions and forums",commercial,Local pack
furniture movers,4,4,1300,14,4.21,https://www.firstratemovers.com/professional-hoisting/,31,1.34,130.00,0.77,0,"[10,13,20,24,27,24,100,66,36,52,52,36]",2026-03-15,"Local pack, Sitelinks, Popular products, Related searches",commercial,Organic
movers barrhaven,1,1,110,14,6.84,https://www.firstratemovers.com/?utm_source=GMB&utm_medium=organic&utm_campaign=gmb-website,27,1.17,184.00,0.76,115,"[3,7,7,7,11,11,80,80,65,100,100,100]",2026-03-27,"Local pack, Video, Image, Related searches",commercial,Local pack
moving ottawa,1,1,320,35,6.95,https://www.firstratemovers.com/?utm_source=GMB&utm_medium=organic&utm_campaign=gmb-website,26,1.12,180.00,0.86,133000000,"[81,54,12,15,100,19,36,29,81,29,19,29]",2026-01-31,"Local pack, Sitelinks, Video, Image, People also ask, Related searches",commercial,Local pack
ottawa moving company,3,3,720,45,6.95,https://www.firstratemovers.com/,25,1.08,173.00,0.86,75000000,"[16,20,81,100,36,30,45,55,45,55,55,45]",2026-02-11,"Local pack, Sitelinks, Video, Image, People also ask, Related searches",commercial,Organic
piano moving company near me,1,1,390,14,2.95,https://www.firstratemovers.com/ottawa-piano-movers/,25,1.08,73.00,0.67,0,"[66,66,100,66,54,54,29,36,81,66,54,29]",2026-03-13,"Local pack, Video, Related searches",transactional,Organic
moving companies ottawa,3,3,2400,58,9.63,https://www.firstratemovers.com/,24,1.04,231.00,0.88,51900000,"[36,66,80,52,100,66,80,44,44,44,66,52]",2026-03-26,"Local pack, Sitelinks, Ads bottom, Related searches",commercial,Organic
moving companies ottawa ontario,1,1,90,46,9.64,https://www.firstratemovers.com/?utm_source=GMB&utm_medium=organic&utm_campaign=gmb-website,22,0.95,212.00,0.88,0,"[100,0,0,19,7,26,26,53,80,26,15,26]",2026-03-16,"Local pack, Related searches",commercial,Local pack
best movers in ottawa,1,1,170,47,5.89,https://www.firstratemovers.com/?utm_source=GMB&utm_medium=organic&utm_campaign=gmb-website,22,0.95,129.00,0.48,0,"[66,66,17,23,100,28,28,35,28,35,35,28]",2026-03-15,"Local pack, Sitelinks, Video, Image, Related searches, Discussions and forums",commercial,Local pack
moving companies ottawa to toronto,1,1,90,5,8.15,https://www.firstratemovers.com/moving-from-ottawa-to-toronto/,22,0.95,179.00,0.88,8400000,"[50,50,50,100,78,50,78,78,78,64,50,50]",2026-03-03,"People also ask, Related searches, AI overview",informational,Organic
movers in ottawa ontario,3,3,1000,49,6.95,https://www.firstratemovers.com/,22,0.95,152.00,0.86,544000,"[82,55,4,5,20,65,30,16,24,24,24,20]",2026-02-21,"Local pack, Sitelinks, Image, People also ask, Related searches",commercial,Organic
moving manotick,1,1,90,,0.00,https://www.firstratemovers.com/manotick/,22,0.95,0.00,0,553000,"[0,0,0,0,4,4,4,80,80,66,100,100]",2026-02-13,"Local pack, Sitelinks, Video, Image, People also ask, Related searches",commercial,Organic
furniture movers ottawa,1,1,260,22,5.18,https://www.firstratemovers.com/?utm_source=GMB&utm_medium=organic&utm_campaign=gmb-website,21,0.91,108.00,0.99,0,"[5,5,7,7,11,11,59,39,32,39,39,32]",2026-03-14,"Local pack, Sitelinks, Video, Related searches",commercial,Local pack
kanata movers,2,2,480,18,6.26,https://www.firstratemovers.com/kanata/,21,0.91,131.00,0.78,303000,"[13,3,30,36,55,20,24,30,45,100,45,30]",2026-02-05,"Local pack, Image, People also ask, Related searches",commercial,Organic
movers in ottawa,4,4,880,50,9.63,https://www.firstratemovers.com/,21,0.91,202.00,0.88,123,"[41,20,54,100,54,16,30,30,41,24,20,30]",2026-03-20,"Local pack, Sitelinks, Image, Related searches",commercial,Organic
ottawa moving services,1,1,260,43,6.95,https://www.firstratemovers.com/?utm_source=GMB&utm_medium=organic&utm_campaign=gmb-website,21,0.91,145.00,0.86,124,"[24,13,4,4,5,7,7,13,16,10,13,13]",2026-03-05,"Local pack, Video, Image, People also ask, Related searches",commercial,Local pack
piano removal company,3,3,590,,3.50,https://www.firstratemovers.com/ottawa-piano-movers/,20,0.86,70.00,0.84,118,"[1,1,1,1,81,62,81,55,100,45,24,24]",2026-03-23,"Local pack, Video, Related searches",commercial,Organic
ottawa moving companies,3,3,880,39,6.95,https://www.firstratemovers.com/,19,0.82,132.00,0.86,38100000,"[5,10,8,10,35,16,24,16,13,13,13,16]",2026-02-03,"Local pack, Sitelinks, Video, People also ask, Related searches, Discussions and forums",commercial,Organic
moving company ottawa,1,1,1000,55,9.64,https://www.firstratemovers.com/?utm_source=GMB&utm_medium=organic&utm_campaign=gmb-website,18,0.78,173.00,0.88,126,"[16,24,30,24,30,30,54,79,100,41,54,41]",2026-03-21,"Local pack, Sitelinks, Video, Image, Related searches",commercial,Local pack
moving from ottawa to toronto,2,2,140,3,10.15,https://www.firstratemovers.com/moving-from-ottawa-to-toronto/,18,0.78,182.00,0.85,89500000,"[33,33,66,9,9,9,100,100,100,100,80,100]",2026-03-22,"Sitelinks, Video, Related searches, Discussions and forums, AI overview","commercial, informational",Organic
professional movers ottawa,6,6,590,48,6.66,https://www.firstratemovers.com/,17,0.73,113.00,0.52,1300000,"[59,39,39,48,72,100,72,59,59,48,72,39]",2026-03-24,"Knowledge panel, Sitelinks, Video, Related searches",informational,Organic
moving companies kanata,1,1,210,11,6.47,https://www.firstratemovers.com/?utm_source=GMB&utm_medium=organic&utm_campaign=gmb-website,17,0.73,109.00,0.46,122,"[43,65,65,43,43,81,81,100,100,43,34,65]",2026-03-22,"Local pack, Related searches",commercial,Local pack
moving companies ottawa prices,1,1,70,12,6.38,https://www.firstratemovers.com/local-ottawa-moving-rates/,17,0.73,108.00,0.88,0,"[14,10,10,10,14,10,18,29,22,18,18,18]",2026-03-14,"Local pack, Sitelinks, Related searches, AI overview",commercial,Organic
ottawa moving services,1,1,260,43,6.95,https://www.firstratemovers.com/,16,0.69,111.00,0.86,124,"[24,13,4,4,5,7,7,13,16,10,13,13]",2026-03-05,"Local pack, Video, Image, People also ask, Related searches",commercial,Organic
movers ottawa ontario,3,2,480,50,9.63,https://www.firstratemovers.com/,16,0.69,154.00,0.88,1540000,"[21,32,11,32,26,26,72,48,59,100,48,48]",2026-03-27,"Local pack, Image, Related searches",commercial,Organic
movers to move furniture,5,5,590,20,4.21,https://www.firstratemovers.com/,14,0.6,58.00,0.77,0,"[48,32,59,72,48,88,32,48,100,72,88,48]",2026-03-18,"Local pack, Video, Popular products, Related searches",commercial,Organic
moving company packers,1,1,110,21,7.62,https://www.firstratemovers.com/?utm_source=GMB&utm_medium=organic&utm_campaign=gmb-website,14,0.6,106.00,0.84,0,"[0,8,2,29,18,0,29,22,35,29,35,43]",2026-03-10,"Local pack, Video, Related searches",commercial,Local pack
toronto to ottawa movers,2,2,110,7,8.14,https://www.firstratemovers.com/moving-to-ottawa-from-toronto/,14,0.6,113.00,0.44,2420000,"[82,64,52,82,100,52,41,52,52,41,64,41]",2026-02-05,"Sitelinks, Image, Ads bottom, People also ask, Related searches",commercial,Organic
moving companies kanata,1,1,210,11,6.47,https://www.firstratemovers.com/kanata/,13,0.56,84.00,0.46,122,"[43,65,65,43,43,81,81,100,100,43,34,65]",2026-03-22,"Local pack, Related searches",commercial,Organic
ottawa residential movers,1,1,170,,0.00,https://www.firstratemovers.com/?utm_source=GMB&utm_medium=organic&utm_campaign=gmb-website,13,0.56,0.00,0.21,324000,"[42,19,80,65,100,100,80,100,42,42,80,100]",2026-02-11,"Local pack, Image, People also ask, Related searches",commercial,Local pack
movers kanata,1,1,140,14,6.26,https://www.firstratemovers.com/?utm_source=GMB&utm_medium=organic&utm_campaign=gmb-website,11,0.47,68.00,0.78,258000,"[9,43,15,15,15,15,15,81,81,65,81,100]",2026-02-14,"Local pack, Image, People also ask, Related searches",commercial,Local pack
moving companies in ottawa ontario,2,2,390,47,6.95,https://www.firstratemovers.com/,11,0.47,76.00,0.86,7560000,"[30,34,3,3,3,3,4,24,5,16,7,3]",2026-01-29,"Local pack, People also ask, Related searches",commercial,Organic
moving ottawa,3,3,320,35,6.95,https://www.firstratemovers.com/,11,0.47,76.00,0.86,133000000,"[81,54,12,15,100,19,36,29,81,29,19,29]",2026-01-31,"Local pack, Sitelinks, Video, Image, People also ask, Related searches",commercial,Organic
professional packers,2,2,140,10,4.83,https://www.firstratemovers.com/ottawa-packing-services/,11,0.47,53.00,0.66,211,"[14,9,9,52,80,52,100,100,100,100,100,100]",2026-03-09,"Local pack, Video, Related searches, See results about, AI overview",informational,Organic
local moving companies ottawa,1,1,90,43,8.77,https://www.firstratemovers.com/?utm_source=GMB&utm_medium=organic&utm_campaign=gmb-website,11,0.47,96.00,0.72,0,"[17,12,23,23,23,28,23,28,17,17,17,12]",2026-03-17,"Local pack, Video, Related searches",commercial,Local pack
moving company ottawa,3,3,1000,55,9.64,https://www.firstratemovers.com/,10,0.43,96.00,0.88,126,"[16,24,30,24,30,30,54,79,100,41,54,41]",2026-03-21,"Local pack, Sitelinks, Video, Image, Related searches",commercial,Organic
barrhaven movers,1,1,140,8,6.83,https://www.firstratemovers.com/barrhaven/,9,0.39,61.00,0.76,647000,"[5,28,28,53,23,5,17,17,100,28,43,35]",2026-03-21,"Local pack, Image",commercial,Organic
movers kanata,1,1,140,14,6.26,https://www.firstratemovers.com/kanata/,9,0.39,56.00,0.78,258000,"[9,43,15,15,15,15,15,81,81,65,81,100]",2026-02-14,"Local pack, Image, People also ask, Related searches",commercial,Organic
flat rate movers,1,1,110,5,5.88,https://www.firstratemovers.com/?utm_source=GMB&utm_medium=organic&utm_campaign=gmb-website,9,0.39,52.00,0.93,131,"[15,15,21,21,21,28,43,43,43,43,34,65]",2026-03-26,"Local pack, Video, People also ask, Related searches",commercial,Local pack
movers manotick,2,2,70,,0.00,https://www.firstratemovers.com/manotick/,9,0.39,0.00,0,180000,"[4,0,0,0,4,0,4,80,80,66,100,100]",2026-02-21,"Knowledge panel, Image pack, Sitelinks, Video, Image, People also ask",informational,Organic
moving company kanata,1,1,110,9,6.47,https://www.firstratemovers.com/?utm_source=GMB&utm_medium=organic&utm_campaign=gmb-website,9,0.39,58.00,0.46,0,"[14,33,42,19,42,23,66,52,100,66,52,42]",2026-03-19,"Local pack, Image, Related searches",commercial,Local pack
moving companies in vaughan ontario,4,4,1000,21,11.12,https://www.firstratemovers.com/local-ottawa-moving-rates/,9,0.39,100.00,0.67,6850000,"[46,52,100,68,100,46,52,52,46,68,37,25]",2026-02-09,"Local pack, Sitelinks, People also ask, Related searches",commercial,People also ask
mover,11,62,1600,48,6.70,https://www.firstratemovers.com/,8,0.34,53.00,0.66,245000000,"[27,27,44,13,16,100,52,66,52,52,52,52]",2026-03-27,"Knowledge panel, Sitelinks, Image, Popular products, Related searches, AI overview",commercial,Organic
moving company in ottawa,1,1,480,56,9.64,https://www.firstratemovers.com/?utm_source=GMB&utm_medium=organic&utm_campaign=gmb-website,8,0.34,77.00,0.88,126,"[62,1,1,1,10,1,13,20,100,81,6,8]",2026-03-25,"Local pack, Sitelinks, Video, Image, People also ask, Related searches",commercial,Local pack
best moving companies ottawa,4,4,390,50,5.89,https://www.firstratemovers.com/,8,0.34,47.00,0.48,0,"[54,29,54,44,54,44,54,54,54,36,54,44]",2026-03-18,"Local pack, Sitelinks, Video, Related searches, Discussions and forums",commercial,Organic
moving company kanata,1,1,110,9,6.47,https://www.firstratemovers.com/kanata/,7,0.3,45.00,0.46,0,"[14,33,42,19,42,23,66,52,100,66,52,42]",2026-03-19,"Local pack, Image, Related searches",commercial,Organic
movers barrhaven,1,1,110,14,6.84,https://www.firstratemovers.com/barrhaven/,7,0.3,47.00,0.76,115,"[3,7,7,7,11,11,80,80,65,100,100,100]",2026-03-27,"Local pack, Video, Image, Related searches",commercial,Organic
ottawa piano moving,4,4,210,20,2.15,https://www.firstratemovers.com/ottawa-piano-movers/,6,0.26,12.00,0.4,998000,"[34,21,65,53,81,100,65,100,53,53,43,53]",2026-02-28,"Local pack, Sitelinks, Image, People also ask, Related searches",commercial,Organic
professional packers and movers,1,1,110,31,2.15,https://www.firstratemovers.com/ottawa-packing-services/,6,0.26,12.00,0.77,9040000,"[7,7,7,26,42,19,100,80,53,65,65,65]",2026-03-08,"Local pack, Video, Related searches, Discussions and forums, AI overview",informational,AI overview
long distance movers ottawa,5,5,260,24,8.43,https://www.firstratemovers.com/long-distance-moving/,6,0.26,50.00,0.4,0,"[35,43,81,29,43,29,54,66,66,81,81,100]",2026-03-12,"Local pack, Video, Related searches",commercial,Organic
ranger moving systems,2,2,210,13,2.55,https://www.firstratemovers.com/how-to-choose-a-good-moving-company/,6,0.26,15.00,0.08,18900000,"[53,65,80,53,65,100,65,65,80,65,80,80]",2026-03-05,"Knowledge panel, Video, People also ask, Related searches",navigational,People also ask
piano movers near me,5,5,590,24,2.95,https://www.firstratemovers.com/ottawa-piano-movers/,5,0.21,14.00,0.67,6060000,"[48,100,88,72,39,39,39,39,88,59,59,26]",2026-03-26,"Local pack, Video, People also ask, Related searches, AI overview",transactional,Organic
best moving company ottawa,1,1,70,53,4.10,https://www.firstratemovers.com/?utm_source=GMB&utm_medium=organic&utm_campaign=gmb-website,5,0.21,20.00,0.59,36300000,"[15,19,3,3,19,7,100,65,11,11,42,7]",2026-02-26,"Local pack, Sitelinks, People also ask, Related searches, Discussions and forums",commercial,Local pack
mover in ottawa,1,1,70,48,9.64,https://www.firstratemovers.com/?utm_source=GMB&utm_medium=organic&utm_campaign=gmb-website,5,0.21,48.00,0.88,148000000,"[0,7,0,0,100,2,17,23,23,7,5,2]",2026-03-23,"Local pack, Video, Image, People also ask, Related searches",commercial,Local pack
local movers ottawa,4,4,170,46,8.77,https://www.firstratemovers.com/,5,0.21,43.00,0.72,1250000,"[35,12,23,23,23,28,66,53,43,53,53,66]",2026-03-26,"Local pack, Sitelinks, Video, People also ask, Related searches",commercial,Organic
piano movers ottawa ontario,6,6,210,30,2.30,https://www.firstratemovers.com/ottawa-piano-movers/,5,0.21,11.00,0.94,68600,"[43,66,53,43,66,53,43,43,53,66,43,43]",2026-02-22,"Local pack, Image, People also ask, Related searches",commercial,Organic
moving companies in ottawa canada,9,9,590,43,9.64,https://www.firstratemovers.com/,5,0.21,48.00,0.88,116000000,"[0,0,0,100,65,5,1,55,2,4,3,2]",2026-03-21,"Local pack, Sitelinks, Related searches",commercial,Organic
moving company quote,1,1,480,36,9.28,https://www.firstratemovers.com/local-ottawa-moving-rates/,5,0.21,46.00,0.42,397000000,"[54,54,54,66,66,66,66,100,81,100,100,100]",2026-02-13,"Video, People also ask, Related searches, Discussions and forums, AI overview","commercial, informational",AI overview
ottawa residential moving,2,2,210,44,0.00,https://www.firstratemovers.com/,5,0.21,0.00,0.33,7680000,"[42,19,80,80,100,100,80,100,53,42,65,80]",2026-02-07,"Local pack, People also ask, Related searches",commercial,Organic
ottawa residential movers,3,3,170,,0.00,https://www.firstratemovers.com/,5,0.21,0.00,0.21,324000,"[42,19,80,65,100,100,80,100,42,42,80,100]",2026-02-11,"Local pack, Image, People also ask, Related searches",commercial,Organic
moving nepean,1,1,70,10,0.00,https://www.firstratemovers.com/?utm_source=GMB&utm_medium=organic&utm_campaign=gmb-website,5,0.21,0.00,0,620000,"[4,4,4,0,0,0,0,80,80,66,100,100]",2026-02-17,"Local pack, Video, Image, People also ask, Related searches",commercial,Local pack
moving services ottawa,3,3,720,55,6.95,https://www.firstratemovers.com/,5,0.21,34.00,0.86,133000000,"[24,27,5,4,7,66,20,10,13,44,16,16]",2026-02-05,"Local pack, Sitelinks, Video, People also ask, Related searches",commercial,Organic
moving prices,11,11,720,20,3.27,https://www.firstratemovers.com/local-ottawa-moving-rates/,5,0.21,16.00,0.61,1260000000,"[55,67,100,76,36,36,30,67,67,55,30,30]",2026-03-21,"Sitelinks, Video, Related searches, AI overview",informational,Organic
furniture movers ottawa,7,7,260,22,5.18,https://www.firstratemovers.com/professional-hoisting/,4,0.17,20.00,0.99,0,"[5,5,7,7,11,11,59,39,32,39,39,32]",2026-03-14,"Local pack, Sitelinks, Video, Related searches",commercial,Organic
piano moving services,4,4,140,8,3.40,https://www.firstratemovers.com/ottawa-piano-movers/,4,0.17,13.00,0.11,0,"[2,7,10,17,23,7,53,53,35,53,82,100]",2026-03-19,"Local pack, Video, Image, Related searches",commercial,Organic
best ottawa moving companies,1,1,50,40,4.10,https://www.firstratemovers.com/?utm_source=GMB&utm_medium=organic&utm_campaign=gmb-website,4,0.17,16.00,0.59,6010000,"[100,63,0,0,45,18,81,63,81,45,63,63]",2026-02-26,"Local pack, Sitelinks, Video, People also ask, Related searches, Discussions and forums",commercial,Local pack
first rate movers inc,10,10,140,18,2.62,https://www.firstratemovers.com/?utm_source=GMB&utm_medium=organic&utm_campaign=gmb-website,4,0.17,10.00,0.37,33400000,"[42,53,53,26,53,65,65,53,53,53,53,42]",2026-02-11,"Knowledge panel, Sitelinks, Video, Image, People also ask, Related searches",navigational,Knowledge panel
moving company in ottawa,2,2,480,56,9.64,https://www.firstratemovers.com/,4,0.17,38.00,0.88,126,"[62,1,1,1,10,1,13,20,100,81,6,8]",2026-03-25,"Local pack, Sitelinks, Video, Image, People also ask, Related searches",commercial,Organic
moving companies price,8,8,320,12,3.44,https://www.firstratemovers.com/local-ottawa-moving-rates/,4,0.17,13.00,0.76,811000000,"[44,54,54,54,54,54,44,66,54,66,35,35]",2026-01-31,"Sitelinks, Video, People also ask, Related searches, Ads middle, AI overview",transactional,Organic
moving companies in ottawa,1,1,260,41,6.95,https://www.firstratemovers.com/?utm_source=GMB&utm_medium=organic&utm_campaign=gmb-website,4,0.17,27.00,0.86,84100000,"[23,67,4,4,44,54,12,36,29,23,36,19]",2026-02-09,"Local pack, Sitelinks, Video, People also ask, Related searches",commercial,Local pack
ranger moving systems,2,2,210,13,2.55,https://www.firstratemovers.com/,4,0.17,10.00,0.08,18900000,"[53,65,80,53,65,100,65,65,80,65,80,80]",2026-03-05,"Knowledge panel, Video, People also ask, Related searches",navigational,People also ask
moving from toronto to ottawa,3,3,170,5,8.14,https://www.firstratemovers.com/moving-to-ottawa-from-toronto/,4,0.17,32.00,0.44,64400000,"[43,43,43,81,15,53,12,65,65,65,65,65]",2026-02-21,"Sitelinks, Video, Video Carousel, People also ask, Related searches, Discussions and forums, AI overview",informational,Organic
best moving company in ottawa,1,1,50,41,4.10,https://www.firstratemovers.com/?utm_source=GMB&utm_medium=organic&utm_campaign=gmb-website,4,0.17,16.00,0.59,11300000,"[81,63,18,27,100,36,45,45,45,27,81,18]",2026-02-21,"Local pack, Sitelinks, People also ask, Related searches, Discussions and forums",commercial,Local pack
nepean movers,2,2,90,8,0.00,https://www.firstratemovers.com/nepean-movers/,3,0.13,0.00,0.32,0,"[14,35,28,14,78,28,100,100,100,100,100,100]",2026-03-16,"Local pack, Image, Related searches",commercial,Organic
mover in ottawa,2,2,70,48,9.64,https://www.firstratemovers.com/,3,0.13,28.00,0.88,148000000,"[0,7,0,0,100,2,17,23,23,7,5,2]",2026-03-23,"Local pack, Video, Image, People also ask, Related searches",commercial,Organic
moving companies saint john,3,3,320,25,5.71,https://www.firstratemovers.com/local-ottawa-moving-rates/,3,0.13,17.00,0.86,129000000,"[66,66,100,81,81,54,81,54,81,66,43,29]",2026-03-27,"Local pack, Sitelinks, People also ask, Related searches",commercial,People also ask
local moving companies,13,13,1300,67,5.78,https://www.firstratemovers.com/local-moving-in-ottawa/,3,0.13,17.00,0.21,0,"[84,84,52,68,46,68,52,31,68,84,100,68]",2026-03-12,"Local pack, Video, Related searches",commercial,Organic
long distance moving companies ottawa,8,8,210,15,8.43,https://www.firstratemovers.com/long-distance-moving/,3,0.13,25.00,0.4,0,"[29,66,54,43,35,29,54,54,43,35,35,35]",2026-03-10,"Local pack, Video, Related searches",commercial,Organic
piano mover near me,4,4,110,13,2.95,https://www.firstratemovers.com/ottawa-piano-movers/,3,0.13,8.00,0.67,0,"[23,42,33,19,19,14,66,80,42,66,80,100]",2026-03-08,"Local pack, Video, Image, Related searches",transactional,Organic
ottawa professional movers,3,3,90,48,5.19,https://www.firstratemovers.com/,3,0.13,15.00,0.38,622000,"[0,3,1,1,1,3,5,8,8,100,44,11]",2026-02-17,"Local pack, Sitelinks, People also ask, Related searches",commercial,Organic
moving company orleans,1,1,50,16,4.55,https://www.firstratemovers.com/orleans-movers/,3,0.13,13.00,0.75,57700000,"[7,14,14,7,7,14,35,78,100,78,64,64]",2026-02-16,"Local pack, People also ask, Related searches",commercial,Organic
best movers ottawa,8,8,260,38,5.89,https://www.firstratemovers.com/,3,0.13,17.00,0.48,0,"[26,5,5,39,14,39,26,26,39,32,32,32]",2026-03-19,"Knowledge panel, Sitelinks, Video, Related searches, Discussions and forums, AI overview",commercial,Organic
piano moving service near me,1,1,140,10,2.61,https://www.firstratemovers.com/ottawa-piano-movers/,3,0.13,7.00,0.56,98900000,"[65,65,53,43,21,34,43,65,53,34,28,43]",2026-03-03,"Local pack, People also ask, Related searches",transactional,Organic
moving companies ottawa ontario,3,3,90,46,9.64,https://www.firstratemovers.com/,3,0.13,28.00,0.88,0,"[100,0,0,19,7,26,26,53,80,26,15,26]",2026-03-16,"Local pack, Related searches",commercial,Organic
moving and storage ottawa,3,3,90,34,6.16,https://www.firstratemovers.com/free-storage-ottawa/,3,0.13,18.00,0.94,0,"[9,12,15,21,12,12,43,43,34,43,43,34]",2026-03-16,"Local pack, Video, Image, Related searches",commercial,Organic
orleans moving companies,3,3,170,14,4.55,https://www.firstratemovers.com/orleans-movers/,3,0.13,13.00,0.75,23800000,"[18,29,29,22,43,29,54,43,35,66,35,35]",2026-02-28,"Local pack, Video, Image, People also ask, Related searches",commercial,Organic
moving estimates,4,4,90,14,6.87,https://www.firstratemovers.com/detailed-moving-estimates/,3,0.13,20.00,0.81,217000000,"[3,3,26,42,34,42,42,53,34,65,53,11]",2026-02-26,"Video, People also ask, Related searches, AI overview","commercial, informational",Organic
cost for movers,1,1,110,,3.33,https://www.firstratemovers.com/typical-move-costs-for-2024/,3,0.13,9.00,0.54,81400000,"[0,6,3,3,1,6,100,6,6,81,3,3]",2026-02-09,"Sitelinks, Video, People also ask, Related searches, AI overview",informational,People also ask
furniture movers,12,12,1300,14,4.21,https://www.firstratemovers.com/professional-hoisting/,3,0.13,12.00,0.77,0,"[10,13,20,24,27,24,100,66,36,52,52,36]",2026-03-15,"Local pack, Sitelinks, Popular products, Related searches",commercial,Organic
best movers in ottawa,4,4,170,47,5.89,https://www.firstratemovers.com/,3,0.13,17.00,0.48,0,"[66,66,17,23,100,28,28,35,28,35,35,28]",2026-03-15,"Local pack, Sitelinks, Video, Image, Related searches, Discussions and forums",commercial,Organic
mover ottawa,2,2,70,55,9.64,https://www.firstratemovers.com/,3,0.13,28.00,0.88,0,"[65,15,11,11,15,19,53,65,53,34,19,7]",2026-03-08,"Local pack, Video, Image, Related searches",commercial,Organic
local moving companies ottawa,2,2,90,43,8.77,https://www.firstratemovers.com/,3,0.13,26.00,0.72,0,"[17,12,23,23,23,28,23,28,17,17,17,12]",2026-03-17,"Local pack, Video, Related searches",commercial,Organic
moving companies ottawa prices,2,2,70,12,6.38,https://www.firstratemovers.com/?utm_source=GMB&utm_medium=organic&utm_campaign=gmb-website,3,0.13,19.00,0.88,0,"[14,10,10,10,14,10,18,29,22,18,18,18]",2026-03-14,"Local pack, Sitelinks, Related searches, AI overview",commercial,Local pack
furniture removal ottawa,3,3,70,13,3.14,https://www.firstratemovers.com/furniture-donation-disposal/,2,0.08,6.00,1,0,"[21,21,78,78,21,21,78,78,78,64,100,50]",2026-03-08,"Local pack, Video, Related searches, Discussions and forums",commercial,Organic
sell my stuff ottawa,4,4,390,32,0.05,https://www.firstratemovers.com/where-can-i-sell-donate-or-dispose-of-my-belongings-in-ottawa/,2,0.08,0.00,0.1,30100000,"[28,66,44,81,54,81,66,44,81,81,81,44]",2026-02-04,"Knowledge panel, Sitelinks, Video, People also ask, Related searches",navigational,Organic
newmarket ontario moving companies,3,3,210,19,8.76,https://www.firstratemovers.com/local-ottawa-moving-rates/,2,0.08,17.00,0.74,128,"[48,48,1,2,3,2,1,2,48,48,39,32]",2026-03-05,"Local pack, Image, People also ask, Related searches",commercial,People also ask
ottawa movers reviews,1,1,70,5,3.32,https://www.firstratemovers.com/reviews/,2,0.08,6.00,0.91,125,"[14,14,28,28,35,78,78,100,50,64,35,35]",2026-03-17,"Sitelinks, Related searches, Discussions and forums, AI overview",commercial,AI overview
moving services in ottawa,1,1,170,50,6.95,https://www.firstratemovers.com/?utm_source=GMB&utm_medium=organic&utm_campaign=gmb-website,2,0.08,13.00,0.86,20800000,"[37,20,1,0,3,2,0,8,8,5,4,4]",2026-02-13,"Local pack, People also ask, Related searches",commercial,Local pack
movers toronto to ottawa,8,8,110,6,8.53,https://www.firstratemovers.com/moving-to-ottawa-from-toronto/,2,0.08,17.00,0.4,1690000,"[64,64,100,100,52,52,64,64,64,100,64,64]",2026-03-23,"Sitelinks, Video, People also ask, Related searches, AI overview",informational,Organic
how much is moving service,9,9,320,20,2.53,https://www.firstratemovers.com/local-ottawa-moving-rates/,2,0.08,5.00,0.83,1490000000,"[100,54,44,23,66,54,44,29,23,29,23,15]",2026-01-30,"Sitelinks, Video, People also ask, Related searches, AI overview",informational,Organic
piano moving estimate,7,7,260,5,1.82,https://www.firstratemovers.com/ottawa-piano-movers/,2,0.08,3.00,0.18,5870000,"[23,54,81,100,29,23,29,23,29,9,15,54]",2026-02-26,"Image pack, Sitelinks, Video, People also ask, Related searches, AI overview",informational,Organic
moving companies prices,9,9,140,8,3.44,https://www.firstratemovers.com/local-ottawa-moving-rates/,2,0.08,6.00,0.76,0,"[35,66,100,35,35,2,17,28,28,43,28,12]",2026-02-27,"Sitelinks, Video, Related searches, AI overview",transactional,Organic
moving companies milton ontario,2,2,210,20,8.32,https://www.firstratemovers.com/local-ottawa-moving-rates/,2,0.08,16.00,0.55,3800000,"[54,35,54,29,100,18,4,4,43,54,81,35]",2026-03-03,"Local pack, Sitelinks, Video, Image, People also ask, Related searches",commercial,People also ask
moving company prices,9,9,260,10,3.40,https://www.firstratemovers.com/local-ottawa-moving-rates/,2,0.08,6.00,0.68,564000000,"[100,81,54,54,44,44,44,23,35,35,18,28]",2026-03-26,"Sitelinks, Video, People also ask, Related searches, AI overview",informational,Organic
moving cost,10,10,480,14,3.33,https://www.firstratemovers.com/local-ottawa-moving-rates/,2,0.08,6.00,0.54,1480000000,"[32,32,32,39,48,48,48,39,59,72,59,48]",2026-01-29,"Sitelinks, Video, People also ask, Related searches, AI overview",informational,Organic
how much would a moving company cost,12,12,720,15,2.53,https://www.firstratemovers.com/local-ottawa-moving-rates/,2,0.08,5.00,0.83,912000000,"[76,76,76,100,76,67,76,24,36,36,24,20]",2026-02-25,"Sitelinks, Video, People also ask, Related searches, AI overview",informational,Organic
moving companies in ottawa,2,2,260,41,6.95,https://www.firstratemovers.com/,2,0.08,13.00,0.86,84100000,"[23,67,4,4,44,54,12,36,29,23,36,19]",2026-02-09,"Local pack, Sitelinks, Video, People also ask, Related searches",commercial,Organic
furniture consignment ottawa,4,4,170,18,0.45,https://www.firstratemovers.com/furniture-donation-disposal/,2,0.08,0.00,0.89,333000,"[53,65,34,53,43,53,43,65,34,65,81,21]",2026-03-02,"Local pack, Sitelinks, Video, Image, Video Carousel, People also ask, Related searches, Discussions and forums",commercial,People also ask
ottawa moving,7,7,110,37,7.83,https://www.firstratemovers.com/,2,0.08,15.00,0.41,0,"[5,5,5,8,5,5,16,16,10,8,10,8]",2026-03-06,"Local pack, Sitelinks, Video, Image, Related searches",commercial,Organic
furniture movement service,1,1,90,14,4.00,https://www.firstratemovers.com/professional-hoisting/,2,0.08,8.00,0.63,384000000,"[11,11,41,64,64,82,64,41,41,100,29,52]",2026-02-15,"Local pack, Video, Related searches, AI overview",informational,AI overview
movers in ajax ontario,1,1,140,10,8.71,https://www.firstratemovers.com/local-ottawa-moving-rates/,2,0.08,17.00,0.68,130000,"[29,22,10,4,100,29,29,35,35,35,29,18]",2026-03-03,"Local pack, Image, People also ask, Related searches",commercial,People also ask
commercial movers near me,15,15,720,23,18.29,https://www.firstratemovers.com/,1,0.04,18.00,0.67,23000000,"[68,84,100,84,46,11,8,25,20,16,16,16]",2026-02-18,"Local pack, People also ask, Related searches",transactional,Organic
cheapest moving,5,5,70,35,4.49,https://www.firstratemovers.com/,1,0.04,4.00,0.8,210,"[15,11,23,15,15,5,8,11,5,5,6,6]",2026-03-10,"Local pack, Video, Popular products, Related searches, AI overview",commercial,Organic
long distance movers,22,42,1900,39,10.30,https://www.firstratemovers.com/long-distance-moving/,1,0.04,10.00,0.22,18900000,"[36,20,24,24,52,52,52,52,66,66,80,100]",2026-03-27,"Local pack, Sitelinks, Video, People also ask, Related searches, Ads middle",commercial,Organic
piano movers cost,6,6,140,4,1.82,https://www.firstratemovers.com/ottawa-piano-movers/,1,0.04,1.00,0.18,4310000,"[21,28,34,43,43,15,6,53,65,100,34,65]",2026-02-28,"Image pack, Sitelinks, Video, People also ask, Related searches, AI overview",informational,Organic
ottawa movers reviews,4,4,70,5,3.32,https://www.firstratemovers.com/reviews/,1,0.04,3.00,0.91,125,"[14,14,28,28,35,78,78,100,50,64,35,35]",2026-03-17,"Sitelinks, Related searches, Discussions and forums, AI overview",commercial,Organic
moving services in ottawa,3,3,170,50,6.95,https://www.firstratemovers.com/,1,0.04,6.00,0.86,20800000,"[37,20,1,0,3,2,0,8,8,5,4,4]",2026-02-13,"Local pack, People also ask, Related searches",commercial,Organic
moving to ottawa from toronto,3,3,70,4,8.53,https://www.firstratemovers.com/moving-to-ottawa-from-toronto/,1,0.04,8.00,0.4,0,"[23,11,41,29,17,11,64,82,52,52,64,41]",2026-03-19,"Sitelinks, Video, Video Carousel, Related searches, AI overview",informational,Organic
local mover,7,7,70,39,5.77,https://www.firstratemovers.com/,1,0.04,5.00,0.4,0,"[1,3,4,1,4,5,8,6,4,4,6,5]",2026-03-08,"Local pack, Video, Image, Related searches",commercial,Organic
pro moving company,6,6,140,22,6.11,https://www.firstratemovers.com/how-to-choose-a-good-moving-company/,1,0.04,6.00,0.23,669000000,"[82,82,64,82,64,82,64,64,82,64,64,100]",2026-03-05,"Local pack, Video, Image, People also ask, Related searches, See results about",commercial,People also ask
movers ottawa,29,0,1600,50,9.64,https://www.firstratemovers.com/local-ottawa-moving-rates/,1,0.04,9.00,0.88,2500000,"[30,65,44,44,55,44,65,55,55,55,55,55]",2026-03-27,"Local pack, Sitelinks, Video, Image, Ads bottom, Related searches",commercial,Organic
movers ottawa,31,0,1600,50,9.64,https://www.firstratemovers.com/local-ottawa-moving-rates/,1,0.04,9.00,0.88,2500000,"[30,65,44,44,55,44,65,55,55,55,55,55]",2026-03-27,"Local pack, Sitelinks, Video, Image, Ads bottom, Related searches",commercial,Organic
commercial moving companies near me,8,8,210,24,18.29,https://www.firstratemovers.com/,1,0.04,18.00,0.67,305000000,"[88,72,7,5,3,2,3,17,21,14,14,21]",2026-03-03,"Local pack, Video, People also ask, Related searches",transactional,Organic
ottawa fast movers,10,10,50,22,1.83,https://www.firstratemovers.com/,1,0.04,1.00,0.19,694000,"[19,19,15,15,42,26,7,19,19,11,7,7]",2026-02-25,"Knowledge panel, Sitelinks, Video, Related searches",informational,Organic
moving boxes close to me,37,37,1600,36,1.48,https://www.firstratemovers.com/moving-boxes-and-supplies/,1,0.04,1.00,1,164000000,"[66,54,79,100,100,79,54,66,100,79,36,41]",2026-02-27,"Local pack, Sitelinks, Video, Image, Related searches",commercial,Organic
mover services,14,14,480,65,6.38,https://www.firstratemovers.com/,1,0.04,6.00,0.18,153,"[0,1,1,20,1,2,100,8,16,13,16,24]",2026-03-24,"Local pack, Video, Related searches",commercial,Organic
movers from toronto to ottawa,9,9,70,4,8.53,https://www.firstratemovers.com/moving-to-ottawa-from-toronto/,1,0.04,8.00,0.4,0,"[4,4,14,23,19,100,33,42,23,42,33,33]",2026-03-16,"Sitelinks, Video, Related searches, AI overview",informational,Organic
moving storage,20,20,1000,62,7.04,https://www.firstratemovers.com/free-storage-ottawa/,1,0.04,7.00,0.31,685000000,"[20,24,36,55,36,30,45,81,100,100,81,100]",2026-02-08,"Local pack, Sitelinks, Image, Ads bottom, People also ask, Popular products, Related searches",commercial,Organic
moving company quotes,14,14,880,44,10.30,https://www.firstratemovers.com/local-ottawa-moving-rates/,1,0.04,10.00,0.6,0,"[36,45,100,62,45,81,55,45,62,45,45,45]",2026-03-07,"Local pack, Image pack, Video, Image, Ads bottom, Related searches, AI overview","commercial, informational",Organic
moving quotes,11,11,1000,51,9.28,https://www.firstratemovers.com/local-ottawa-moving-rates/,1,0.04,9.00,0.42,603000000,"[67,45,76,76,100,76,100,76,76,100,76,76]",2026-02-11,"Local pack, Video, People also ask, Related searches, AI overview",commercial,Organic
size of boxes for moving,5,5,110,28,0.57,https://www.firstratemovers.com/typical-number-of-boxes-on-a-move/,1,0.04,0.00,1,170000000,"[78,78,78,78,100,100,100,100,100,100,64,78]",2026-02-24,"Image pack, Sitelinks, Video, Video Carousel, People also ask, Popular products, Related searches, Discussions and forums, AI overview",commercial,Organic
storage ottawa,21,21,1300,44,3.83,https://www.firstratemovers.com/free-storage-ottawa/,1,0.04,3.00,0.78,0,"[54,54,66,100,54,79,41,36,41,54,41,36]",2026-03-15,"Local pack, Sitelinks, Image, Related searches",commercial,Organic
storage in ottawa ontario,21,21,720,47,3.65,https://www.firstratemovers.com/free-storage-ottawa/,1,0.04,3.00,0.71,11200000,"[84,68,7,8,7,100,68,13,13,16,16,7]",2026-02-04,"Local pack, Image, People also ask, Related searches",commercial,Organic
shared moving trucks,10,10,320,19,4.64,https://www.firstratemovers.com/consolidated-moves-between-cities-can-save-you-money/,1,0.04,4.00,0.76,171,"[66,54,66,66,66,54,66,66,100,81,66,100]",2026-03-23,"Video, People also ask, Related searches, AI overview",informational,Organic
laporte moving reviews,7,7,170,15,0.00,https://www.firstratemovers.com/how-to-choose-a-good-moving-company/,1,0.04,0.00,0.01,662000,"[53,65,53,65,65,43,81,34,53,81,43,34]",2026-03-04,"Knowledge panel, People also ask, Related searches, AI overview",commercial,People also ask
laporte moving reviews,7,7,170,15,0.00,https://www.firstratemovers.com/,1,0.04,0.00,0.01,662000,"[53,65,53,65,65,43,81,34,53,81,43,34]",2026-03-04,"Knowledge panel, People also ask, Related searches, AI overview",commercial,People also ask
mover service,14,14,480,67,6.50,https://www.firstratemovers.com/,1,0.04,6.00,0.1,0,"[46,0,2,2,31,2,3,13,16,25,25,100]",2026-03-06,"Local pack, Video, Related searches",commercial,Organic
furniture donation ottawa,12,12,260,15,1.73,https://www.firstratemovers.com/furniture-donation-disposal/,1,0.04,1.00,0.77,0,"[36,23,29,36,36,36,54,44,44,36,44,54]",2026-03-09,"Local pack, Sitelinks, Video, Image, Related searches",commercial,Organic
issa furniture movers,5,5,90,22,1.66,https://www.firstratemovers.com/how-to-choose-a-good-moving-company/,1,0.04,1.00,0.23,82,"[29,41,82,100,11,64]",2026-03-04,"Knowledge panel, People also ask, Related searches",informational,People also ask
issa furniture movers,5,5,90,22,1.66,https://www.firstratemovers.com/,1,0.04,1.00,0.23,82,"[29,41,82,100,11,64]",2026-03-04,"Knowledge panel, People also ask, Related searches",informational,People also ask
how much is movers,5,5,50,10,2.60,https://www.firstratemovers.com/local-ottawa-moving-rates/,1,0.04,2.00,0.8,227,"[6,2,2,81,0,0,6,8,6,6,2,8]",2026-03-23,"Sitelinks, Video, People also ask, Related searches, AI overview",informational,Organic
packing and movers,5,5,70,23,7.62,https://www.firstratemovers.com/ottawa-packing-services/,1,0.04,7.00,0.84,53700000,"[52,17,52,100,41,29,23,41,17,23,23,29]",2026-03-19,"Local pack, Video, Related searches",commercial,Organic
storage moving,13,13,390,38,7.47,https://www.firstratemovers.com/free-storage-ottawa/,1,0.04,7.00,0.34,202,"[54,44,54,54,54,100,66,54,81,66,44,81]",2026-03-15,"Local pack, Sitelinks, Popular products, Related searches, AI overview",commercial,Organic
how to move a tv,1,1,50,31,1.47,https://www.firstratemovers.com/how-to-safely-move-your-big-screen-tv/,1,0.04,1.00,0.52,2580000000,"[100,78,14,78,14,14,14,14,78,14,14,14]",2026-02-24,"Sitelinks, Video, People also ask, Related searches, Discussions and forums, AI overview",informational,AI overview
moving costs,14,14,480,14,3.27,https://www.firstratemovers.com/typical-move-costs-for-2024/,1,0.04,3.00,0.61,0,"[100,81,36,36,100,81,100,81,29,81,36,36]",2026-03-15,"Video, Related searches, AI overview",informational,Organic
local movers,25,21,1900,28,5.78,https://www.firstratemovers.com/local-moving-in-ottawa/,1,0.04,5.00,0.21,146,"[13,29,22,13,20,36,100,29,43,54,65,65]",2026-03-27,"Local pack, Video, People also ask, Related searches",commercial,Organic
movers price,14,14,390,8,3.33,https://www.firstratemovers.com/local-ottawa-moving-rates/,1,0.04,3.00,0.54,215,"[36,54,44,54,66,81,66,100,54,54,36,36]",2026-03-04,"Sitelinks, Video, People also ask, Related searches, AI overview",informational,Organic
small moving companies ottawa,3,3,90,38,2.45,https://www.firstratemovers.com/,1,0.04,2.00,0.92,9220000,"[50,64,64,64,64,64,64,78,100,100,64,64]",2026-03-03,"Local pack, Sitelinks, People also ask, Related searches",commercial,Organic
moving costs ontario,10,10,390,13,2.28,https://www.firstratemovers.com/typical-move-costs-for-2024/,1,0.04,2.00,0.22,23100000,"[54,54,54,66,66,66,54,66,66,100,81,66]",2026-02-01,"Sitelinks, Video, People also ask, Related searches, AI overview",informational,Organic
moving costs ontario,11,11,390,13,2.28,https://www.firstratemovers.com/typical-move-costs-for-2024/,1,0.04,2.00,0.22,23100000,"[54,54,54,66,66,66,54,66,66,100,81,66]",2026-02-01,"Sitelinks, Video, People also ask, Related searches, AI overview",informational,Organic
how much are movers,11,11,590,22,2.53,https://www.firstratemovers.com/local-ottawa-moving-rates/,1,0.04,2.00,0.83,178000000,"[100,76,55,55,13,55,55,36,30,30,24,24]",2026-02-21,"Sitelinks, Video, People also ask, Related searches, Discussions and forums, AI overview",informational,Organic
ottawa movers,27,44,1600,45,9.63,https://www.firstratemovers.com/local-ottawa-moving-rates/,1,0.04,9.00,0.88,123,"[10,13,24,66,35,24,35,35,35,44,35,35]",2026-03-27,"Local pack, Video, Image, Related searches",commercial,Organic
piano moving company price,7,7,90,4,1.82,https://www.firstratemovers.com/ottawa-piano-movers/,1,0.04,1.00,0.18,17500000,"[18,18,0,14,100,0,0,10,22,29,22,2]",2026-03-01,"Sitelinks, People also ask, Related searches, AI overview",transactional,Organic
moving cost,12,12,480,14,3.33,https://www.firstratemovers.com/local-ottawa-moving-rates/,1,0.04,3.00,0.54,1480000000,"[32,32,32,39,48,48,48,39,59,72,59,48]",2026-01-29,"Sitelinks, Video, People also ask, Related searches, AI overview",informational,Organic
ottawa piano mover,7,7,210,23,2.25,https://www.firstratemovers.com/ottawa-piano-movers/,1,0.04,2.00,0.38,0,"[21,65,53,81,100,81,100,43,34,65,65,53]",2026-03-16,"Knowledge panel, Sitelinks, Video, Image, Related searches",informational,Organic
storage unit moving company,1,1,50,23,8.08,https://www.firstratemovers.com/free-storage-ottawa/,1,0.04,8.00,0.66,150,"[18,100,100,100,100,18,18,18,18,18,18,18]",2026-03-24,"Local pack, Video, Image, People also ask, Related searches",commercial,Organic
movers st catharines ontario,5,5,210,21,5.72,https://www.firstratemovers.com/local-ottawa-moving-rates/,1,0.04,5.00,0.81,127,"[28,28,23,35,54,35,23,28,35,28,35,23]",2026-03-04,"Local pack, Sitelinks, Image, People also ask, Related searches",commercial,People also ask
movers niagara falls ontario,3,3,110,26,6.38,https://www.firstratemovers.com/local-ottawa-moving-rates/,1,0.04,6.00,0.7,308000,"[64,82,100,41,64,52,5,52,41,82,82,52]",2026-03-03,"Local pack, Image, People also ask, Related searches",commercial,People also ask
movers ajax ontario,4,4,110,24,8.71,https://www.firstratemovers.com/local-ottawa-moving-rates/,1,0.04,8.00,0.68,129000,"[53,42,34,26,26,42,19,80,65,65,53,34]",2026-03-03,"Local pack, Image, People also ask, Related searches",commercial,People also ask
moving comoany,6,6,90,64,7.03,https://www.firstratemovers.com/local-ottawa-moving-rates/,1,0.04,7.00,0.66,0,"[35,2,2,0,2,2,82,7,23,100,28,2]",2026-03-08,"Local pack, Video, Image, Related searches",commercial,Organic
piano movers ottawa,8,8,390,36,2.30,https://www.firstratemovers.com/ottawa-piano-movers/,1,0.04,2.00,0.94,193000,"[35,44,44,44,54,54,44,100,100,81,100,100]",2026-02-10,"Local pack, Sitelinks, Image, People also ask, Related searches",commercial,Organic
movers service,11,11,590,63,8.91,https://www.firstratemovers.com/,1,0.04,8.00,0.01,180000000,"[0,0,0,7,1,3,100,11,24,20,20,30]",2026-03-23,"Local pack, Video, People also ask, Related searches",commercial,Organic
mover tv,6,6,50,8,2.00,https://www.firstratemovers.com/how-to-safely-move-your-big-screen-tv/,1,0.04,2.00,0.51,0,"[81,100,63,63,0,63,81,81,81,0,0,0]",2026-03-06,"Sitelinks, Video, Related searches, AI overview",informational,Organic
cost for movers,7,7,110,,3.33,https://www.firstratemovers.com/local-ottawa-moving-rates/,1,0.04,3.00,0.54,81400000,"[0,6,3,3,1,6,100,6,6,81,3,3]",2026-02-09,"Sitelinks, Video, People also ask, Related searches, AI overview",informational,Organic
household list,8,8,210,20,0.77,https://www.firstratemovers.com/sample-household-content-list/,1,0.04,0.00,0.3,4420000000,"[65,100,65,65,80,100,80,80,100,80,100,65]",2026-02-28,"Image pack, Sitelinks, Video, Image, People also ask, Related searches, AI overview",informational,Organic
movers cost,13,13,390,18,3.28,https://www.firstratemovers.com/local-ottawa-moving-rates/,1,0.04,3.00,0.61,0,"[44,54,67,44,44,67,44,54,54,29,29,36]",2026-03-15,"Video, Related searches, AI overview",informational,Organic
how much is a moving company cost,10,10,210,14,2.53,https://www.firstratemovers.com/local-ottawa-moving-rates/,1,0.04,2.00,0.83,744000000,"[81,100,18,43,100,66,18,29,29,29,22,14]",2026-03-03,"Sitelinks, Video, People also ask, Related searches, AI overview",informational,Organic
how much moving company cost,8,8,140,10,2.53,https://www.firstratemovers.com/local-ottawa-moving-rates/,1,0.04,2.00,0.83,1210000000,"[100,28,2,5,43,17,7,43,43,53,28,23]",2026-02-03,"Sitelinks, Video, People also ask, Related searches, AI overview",informational,Organic
long distance movers ontario,12,12,480,40,8.29,https://www.firstratemovers.com/long-distance-moving/,1,0.04,8.00,0.78,122,"[44,36,54,44,54,44,66,66,81,100,81,100]",2026-03-26,"Local pack, Video, Related searches, AI overview",commercial,Organic
moving nepean,7,7,70,10,0.00,https://www.firstratemovers.com/nepean-movers/,1,0.04,0.00,0,620000,"[4,4,4,0,0,0,0,80,80,66,100,100]",2026-02-17,"Local pack, Video, Image, People also ask, Related searches",commercial,Organic
moving companies ottawa,14,14,2400,58,9.63,https://www.firstratemovers.com/local-ottawa-moving-rates/,1,0.04,9.00,0.88,51900000,"[36,66,80,52,100,66,80,44,44,44,66,52]",2026-03-26,"Local pack, Sitelinks, Ads bottom, Related searches",commercial,Organic
how much movers charge,7,7,110,18,2.20,https://www.firstratemovers.com/local-ottawa-moving-rates/,1,0.04,2.00,0.79,24300000,"[78,100,64,78,78,100,78,100,78,100,64,64]",2026-03-03,"Sitelinks, Video, People also ask, Related searches, Discussions and forums, AI overview",informational,Organic
usedottawa,14,14,390,20,0.68,https://www.firstratemovers.com/where-can-i-sell-donate-or-dispose-of-my-belongings-in-ottawa/,1,0.04,0.00,0.28,19300,"[5,8,8,10,7,10,13,7,13,16,10,5]",2026-03-18,"Sitelinks, Video, Image, Related searches",commercial,Organic
moving service ottawa,2,2,260,50,6.95,https://www.firstratemovers.com/,1,0.04,6.00,0.86,18600000,"[81,36,1,1,2,67,4,15,100,10,10,7]",2026-03-03,"Local pack, Image, People also ask, Related searches",commercial,Organic
how much does movers cost,7,7,90,13,2.19,https://www.firstratemovers.com/local-ottawa-moving-rates/,1,0.04,2.00,0.76,57800000,"[0,4,10,8,6,4,100,6,6,81,4,4]",2026-02-26,"Sitelinks, Video, People also ask, Related searches, AI overview",informational,Organic
emergency moving company,87,87,50,5,5.44,https://www.firstratemovers.com/,0,0,0.00,0.89,398000000,"[35,64,35,64,14,14,14,50,35,78,35,50]",2026-03-03,"Knowledge panel, Related searches, AI overview",commercial,Organic
pack and move companies,30,30,140,16,6.20,https://www.firstratemovers.com/ottawa-packing-services/,0,0,0.00,0.95,198000000,"[80,65,80,65,42,100,42,42,34,19,26,42]",2026-03-15,"Knowledge panel, Video, Related searches, AI overview",commercial,Organic
here 2 there enterprises ltd,7,7,70,29,0.00,https://www.firstratemovers.com/how-to-choose-a-good-moving-company/,0,0,0.00,0.08,57,"[81,63,63,63,63,63,63,45,63,63,63,63]",2026-03-04,"Knowledge panel, Sitelinks, People also ask, Related searches",navigational,People also ask
here 2 there enterprises ltd,7,7,70,29,0.00,https://www.firstratemovers.com/,0,0,0.00,0.08,57,"[81,63,63,63,63,63,63,45,63,63,63,63]",2026-03-04,"Knowledge panel, Sitelinks, People also ask, Related searches",navigational,People also ask
moving companies richmond hill ontario,1,1,90,16,10.12,https://www.firstratemovers.com/local-ottawa-moving-rates/,0,0,0.00,0.64,19300000,"[0,3,3,6,6,6,3,28,53,100,53,53]",2026-02-10,"Local pack, People also ask, Related searches",commercial,People also ask
movers komoka,5,5,140,18,0.00,https://www.firstratemovers.com/local-ottawa-moving-rates/,0,0,0.00,0,93400,"[42,100,34]",2026-02-16,"Local pack, Video, Image, People also ask, Related searches",commercial,People also ask
movers komoka,39,39,140,18,0.00,https://www.firstratemovers.com/,0,0,0.00,0,93400,"[42,100,34]",2026-02-16,"Local pack, Video, Image, People also ask, Related searches",commercial,Organic
rentason,1,1,70,,2.65,https://www.firstratemovers.com/local-ottawa-moving-rates/,0,0,0.00,0.18,1230000,"[9,12,9,6,12,9,9,12,34,100,43,28]",2026-02-17,"Knowledge panel, Sitelinks, Video, Image, People also ask, Related searches",navigational,People also ask
cheapest moving,11,11,70,35,4.49,https://www.firstratemovers.com/,0,0,0.00,0.8,210,"[15,11,23,15,15,5,8,11,5,5,6,6]",2026-03-10,"Local pack, Video, Popular products, Related searches, AI overview",commercial,Organic
cheapest moving,76,76,70,35,4.49,https://www.firstratemovers.com/,0,0,0.00,0.8,210,"[15,11,23,15,15,5,8,11,5,5,6,6]",2026-03-10,"Local pack, Video, Popular products, Related searches, AI overview",commercial,Organic
cheapest moving,85,85,70,35,4.49,https://www.firstratemovers.com/,0,0,0.00,0.8,210,"[15,11,23,15,15,5,8,11,5,5,6,6]",2026-03-10,"Local pack, Video, Popular products, Related searches, AI overview",commercial,Organic
movers in dartmouth ns,4,4,70,30,3.54,https://www.firstratemovers.com/local-ottawa-moving-rates/,0,0,0.00,0.9,87100,"[19,42,15,7,34,26,3,53,42,53,26,34]",2026-03-03,"Local pack, Video, Image, People also ask, Related searches",commercial,People also ask
great moving company,32,32,320,30,5.79,https://www.firstratemovers.com/,0,0,0.00,0.57,1410000000,"[36,36,20,76,36,10,10,24,16,10,10,16]",2026-01-30,"Local pack, Video, Image, People also ask, Related searches",commercial,Organic
great moving company,58,58,320,30,5.79,https://www.firstratemovers.com/how-to-choose-a-good-moving-company/,0,0,0.00,0.57,1410000000,"[36,36,20,76,36,10,10,24,16,10,10,16]",2026-01-30,"Local pack, Video, Image, People also ask, Related searches",commercial,Organic
great moving company,78,78,320,30,5.79,https://www.firstratemovers.com/how-to-choose-a-good-moving-company/,0,0,0.00,0.57,1410000000,"[36,36,20,76,36,10,10,24,16,10,10,16]",2026-01-30,"Local pack, Video, Image, People also ask, Related searches",commercial,Organic
storage containers ottawa,36,36,70,31,7.25,https://www.firstratemovers.com/our-storage/,0,0,0.00,0.93,6540000,"[10,5,7,10,28,7,17,23,17,17,17,28]",2026-03-23,"Local pack, Sitelinks, Popular products, Related searches",commercial,Organic
ottawa best movers,3,3,110,31,4.10,https://www.firstratemovers.com/how-to-choose-a-good-moving-company/,0,0,0.00,0.59,120,"[0,43,2,12,5,66,28,66,100,7,7,43]",2026-03-05,"Knowledge panel, Sitelinks, People also ask, Related searches","commercial, navigational",People also ask
ottawa best movers,3,3,110,31,4.10,https://www.firstratemovers.com/,0,0,0.00,0.59,120,"[0,43,2,12,5,66,28,66,100,7,7,43]",2026-03-05,"Knowledge panel, Sitelinks, People also ask, Related searches","commercial, navigational",People also ask
ottawa best movers,10,10,110,31,4.10,https://www.firstratemovers.com/,0,0,0.00,0.59,120,"[0,43,2,12,5,66,28,66,100,7,7,43]",2026-03-05,"Knowledge panel, Sitelinks, People also ask, Related searches","commercial, navigational",Organic
ottawa best movers,47,47,110,31,4.10,https://www.firstratemovers.com/local-ottawa-moving-rates/,0,0,0.00,0.59,120,"[0,43,2,12,5,66,28,66,100,7,7,43]",2026-03-05,"Knowledge panel, Sitelinks, People also ask, Related searches","commercial, navigational",Organic
primo self storage ottawa,32,32,320,26,1.95,https://www.firstratemovers.com/free-storage-ottawa/,0,0,0.00,0.1,0,"[66,44,44,44,100,81,54,54,44,44,15,23]",2026-03-06,"Local pack, Sitelinks, Image, Ads bottom, Related searches",navigational,Organic
primo storage ottawa,35,35,320,32,1.95,https://www.firstratemovers.com/free-storage-ottawa/,0,0,0.00,0.1,147000,"[54,44,35,23,35,66,66,54,66,44,54,44]",2026-02-04,"Knowledge panel, Sitelinks, Image, People also ask, Related searches",navigational,Organic
wardrobe box,59,59,390,19,2.16,https://www.firstratemovers.com/free-use-of-wardrobe-boxes/,0,0,0.00,1,0,"[23,19,29,67,29,54,29,36,54,54,54,44]",2026-03-13,"Image pack, Sitelinks, Video, Image, Popular products, Related searches","commercial, informational",Organic
wardrobe box,79,79,390,19,2.16,https://www.firstratemovers.com/free-use-of-wardrobe-boxes/,0,0,0.00,1,0,"[23,19,29,67,29,54,29,36,54,54,54,44]",2026-03-13,"Image pack, Sitelinks, Video, Image, Popular products, Related searches","commercial, informational",Organic
kingston moving companies,2,2,90,17,4.48,https://www.firstratemovers.com/local-ottawa-moving-rates/,0,0,0.00,0.81,32600000,"[5,5,9,12,15,12,19,15,15,15,9,12]",2026-02-15,"Local pack, Sitelinks, Image, People also ask, Related searches",commercial,People also ask
mover,46,62,1600,48,6.70,https://www.firstratemovers.com/,0,0,0.00,0.66,245000000,"[27,27,44,13,16,100,52,66,52,52,52,52]",2026-03-27,"Knowledge panel, Sitelinks, Image, Popular products, Related searches, AI overview",commercial,Organic
mover,51,62,1600,48,6.70,https://www.firstratemovers.com/,0,0,0.00,0.66,245000000,"[27,27,44,13,16,100,52,66,52,52,52,52]",2026-03-27,"Knowledge panel, Sitelinks, Image, Popular products, Related searches, AI overview",commercial,Organic
packing boxes to move,39,39,170,26,0.92,https://www.firstratemovers.com/moving-boxes-and-supplies/,0,0,0.00,0.98,51900000,"[35,35,43,35,35,35,43,53,43,23,43,53]",2026-03-26,"Sitelinks, Video, Image, Video Carousel, Popular products, Related searches",commercial,Organic
fast track moving company,51,51,50,4,3.35,https://www.firstratemovers.com/,0,0,0.00,0.2,94,"[18,18,18,18,100,100,100,100,100,18,18,18]",2026-03-23,"Local pack, People also ask, Related searches",commercial,Organic
where to get moving boxes cheap,44,44,320,32,1.03,https://www.firstratemovers.com/moving-boxes-and-supplies/,0,0,0.00,0.99,0,"[43,82,66,82,82,82,82,82,82,100,66,66]",2026-03-01,"Local pack, Sitelinks, Video, Image, Popular products, Related searches, Discussions and forums, AI overview",transactional,Organic
single item movers near me,18,18,50,22,2.70,https://www.firstratemovers.com/,0,0,0.00,1,0,"[17,17,17,64,23,17,41,41,29,17,29,29]",2026-03-09,"Local pack, Video, Ads bottom, Related searches, AI overview",transactional,Organic
single item movers near me,55,55,50,22,2.70,https://www.firstratemovers.com/,0,0,0.00,1,0,"[17,17,17,64,23,17,41,41,29,17,29,29]",2026-03-09,"Local pack, Video, Ads bottom, Related searches, AI overview",transactional,Organic
timmins movers,2,2,140,13,1.94,https://www.firstratemovers.com/local-ottawa-moving-rates/,0,0,0.00,0.33,123000,"[42,80,66,33,23,52,33,66,100,80,100,66]",2026-02-10,"Local pack, Image, People also ask, Related searches",commercial,People also ask
barrhaven movers,31,31,140,8,6.83,https://www.firstratemovers.com/,0,0,0.00,0.76,647000,"[5,28,28,53,23,5,17,17,100,28,43,35]",2026-03-21,"Local pack, Image",commercial,Organic
piano movers kingston,72,72,50,8,1.94,https://www.firstratemovers.com/ottawa-piano-movers/,0,0,0.00,0.55,277000,"[18,18,18,100,18,18,18,63,63,100,81,63]",2026-02-16,"Local pack, Sitelinks, Image, People also ask, Related searches",commercial,Organic
professional packers and movers,1,1,110,31,2.15,https://www.firstratemovers.com/ottawa-packing-services/,0,0,0.00,0.77,9040000,"[7,7,7,26,42,19,100,80,53,65,65,65]",2026-03-08,"Local pack, Video, Related searches, Discussions and forums, AI overview",informational,AI overview
professional packers and movers,11,11,110,31,2.15,https://www.firstratemovers.com/ottawa-packing-services/,0,0,0.00,0.77,9040000,"[7,7,7,26,42,19,100,80,53,65,65,65]",2026-03-08,"Local pack, Video, Related searches, Discussions and forums, AI overview",informational,Organic
professional packers and movers,22,22,110,31,2.15,https://www.firstratemovers.com/ottawa-packing-services/,0,0,0.00,0.77,9040000,"[7,7,7,26,42,19,100,80,53,65,65,65]",2026-03-08,"Local pack, Video, Related searches, Discussions and forums, AI overview",informational,Organic
519 movers,7,7,50,28,1.58,https://www.firstratemovers.com/local-ottawa-moving-rates/,0,0,0.00,0.18,3470000,"[18,18,18,18,18,18,18,100,100,81,81,63]",2026-02-16,"Knowledge panel, Sitelinks, Video, Image, Ads bottom, People also ask, Related searches",navigational,People also ask
where can i buy cheap packing boxes,41,41,110,35,1.26,https://www.firstratemovers.com/moving-boxes-and-supplies/,0,0,0.00,0.9,0,"[33,42,66,66,52,80,66,66,100,19,33,19]",2026-03-12,"Local pack, Sitelinks, Video, Image, Ads bottom, Popular products, Related searches, Discussions and forums, AI overview",transactional,Organic
where can i buy cheap packing boxes,58,58,110,35,1.26,https://www.firstratemovers.com/moving-boxes-and-supplies/,0,0,0.00,0.9,0,"[33,42,66,66,52,80,66,66,100,19,33,19]",2026-03-12,"Local pack, Sitelinks, Video, Image, Ads bottom, Popular products, Related searches, Discussions and forums, AI overview",transactional,Organic
tree movers ottawa,74,74,260,49,2.36,https://www.firstratemovers.com/,0,0,0.00,0.31,122,"[22,22,22,35,81,100,43,66,54,54,29,43]",2026-03-04,"Local pack, Sitelinks, Video, Image, People also ask, Related searches, AI overview",commercial,Organic
oc movers ottawa,14,14,110,34,3.18,https://www.firstratemovers.com/local-ottawa-moving-rates/,0,0,0.00,0.25,43000,"[52,17,64,64,64,100]",2026-02-06,"Knowledge panel, Sitelinks, People also ask, Related searches",navigational,Organic
oc movers ottawa,32,32,110,34,3.18,https://www.firstratemovers.com/,0,0,0.00,0.25,43000,"[52,17,64,64,64,100]",2026-02-06,"Knowledge panel, Sitelinks, People also ask, Related searches",navigational,Organic
how to choose furniture movers,15,15,210,8,0.00,https://www.firstratemovers.com/how-to-choose-a-good-moving-company/,0,0,0.00,0,174000000,"[35,43,66,43,35,35,14,14,100,22,43]",2026-02-26,"People also ask, Related searches, Discussions and forums, AI overview",informational,Organic
moving companies courtenay,4,4,110,13,3.30,https://www.firstratemovers.com/local-ottawa-moving-rates/,0,0,0.00,0.94,1030000,"[66,80,52,9,66,66,66,66,52,52,42,42]",2026-02-27,"Local pack, Sitelinks, Image, People also ask, Related searches",commercial,People also ask
rj movers,49,49,210,29,2.49,https://www.firstratemovers.com/,0,0,0.00,0.27,0,"[65,53,65,53,65,65,65,65,65,65,43,43]",2026-03-08,"Knowledge panel, Sitelinks, Video, Related searches",navigational,Organic
companies in kanata ontario,76,76,90,20,0.00,https://www.firstratemovers.com/kanata/,0,0,0.00,0.08,3840000,"[50,78,100,78,100,78,78,64,50,78,50,50]",2026-02-26,"Local pack, Sitelinks, People also ask, Related searches",commercial,Organic
movers services,35,35,320,67,6.50,https://www.firstratemovers.com/ottawa-packing-services/,0,0,0.00,0.1,173000000,"[23,44,5,5,7,7,12,44,54,100,67,54]",2026-02-17,"Local pack, People also ask, Related searches",commercial,Organic
wardrobe boxes for moving,35,35,90,24,1.50,https://www.firstratemovers.com/free-use-of-wardrobe-boxes/,0,0,0.00,1,98000000,"[7,12,7,12,10,17,100,17,28,17,17,35]",2026-02-06,"Image pack, Sitelinks, Video, Image, People also ask, Popular products, Related searches",commercial,Organic
wardrobe boxes for moving,65,65,90,24,1.50,https://www.firstratemovers.com/free-use-of-wardrobe-boxes/,0,0,0.00,1,98000000,"[7,12,7,12,10,17,100,17,28,17,17,35]",2026-02-06,"Image pack, Sitelinks, Video, Image, People also ask, Popular products, Related searches",commercial,Organic
moving quotations,36,36,110,13,10.31,https://www.firstratemovers.com/moving-quotes/,0,0,0.00,0.6,0,"[11,11,17,41,64,64,100,82,82,100,82,82]",2026-03-08,"Image pack, Video, Ads bottom, Related searches, Discussions and forums, AI overview",informational,Organic
moving quotations,61,61,110,13,10.31,https://www.firstratemovers.com/moving-quotes/,0,0,0.00,0.6,0,"[11,11,17,41,64,64,100,82,82,100,82,82]",2026-03-08,"Image pack, Video, Ads bottom, Related searches, Discussions and forums, AI overview",informational,Organic
moving quotations,64,64,110,13,10.31,https://www.firstratemovers.com/moving-quotes/,0,0,0.00,0.6,0,"[11,11,17,41,64,64,100,82,82,100,82,82]",2026-03-08,"Image pack, Video, Ads bottom, Related searches, Discussions and forums, AI overview",informational,Organic
furniture recycling near me,85,85,140,33,1.73,https://www.firstratemovers.com/furniture-donation-disposal/,0,0,0.00,0.76,0,"[17,23,28,28,23,35,35,53,43,43,28,43]",2026-03-19,"Local pack, Video, Related searches",transactional,Organic
household goods list,33,33,110,37,0.39,https://www.firstratemovers.com/sample-household-content-list/,0,0,0.00,0.17,241000000,"[66,66,42,52,52,52,52,66,42,52,42,66]",2026-02-24,"Image pack, Sitelinks, Video, Video Carousel, People also ask, Related searches, AI overview",informational,Organic
ottawa piano movers,5,5,140,35,2.30,https://www.firstratemovers.com/ottawa-piano-movers/,0,0,0.00,0.94,268000,"[15,19,34,42,42,42,80,80,80,65,80,100]",2026-02-28,"Local pack, Image, People also ask, Related searches, Discussions and forums",commercial,Organic
where to buy boxes,49,49,590,42,1.45,https://www.firstratemovers.com/moving-boxes-and-supplies/,0,0,0.00,1,580000000,"[59,59,48,59,72,59,59,59,59,72,59,72]",2026-02-17,"Local pack, Sitelinks, Video, Image, Ads bottom, People also ask, Popular products, Related searches",transactional,Organic
moving companies woodstock,3,3,110,15,3.97,https://www.firstratemovers.com/local-ottawa-moving-rates/,0,0,0.00,0.71,8150000,"[9,19,52,100,52,52,52,52,52,52,42,42]",2026-03-04,"Local pack, Image, People also ask, Related searches",commercial,People also ask
corporate moving service,82,82,70,44,8.11,https://www.firstratemovers.com/,0,0,0.00,0.33,383000000,"[14,14,78,78,78,14,78,14,14,100,50,35]",2026-02-27,"Local pack, Image, People also ask, Related searches, AI overview",informational,Organic
i need boxes for moving,44,44,320,37,0.00,https://www.firstratemovers.com/moving-boxes-and-supplies/,0,0,0.00,0.26,339000000,"[66,66,66,66,66,66,66,66,66,81,66,54]",2026-02-10,"Sitelinks, Video, Image, Ads top, Video Carousel, People also ask, Popular products, Related searches, Ads middle",commercial,Organic
a 1 moving company,30,30,50,5,2.86,https://www.firstratemovers.com/,0,0,0.00,0.4,1440000000,"[18,18,18,18,100,100,18,18,100,18,100,18]",2026-02-16,"Knowledge panel, Video, People also ask, Related searches","informational, transactional",Organic
movers cobourg ontario,6,6,110,10,3.97,https://www.firstratemovers.com/local-ottawa-moving-rates/,0,0,0.00,0.64,115,"[21,15,34,65,100,43,28,28,21,28,21,21]",2026-03-05,"Local pack, People also ask, Related searches",commercial,People also ask
moving companies small,97,97,320,31,3.93,https://www.firstratemovers.com/nepean-movers/,0,0,0.00,0.05,0,"[21,14,17,21,26,21,14,21,32,32,26,100]",2026-03-15,"Local pack, Sitelinks, Video, Related searches",commercial,Organic
helloyugo,7,7,90,30,0.00,https://www.firstratemovers.com/how-to-choose-a-good-moving-company/,0,0,0.00,0,2160,"[14,66,52,66,33,52,42,100,14,66,14,19]",2026-03-04,"Knowledge panel, Sitelinks, Image, People also ask",navigational,People also ask
helloyugo,7,7,90,30,0.00,https://www.firstratemovers.com/,0,0,0.00,0,2160,"[14,66,52,66,33,52,42,100,14,66,14,19]",2026-03-04,"Knowledge panel, Sitelinks, Image, People also ask",navigational,People also ask
free dresser toronto,56,56,90,7,1.32,https://www.firstratemovers.com/detailed-moving-estimates/,0,0,0.00,0.28,3330000,"[52,52,41,64,52,52,52,41,41,52,52,41]",2026-03-03,"Sitelinks, Video, Related searches",informational,Organic
movers kanata,23,23,140,14,6.26,https://www.firstratemovers.com/,0,0,0.00,0.78,258000,"[9,43,15,15,15,15,15,81,81,65,81,100]",2026-02-14,"Local pack, Image, People also ask, Related searches",commercial,Organic
how much do moving companies charge,15,15,110,11,2.55,https://www.firstratemovers.com/local-ottawa-moving-rates/,0,0,0.00,0.79,152,"[53,53,53,42,53,53,42,42,53,34,34,34]",2026-03-25,"Sitelinks, Video, Related searches, AI overview",informational,Organic
furniture movers ottawa,34,34,260,22,5.18,https://www.firstratemovers.com/moving-from-ottawa-to-toronto/,0,0,0.00,0.99,0,"[5,5,7,7,11,11,59,39,32,39,39,32]",2026-03-14,"Local pack, Sitelinks, Video, Related searches",commercial,Organic
moving companies with storage containers,80,80,720,56,4.32,https://www.firstratemovers.com/our-storage/,0,0,0.00,0.97,21100000,"[30,36,55,100,62,30,36,45,30,55,30,24]",2026-03-02,"Local pack, Sitelinks, People also ask, Related searches, AI overview",commercial,Organic
long distance moving,50,32,1000,48,8.04,https://www.firstratemovers.com/long-distance-moving/,0,0,0.00,0.33,892000000,"[20,24,24,41,30,24,54,54,54,54,54,66]",2026-03-27,"Local pack, Sitelinks, Video, People also ask, Related searches, AI overview",commercial,Organic
long distance moving,51,32,1000,48,8.04,https://www.firstratemovers.com/long-distance-moving/,0,0,0.00,0.33,892000000,"[20,24,24,41,30,24,54,54,54,54,54,66]",2026-03-27,"Local pack, Sitelinks, Video, People also ask, Related searches, AI overview",commercial,Organic
cheapest moving company,15,15,110,30,5.60,https://www.firstratemovers.com/,0,0,0.00,0.81,135,"[11,6,11,11,44,8,18,15,15,28,35,35]",2026-03-09,"Local pack, Video, Related searches, Discussions and forums, AI overview",commercial,Organic
cheapest moving company,73,73,110,30,5.60,https://www.firstratemovers.com/local-ottawa-moving-rates/,0,0,0.00,0.81,135,"[11,6,11,11,44,8,18,15,15,28,35,35]",2026-03-09,"Local pack, Video, Related searches, Discussions and forums, AI overview",commercial,Organic
movers sault ste marie ontario,5,5,90,14,1.68,https://www.firstratemovers.com/local-ottawa-moving-rates/,0,0,0.00,0.57,141000,"[81,81,81,63,45,100,63,100,100,63,63,81]",2026-03-03,"Local pack, Video, Image, People also ask, Related searches",commercial,People also ask
professional mover,36,36,140,60,6.85,https://www.firstratemovers.com/,0,0,0.00,0.25,133000000,"[43,14,10,100,18,29,22,29,18,18,22,18]",2026-03-20,"Local pack, Video, People also ask, Related searches",commercial,Organic
professional mover,49,49,140,60,6.85,https://www.firstratemovers.com/,0,0,0.00,0.25,133000000,"[43,14,10,100,18,29,22,29,18,18,22,18]",2026-03-20,"Local pack, Video, People also ask, Related searches",commercial,Organic
piano disposal near me,1,1,70,10,5.60,https://www.firstratemovers.com/ottawa-piano-movers/,0,0,0.00,0.91,0,"[19,14,23,23,33,19,33,42,33,33,33,42]",2026-03-08,"Knowledge panel, Video, Ads bottom, Related searches, AI overview","informational, transactional",AI overview
piano disposal near me,1,1,70,10,5.60,https://www.firstratemovers.com/ottawa-piano-movers/,0,0,0.00,0.91,0,"[19,14,23,23,33,19,33,42,33,33,33,42]",2026-03-08,"Knowledge panel, Video, Ads bottom, Related searches, AI overview","informational, transactional",AI overview
movers kitchener ontario,1,1,590,23,8.64,https://www.firstratemovers.com/local-ottawa-moving-rates/,0,0,0.00,0.99,247000,"[55,100,8,16,10,30,81,62,16,20,24,16]",2026-02-28,"Local pack, Sitelinks, Image, People also ask, Related searches",commercial,People also ask
used furniture buyers near me,34,34,90,40,0.79,https://www.firstratemovers.com/where-can-i-sell-donate-or-dispose-of-my-belongings-in-ottawa/,0,0,0.00,0.7,426000000,"[14,14,10,29,22,22,22,18,22,18,18,18]",2026-03-01,"Local pack, Sitelinks, Video, People also ask, Related searches",transactional,Organic
used furniture buyers near me,62,62,90,40,0.79,https://www.firstratemovers.com/where-can-i-sell-donate-or-dispose-of-my-belongings-in-ottawa/,0,0,0.00,0.7,426000000,"[14,14,10,29,22,22,22,18,22,18,18,18]",2026-03-01,"Local pack, Sitelinks, Video, People also ask, Related searches",transactional,Organic
piano movers cost,26,26,140,4,1.82,https://www.firstratemovers.com/ottawa-piano-movers/,0,0,0.00,0.18,4310000,"[21,28,34,43,43,15,6,53,65,100,34,65]",2026-02-28,"Image pack, Sitelinks, Video, People also ask, Related searches, AI overview",informational,Organic
ottawa long distance moving,11,11,210,24,7.61,https://www.firstratemovers.com/long-distance-moving/,0,0,0.00,0.53,5120000,"[28,23,53,43,66,66,53,100,53,43,53,66]",2026-01-31,"Local pack, Sitelinks, Video, People also ask, Related searches",commercial,Organic
where can i buy cheap moving boxes,37,37,260,34,0.87,https://www.firstratemovers.com/moving-boxes-and-supplies/,0,0,0.00,0.94,103000000,"[19,44,36,44,36,36,44,44,44,44,29,29]",2026-02-06,"Local pack, Sitelinks, Video, Image, Ads bottom, People also ask, Popular products, Related searches, Discussions and forums, AI overview",transactional,Organic
barrhaven self storage,21,21,50,26,5.69,https://www.firstratemovers.com/our-storage/,0,0,0.00,0.76,33900,"[3,3,3,18,18,18,3,18,18,3,3,3]",2026-02-20,"Local pack, Video, Image, Ads bottom, People also ask, Related searches",commercial,Organic
barrhaven self storage,35,35,50,26,5.69,https://www.firstratemovers.com/free-storage-ottawa/,0,0,0.00,0.76,33900,"[3,3,3,18,18,18,3,18,18,3,3,3]",2026-02-20,"Local pack, Video, Image, Ads bottom, People also ask, Related searches",commercial,Organic
barrhaven self storage,67,67,50,26,5.69,https://www.firstratemovers.com/barrhaven/,0,0,0.00,0.76,33900,"[3,3,3,18,18,18,3,18,18,3,3,3]",2026-02-20,"Local pack, Video, Image, Ads bottom, People also ask, Related searches",commercial,Organic
packing moving company,29,29,110,25,2.96,https://www.firstratemovers.com/ottawa-packing-services/,0,0,0.00,0.89,89000000,"[54,66,43,100,22,4,4,4,4,4,4,4]",2026-01-28,"Local pack, Video, People also ask, Related searches",commercial,Organic
average cost of moving company,25,25,140,19,2.10,https://www.firstratemovers.com/local-ottawa-moving-rates/,0,0,0.00,0.71,377000000,"[42,80,66,66,66,4,80,66,66,80,52,66]",2026-03-03,"Sitelinks, Video, People also ask, Related searches, Discussions and forums, AI overview",informational,Organic
small moving companies near me,18,18,210,32,2.99,https://www.firstratemovers.com/,0,0,0.00,0.89,602000000,"[65,80,53,100,100,100,100,100,100,100,65,65]",2026-03-04,"Local pack, Video, People also ask, Related searches",transactional,Organic
moving companies in campbell river,2,2,70,9,2.90,https://www.firstratemovers.com/local-ottawa-moving-rates/,0,0,0.00,0.73,119,"[45,81,81,45,100,63,18,63,63,81,81,63]",2026-03-04,"Local pack, Sitelinks, People also ask, Related searches",commercial,People also ask
rental truck movers,25,25,90,70,1.58,https://www.firstratemovers.com/,0,0,0.00,0.69,0,"[11,11,7,7,7,26,53,100,34,42,100,19]",2026-03-17,"Local pack, Video, Related searches",commercial,Organic
rental truck movers,40,40,90,70,1.58,https://www.firstratemovers.com/,0,0,0.00,0.69,0,"[11,11,7,7,7,26,53,100,34,42,100,19]",2026-03-17,"Local pack, Video, Related searches",commercial,Organic
rental truck movers,77,77,90,70,1.58,https://www.firstratemovers.com/,0,0,0.00,0.69,0,"[11,11,7,7,7,26,53,100,34,42,100,19]",2026-03-17,"Local pack, Video, Related searches",commercial,Organic
moving appliances,17,17,140,17,3.12,https://www.firstratemovers.com/preparing-appliances/,0,0,0.00,0.92,227,"[15,19,26,65,53,34,100,80,53,53,53,53]",2026-03-26,"Local pack, Sitelinks, Video, Video Carousel, People also ask, Popular products, Related searches, Short videos, AI overview","commercial, informational",Organic
piano mover,92,92,320,19,3.08,https://www.firstratemovers.com/ottawa-piano-movers/,0,0,0.00,0.8,37600000,"[15,36,23,54,36,36,36,29,54,29,23,29]",2026-01-31,"Video, Image, Ads bottom, Video Carousel, People also ask, Popular products, Related searches, AI overview",commercial,Organic
piano mover ottawa,7,7,70,19,1.67,https://www.firstratemovers.com/ottawa-piano-movers/,0,0,0.00,0.57,276000,"[21,7,14,14,14,14,21,100,100,50,78,100]",2026-02-16,"Local pack, Sitelinks, Video, Image, People also ask, Related searches",commercial,Organic
storage unit first month free,14,14,50,37,7.56,https://www.firstratemovers.com/free-storage-ottawa/,0,0,0.00,0.94,0,"[36,45,45,45,100,63,63,63,63,36,45,0]",2026-03-16,"Local pack, Video, Related searches",commercial,Organic
moving companies in red deer,4,4,70,14,4.09,https://www.firstratemovers.com/local-ottawa-moving-rates/,0,0,0.00,0.9,34200000,"[19,23,100,19,23,23,23,23,23,19,14,23]",2026-02-28,"Local pack, Sitelinks, People also ask, Related searches",commercial,People also ask
boxes moving boxes,73,73,70,23,0.83,https://www.firstratemovers.com/moving-boxes-and-supplies/,0,0,0.00,1,0,"[19,14,0,23,33,100,33,42,52,66,23,4]",2026-03-09,"Local pack, Sitelinks, Video, Image, Popular products, Related searches",commercial,Organic
kanata movers,31,31,480,18,6.26,https://www.firstratemovers.com/,0,0,0.00,0.78,303000,"[13,3,30,36,55,20,24,30,45,100,45,30]",2026-02-05,"Local pack, Image, People also ask, Related searches",commercial,Organic
best moving company ottawa,3,3,70,53,4.10,https://www.firstratemovers.com/,0,0,0.00,0.59,36300000,"[15,19,3,3,19,7,100,65,11,11,42,7]",2026-02-26,"Local pack, Sitelinks, People also ask, Related searches, Discussions and forums",commercial,Organic
best moving company ottawa,31,31,70,53,4.10,https://www.firstratemovers.com/how-to-choose-a-good-moving-company/,0,0,0.00,0.59,36300000,"[15,19,3,3,19,7,100,65,11,11,42,7]",2026-02-26,"Local pack, Sitelinks, People also ask, Related searches, Discussions and forums",commercial,Organic
cheap self storage ottawa,56,56,110,32,4.21,https://www.firstratemovers.com/ottawa-self-storage/,0,0,0.00,0.91,5820000,"[26,26,26,42,42,42,53,53,53,34,42,34]",2026-03-03,"Local pack, Image, Ads bottom, People also ask, Related searches, Discussions and forums",commercial,Organic
cheap self storage ottawa,79,79,110,32,4.21,https://www.firstratemovers.com/our-storage/,0,0,0.00,0.91,5820000,"[26,26,26,42,42,42,53,53,53,34,42,34]",2026-03-03,"Local pack, Image, Ads bottom, People also ask, Related searches, Discussions and forums",commercial,Organic
cheap moving companies ottawa,4,4,110,51,4.31,https://www.firstratemovers.com/,0,0,0.00,0.91,95300000,"[26,34,42,42,34,42,34,42,65,42,65,65]",2026-03-25,"Local pack, Sitelinks, People also ask, Related searches",commercial,Organic
cheap moving companies ottawa,38,38,110,51,4.31,https://www.firstratemovers.com/local-ottawa-moving-rates/,0,0,0.00,0.91,95300000,"[26,34,42,42,34,42,34,42,65,42,65,65]",2026-03-25,"Local pack, Sitelinks, People also ask, Related searches",commercial,Organic
ottawa furniture bank,31,31,90,28,2.47,https://www.firstratemovers.com/furniture-donation-disposal/,0,0,0.00,0.09,11900000,"[10,7,23,28,23,12,43,23,35,28,28,23]",2026-03-25,"Knowledge panel, Video, Related searches","informational, transactional",Organic
quote moving,17,17,50,14,1.38,https://www.firstratemovers.com/moving-quotes/,0,0,0.00,0.66,0,"[5,17,17,23,100,29,41,29,29,23,17,29]",2026-03-19,"Image pack, Video, Related searches","commercial, informational",Organic
newmarket ontario moving companies,3,3,210,19,8.76,https://www.firstratemovers.com/local-ottawa-moving-rates/,0,0,0.00,0.74,128,"[48,48,1,2,3,2,1,2,48,48,39,32]",2026-03-05,"Local pack, Image, People also ask, Related searches",commercial,People also ask
reliable moving co,30,30,110,22,6.12,https://www.firstratemovers.com/,0,0,0.00,0.57,268000000,"[64,64,11,64,52,100,100,64,64,100,52,41]",2026-02-28,"Local pack, Sitelinks, Video, Related searches",informational,Organic
moving companies for long distance moves,30,30,1300,39,9.22,https://www.firstratemovers.com/long-distance-moving/,0,0,0.00,0.18,194000000,"[34,44,100,44,82,65,44,44,34,3,4,8]",2026-02-04,"Sitelinks, Video, Featured snippet, People also ask, Related searches, Discussions and forums","commercial, informational",Organic
quotes for moving companies,23,23,320,32,9.28,https://www.firstratemovers.com/moving-quotes/,0,0,0.00,0.42,189000000,"[66,66,54,66,66,66,66,66,66,100,66,66]",2026-02-01,"Local pack, Image pack, Video, Ads bottom, People also ask, Related searches, Discussions and forums, AI overview",informational,Organic
relocation insurance,36,36,70,9,5.38,https://www.firstratemovers.com/moving-company-insurance-coverage/,0,0,0.00,0.52,79500000,"[19,19,19,26,26,26,42,42,42,7,7,7]",2026-03-03,"Knowledge panel, People also ask, Related searches",informational,Organic
picture moving boxes,46,46,140,22,0.63,https://www.firstratemovers.com/moving-boxes-and-supplies/,0,0,0.00,1,189000000,"[52,52,42,80,66,80,80,100,66,52,42,52]",2026-02-09,"Image pack, Sitelinks, Video, Image, Video Carousel, People also ask, Popular products, Related searches","commercial, informational",Organic
packing companies,62,62,50,46,3.31,https://www.firstratemovers.com/ottawa-packing-services/,0,0,0.00,0.68,951000000,"[11,17,64,52,23,29,23,17,17,64,41,11]",2026-01-28,"Local pack, People also ask, Related searches",commercial,Organic
appliance moving,43,43,50,18,2.39,https://www.firstratemovers.com/preparing-appliances/,0,0,0.00,0.98,102000000,"[33,19,9,14,66,23,42,23,23,9,14,4]",2026-02-27,"Local pack, Sitelinks, Video, People also ask, Popular products, Related searches",commercial,Organic
moving equipment,59,59,210,25,1.30,https://www.firstratemovers.com/moving-boxes-and-supplies/,0,0,0.00,1,822000000,"[29,66,100,81,43,35,35,35,35,35,35,29]",2026-02-22,"Local pack, Image pack, Sitelinks, Video, Image, People also ask, Popular products, Related searches, AI overview",commercial,Organic
how much it cost to move a house,49,49,70,18,1.36,https://www.firstratemovers.com/typical-move-costs-for-2024/,0,0,0.00,0.42,1260000000,"[45,81,63,63,63,63,81,63,63,45,63,18]",2026-02-23,"Sitelinks, Video, People also ask, Related searches, Discussions and forums, AI overview",informational,Organic
hire movers,16,16,210,50,5.10,https://www.firstratemovers.com/,0,0,0.00,1,30900000,"[53,53,81,81,65,53,100,100,65,65,65,53]",2026-03-26,"Local pack, Sitelinks, Video, People also ask, Related searches",commercial,Organic
hire movers,23,23,210,50,5.10,https://www.firstratemovers.com/,0,0,0.00,1,30900000,"[53,53,81,81,65,53,100,100,65,65,65,53]",2026-03-26,"Local pack, Sitelinks, Video, People also ask, Related searches",commercial,Organic
hire movers,33,33,210,50,5.10,https://www.firstratemovers.com/local-moving-in-ottawa/,0,0,0.00,1,30900000,"[53,53,81,81,65,53,100,100,65,65,65,53]",2026-03-26,"Local pack, Sitelinks, Video, People also ask, Related searches",commercial,Organic
cost of moving home,11,11,110,14,2.11,https://www.firstratemovers.com/typical-move-costs-for-2024/,0,0,0.00,0.51,1190000000,"[53,53,53,42,3,53,34,53,26,34,34,26]",2026-03-16,"Sitelinks, Video, Related searches, AI overview",informational,Organic
cheap moving supplies,71,71,320,45,1.44,https://www.firstratemovers.com/moving-boxes-and-supplies/,0,0,0.00,0.99,223,"[32,26,32,32,32,32,32,32,39,39,32,48]",2026-03-22,"Local pack, Sitelinks, Video, Image, Popular products, Related searches",commercial,Organic
moving company rental,23,23,170,74,2.25,https://www.firstratemovers.com/,0,0,0.00,0.42,0,"[42,42,53,100,80,100,65,53,53,53,80,34]",2026-03-06,"Local pack, Video, Related searches",commercial,Organic
best ottawa moving companies,4,4,50,40,4.10,https://www.firstratemovers.com/,0,0,0.00,0.59,6010000,"[100,63,0,0,45,18,81,63,81,45,63,63]",2026-02-26,"Local pack, Sitelinks, Video, People also ask, Related searches, Discussions and forums",commercial,Organic
best ottawa moving companies,90,90,50,40,4.10,https://www.firstratemovers.com/moving-from-ottawa-to-toronto/,0,0,0.00,0.59,6010000,"[100,63,0,0,45,18,81,63,81,45,63,63]",2026-02-26,"Local pack, Sitelinks, Video, People also ask, Related searches, Discussions and forums",commercial,Organic
ottawa movers reviews,34,34,70,5,3.32,https://www.firstratemovers.com/moving-from-ottawa-to-toronto/,0,0,0.00,0.91,125,"[14,14,28,28,35,78,78,100,50,64,35,35]",2026-03-17,"Sitelinks, Related searches, Discussions and forums, AI overview",commercial,Organic
movers orangeville,1,1,90,22,5.90,https://www.firstratemovers.com/local-ottawa-moving-rates/,0,0,0.00,0.89,184000,"[15,28,21,34,21,21,12,65,34,43,34,34]",2026-02-28,"Knowledge panel, Image, People also ask, Related searches",commercial,People also ask
cost of moving,21,21,110,18,3.33,https://www.firstratemovers.com/typical-move-costs-for-2024/,0,0,0.00,0.54,1340000000,"[2,4,29,35,35,22,29,29,35,22,18,18]",2026-02-15,"Sitelinks, Video, People also ask, Related searches, AI overview",informational,Organic
cost of movers,27,27,140,19,3.28,https://www.firstratemovers.com/local-ottawa-moving-rates/,0,0,0.00,0.61,107000000,"[5,4,100,4,4,5,9,7,3,7,9,9]",2026-03-22,"Sitelinks, Video, People also ask, Related searches, AI overview",informational,Organic
cost of movers,58,58,140,19,3.28,https://www.firstratemovers.com/typical-move-costs-for-2024/,0,0,0.00,0.61,107000000,"[5,4,100,4,4,5,9,7,3,7,9,9]",2026-03-22,"Sitelinks, Video, People also ask, Related searches, AI overview",informational,Organic
cost of movers,62,62,140,19,3.28,https://www.firstratemovers.com/typical-move-costs-for-2024/,0,0,0.00,0.61,107000000,"[5,4,100,4,4,5,9,7,3,7,9,9]",2026-03-22,"Sitelinks, Video, People also ask, Related searches, AI overview",informational,Organic
buy sell ottawa,31,31,210,30,1.85,https://www.firstratemovers.com/where-can-i-sell-donate-or-dispose-of-my-belongings-in-ottawa/,0,0,0.00,0.07,27200000,"[65,81,43,65,65,81,65,100,81,43,65,81]",2026-02-21,"Sitelinks, Video, Related searches",transactional,Organic
mover hamilton,3,3,110,39,10.76,https://www.firstratemovers.com/local-ottawa-moving-rates/,0,0,0.00,0.86,247000000,"[2,1,2,0,16,0,0,4,5,5,4,2]",2026-03-03,"Local pack, Video, Image, People also ask, Related searches",commercial,People also ask
donate furniture with free pick up ottawa,13,13,140,14,1.42,https://www.firstratemovers.com/furniture-donation-disposal/,0,0,0.00,0.72,1100000,"[12,15,19,12,15,19,19,19,23,15,29,15]",2026-03-21,"Local pack, Sitelinks, Video, People also ask, Related searches, Discussions and forums",commercial,Organic
swan moving company,4,4,90,10,1.10,https://www.firstratemovers.com/how-to-choose-a-good-moving-company/,0,0,0.00,0.33,11900000,"[26,26,26,26,26,42,42,34,53,53,34,34]",2026-03-05,"Local pack, Sitelinks, Video, Image, People also ask, Related searches",navigational,People also ask
swan moving company,4,4,90,10,1.10,https://www.firstratemovers.com/,0,0,0.00,0.33,11900000,"[26,26,26,26,26,42,42,34,53,53,34,34]",2026-03-05,"Local pack, Sitelinks, Video, Image, People also ask, Related searches",navigational,People also ask
moving services st catharines,6,6,210,26,5.72,https://www.firstratemovers.com/local-ottawa-moving-rates/,0,0,0.00,0.81,722000,"[23,28,35,44,100,44,23,35,35,23,15,23]",2026-03-04,"Local pack, Sitelinks, People also ask, Related searches",commercial,People also ask
low cost moving boxes,27,27,320,37,0.91,https://www.firstratemovers.com/moving-boxes-and-supplies/,0,0,0.00,1,67900000,"[81,44,28,35,81,66,81,81,35,44,18,23]",2026-03-27,"Local pack, Sitelinks, Video, Image, People also ask, Popular products, Related searches",commercial,Organic
inexpensive moving companies,19,19,140,38,4.58,https://www.firstratemovers.com/,0,0,0.00,0.93,81700000,"[100,66,66,100,66,52,52,42,42,42,66,52]",2026-02-06,"Local pack, Sitelinks, Video, People also ask, Related searches, AI overview",informational,Organic
movers moving services,72,72,170,54,6.38,https://www.firstratemovers.com/local-moving-in-ottawa/,0,0,0.00,0.18,0,"[76,24,8,8,0,0,3,3,2,6,5,2]",2026-03-14,"Local pack, Video, Related searches",commercial,Organic
moving companies long distance,45,45,720,21,10.31,https://www.firstratemovers.com/long-distance-moving/,0,0,0.00,0.33,0,"[16,20,20,24,24,20,36,30,36,36,66,54]",2026-03-14,"Sitelinks, Video, Related searches, Discussions and forums, AI overview","commercial, informational",Organic
moving companies long distance,52,52,720,21,10.31,https://www.firstratemovers.com/long-distance-moving/,0,0,0.00,0.33,0,"[16,20,20,24,24,20,36,30,36,36,66,54]",2026-03-14,"Sitelinks, Video, Related searches, Discussions and forums, AI overview","commercial, informational",Organic
pod storage ottawa,87,87,110,29,4.27,https://www.firstratemovers.com/free-storage-ottawa/,0,0,0.00,0.88,250000,"[8,15,23,35,15,18,6,23,18,15,15,15]",2026-02-11,"Local pack, Sitelinks, Video, Ads bottom, People also ask, Related searches",commercial,Organic
find moving boxes,42,42,320,27,1.74,https://www.firstratemovers.com/moving-boxes-and-supplies/,0,0,0.00,1,202000000,"[5,24,20,24,24,24,20,24,24,30,24,16]",2026-02-13,"Local pack, Sitelinks, Video, Image, Ads bottom, Video Carousel, People also ask, Popular products, Related searches",commercial,Organic
find moving boxes,57,57,320,27,1.74,https://www.firstratemovers.com/moving-boxes-and-supplies/,0,0,0.00,1,202000000,"[5,24,20,24,24,24,20,24,24,30,24,16]",2026-02-13,"Local pack, Sitelinks, Video, Image, Ads bottom, Video Carousel, People also ask, Popular products, Related searches",commercial,Organic
where to dispose of furniture,71,71,90,22,1.55,https://www.firstratemovers.com/furniture-donation-disposal/,0,0,0.00,0.79,324000000,"[34,34,26,34,42,26,34,26,34,42,26,34]",2026-02-11,"Local pack, Video, Ads bottom, People also ask, Related searches, AI overview",commercial,Organic
local moving services,79,79,140,34,5.68,https://www.firstratemovers.com/,0,0,0.00,0.32,1090000000,"[5,5,5,28,28,28,100,43,53,43,53,53]",2026-02-09,"Knowledge panel, Video, Ads bottom, People also ask, Related searches, AI overview",commercial,Organic
packing companies near me,13,13,110,14,3.59,https://www.firstratemovers.com/ottawa-packing-services/,0,0,0.00,0.64,0,"[80,42,80,42,34,34,19,42,26,26,34,26]",2026-03-16,"Local pack, Related searches",transactional,Organic
affordable long distance moving companies,95,95,170,19,4.65,https://www.firstratemovers.com/long-distance-moving/,0,0,0.00,0.14,70600000,"[28,53,43,66,35,43,35,53,53,100,35,17]",2026-03-03,"Sitelinks, People also ask, Related searches, Discussions and forums, AI overview",commercial,Organic
movers timmins,1,1,90,11,1.94,https://www.firstratemovers.com/local-ottawa-moving-rates/,0,0,0.00,0.33,57400,"[4,33,100,9,52,14,42,42,42,52,66,42]",2026-02-17,"Local pack, Sitelinks, Video, Image, People also ask, Related searches",commercial,People also ask
move in storage,18,18,260,27,7.04,https://www.firstratemovers.com/free-storage-ottawa/,0,0,0.00,0.31,1050000000,"[35,43,43,81,66,100,81,54,54,54,29,29]",2026-02-02,"Local pack, Video, Related searches, Discussions and forums",commercial,Organic
couch movers,14,14,110,10,3.02,https://www.firstratemovers.com/professional-hoisting/,0,0,0.00,0.91,13400000,"[64,64,52,52,64,64,52,52,64,100,64,52]",2026-02-24,"Sitelinks, Video, Ads bottom, People also ask, Popular products, Related searches",commercial,Organic
couch movers,52,52,110,10,3.02,https://www.firstratemovers.com/,0,0,0.00,0.91,13400000,"[64,64,52,52,64,64,52,52,64,100,64,52]",2026-02-24,"Sitelinks, Video, Ads bottom, People also ask, Popular products, Related searches",commercial,Organic
quote moving service,63,63,110,23,9.28,https://www.firstratemovers.com/moving-quotes/,0,0,0.00,0.42,155000000,"[67,67,0,0,0,0,0,4,1,1,1,1]",2026-02-10,"Local pack, Image pack, Ads bottom, People also ask, Related searches, AI overview",informational,Organic
moving help ottawa,24,24,590,20,4.29,https://www.firstratemovers.com/local-moving-in-ottawa/,0,0,0.00,0.33,77700000,"[20,10,13,20,36,55,55,55,45,45,36,36]",2026-03-13,"Local pack, Related searches, Discussions and forums",commercial,Organic
moving help ottawa,53,53,590,20,4.29,https://www.firstratemovers.com/moving-from-ottawa-to-toronto/,0,0,0.00,0.33,77700000,"[20,10,13,20,36,55,55,55,45,45,36,36]",2026-03-13,"Local pack, Related searches, Discussions and forums",commercial,Organic
piano removal company,38,38,590,,3.50,https://www.firstratemovers.com/ottawa-piano-movers/,0,0,0.00,0.84,118,"[1,1,1,1,81,62,81,55,100,45,24,24]",2026-03-23,"Local pack, Video, Related searches",commercial,Organic
how much does it cost to move home,35,35,170,18,1.37,https://www.firstratemovers.com/typical-move-costs-for-2024/,0,0,0.00,0.38,2170000000,"[34,53,53,65,80,65,65,53,65,65,65,53]",2026-02-11,"Sitelinks, Video, Ads bottom, People also ask, Related searches, Discussions and forums, AI overview",informational,Organic
long distance moving companies ontario,20,20,390,27,9.52,https://www.firstratemovers.com/long-distance-moving/,0,0,0.00,0.74,4140000,"[54,54,54,66,54,54,66,81,81,100,100,100]",2026-03-04,"Local pack, People also ask, Related searches",commercial,Organic
long distance moving companies ontario,21,21,390,27,9.52,https://www.firstratemovers.com/long-distance-moving/,0,0,0.00,0.74,4140000,"[54,54,54,66,54,54,66,81,81,100,100,100]",2026-03-04,"Local pack, People also ask, Related searches",commercial,Organic
medium moving box,46,46,50,22,0.58,https://www.firstratemovers.com/moving-boxes-and-supplies/,0,0,0.00,0.87,209000000,"[0,7,0,0,65,42,100,7,11,7,7,7]",2026-02-27,"Sitelinks, Video, Image, Popular products, Related searches",commercial,Organic
piano movers in toronto,92,92,110,,5.45,https://www.firstratemovers.com/ottawa-piano-movers/,0,0,0.00,0.34,236000,"[0,0,4,4,6,2,2,35,35,100,35,66]",2026-02-22,"Local pack, Image, People also ask, Related searches",commercial,Organic
marketplace ottawa buy and sell,6,6,170,47,1.00,https://www.firstratemovers.com/where-can-i-sell-donate-or-dispose-of-my-belongings-in-ottawa/,0,0,0.00,0.04,6850000,"[35,28,18,23,23,23,35,66,35,15,18,28]",2026-03-01,"People also ask, Related searches","navigational, transactional",People also ask
moving a truck,78,78,390,50,3.03,https://www.firstratemovers.com/help-loading-or-unloading-truck-or-container/,0,0,0.00,0.63,293000000,"[0,0,81,100,100,81,100,54,81,81,28,54]",2026-02-17,"Local pack, Video, Video Carousel, Related searches, AI overview",commercial,Organic
best movers,47,47,390,46,5.79,https://www.firstratemovers.com/,0,0,0.00,0.57,205000000,"[8,30,13,20,36,16,36,36,36,16,20,16]",2026-02-10,"Local pack, Sitelinks, Video, People also ask, Related searches, Discussions and forums, AI overview",commercial,Organic
let's get moving ottawa,32,32,170,21,1.90,https://www.firstratemovers.com/,0,0,0.00,0.14,10200000,"[65,100,80,80,80,100,100,80,53,3,42,53]",2026-03-03,"Knowledge panel, Sitelinks, Video, People also ask, Related searches","informational, transactional",Organic
ottawa senior movers,57,57,170,20,2.90,https://www.firstratemovers.com/,0,0,0.00,0.32,198000,"[42,26,80,80,100,100,80,100,34,26,65,65]",2026-02-17,"Knowledge panel, Sitelinks, Video, Image, Related searches",informational,Organic
storage first month free,22,22,50,23,8.55,https://www.firstratemovers.com/free-storage-ottawa/,0,0,0.00,0.94,535000000,"[27,45,18,36,27,63,81,63,27,36,18,63]",2026-02-27,"Sitelinks, Video, Related searches, AI overview",commercial,Organic
two men and truck movers,75,75,70,32,2.42,https://www.firstratemovers.com/,0,0,0.00,0.36,15100000,"[0,0,9,28,12,100,12,21,21,12,12,15]",2026-02-20,"Knowledge panel, Local pack, Sitelinks, Video, Image, People also ask, Related searches",navigational,Organic
moving cartons,33,33,70,36,1.25,https://www.firstratemovers.com/moving-boxes-and-supplies/,0,0,0.00,1,30700000,"[17,10,17,23,17,17,28,23,23,35,17,12]",2026-02-27,"Local pack, Sitelinks, Video, Image, Video Carousel, People also ask, Popular products, Related searches",commercial,Organic
cheap long distance moving companies,24,24,170,24,4.65,https://www.firstratemovers.com/long-distance-moving/,0,0,0.00,0.14,160000000,"[23,43,12,23,53,66,28,43,53,100,35,53]",2026-03-03,"Local pack, Sitelinks, Video, Related searches, Discussions and forums",commercial,Organic
cheap long distance moving companies,35,35,170,24,4.65,https://www.firstratemovers.com/long-distance-moving/,0,0,0.00,0.14,160000000,"[23,43,12,23,53,66,28,43,53,100,35,53]",2026-03-03,"Local pack, Sitelinks, Video, Related searches, Discussions and forums",commercial,Organic
local mover,15,15,70,39,5.77,https://www.firstratemovers.com/,0,0,0.00,0.4,0,"[1,3,4,1,4,5,8,6,4,4,6,5]",2026-03-08,"Local pack, Video, Image, Related searches",commercial,Organic
local mover,39,39,70,39,5.77,https://www.firstratemovers.com/,0,0,0.00,0.4,0,"[1,3,4,1,4,5,8,6,4,4,6,5]",2026-03-08,"Local pack, Video, Image, Related searches",commercial,Organic
appliances moving,44,44,50,11,2.39,https://www.firstratemovers.com/preparing-appliances/,0,0,0.00,0.98,146000000,"[14,19,14,19,23,33,80,23,19,9,14,14]",2026-02-27,"Local pack, Sitelinks, Video, People also ask, Popular products, Related searches",commercial,Organic
moving company ottawa,36,36,1000,55,9.64,https://www.firstratemovers.com/local-ottawa-moving-rates/,0,0,0.00,0.88,126,"[16,24,30,24,30,30,54,79,100,41,54,41]",2026-03-21,"Local pack, Sitelinks, Video, Image, Related searches",commercial,Organic
moving company ottawa,74,74,1000,55,9.64,https://www.firstratemovers.com/local-ottawa-moving-rates/,0,0,0.00,0.88,126,"[16,24,30,24,30,30,54,79,100,41,54,41]",2026-03-21,"Local pack, Sitelinks, Video, Image, Related searches",commercial,Organic
mover in ottawa,31,31,70,48,9.64,https://www.firstratemovers.com/local-ottawa-moving-rates/,0,0,0.00,0.88,148000000,"[0,7,0,0,100,2,17,23,23,7,5,2]",2026-03-23,"Local pack, Video, Image, People also ask, Related searches",commercial,Organic
moving company vaughan,2,2,390,16,11.12,https://www.firstratemovers.com/local-ottawa-moving-rates/,0,0,0.00,0.67,15100000,"[44,29,44,36,36,23,15,54,81,81,100,66]",2026-02-13,"Local pack, Sitelinks, Image, People also ask, Related searches",commercial,People also ask
jiajia moving,7,7,260,25,2.21,https://www.firstratemovers.com/how-to-choose-a-good-moving-company/,0,0,0.00,0.15,98,"[35,43,35,66,100,66,82,66,100,53,66,35]",2026-03-05,"Knowledge panel, Sitelinks, Video, People also ask, Related searches",navigational,People also ask
jiajia moving,7,7,260,25,2.21,https://www.firstratemovers.com/,0,0,0.00,0.15,98,"[35,43,35,66,100,66,82,66,100,53,66,35]",2026-03-05,"Knowledge panel, Sitelinks, Video, People also ask, Related searches",navigational,People also ask
jiajia moving,7,7,260,25,2.21,https://www.firstratemovers.com/local-ottawa-moving-rates/,0,0,0.00,0.15,98,"[35,43,35,66,100,66,82,66,100,53,66,35]",2026-03-05,"Knowledge panel, Sitelinks, Video, People also ask, Related searches",navigational,People also ask
move local,15,15,110,22,5.44,https://www.firstratemovers.com/what-is-a-local-move/,0,0,0.00,0.15,2130000000,"[0,0,2,0,100,0,0,0,3,0,0,3]",2026-02-28,"Sitelinks, Video, Related searches",informational,Organic
local moving company,14,14,390,55,5.44,https://www.firstratemovers.com/,0,0,0.00,0.15,844000000,"[2,7,5,8,7,11,13,37,37,31,37,46]",2026-02-27,"Local pack, Image, People also ask, Related searches",commercial,Organic
local moving company,64,64,390,55,5.44,https://www.firstratemovers.com/,0,0,0.00,0.15,844000000,"[2,7,5,8,7,11,13,37,37,31,37,46]",2026-02-27,"Local pack, Image, People also ask, Related searches",commercial,Organic
best movers moving company,73,73,390,21,5.79,https://www.firstratemovers.com/,0,0,0.00,0.57,31000000,"[54,54,44,19,67,54,36,36,54,29,44,19]",2026-02-07,"Local pack, Sitelinks, Video, People also ask, Related searches, Discussions and forums",commercial,Organic
long distance moving company quotes,29,29,110,23,13.69,https://www.firstratemovers.com/long-distance-moving/,0,0,0.00,0.41,24800000,"[11,64,82,100,82,64,64,64,41,100,29,52]",2026-03-01,"Sitelinks, Video, People also ask, Related searches, Discussions and forums, AI overview",commercial,Organic
long distance moving company quotes,32,32,110,23,13.69,https://www.firstratemovers.com/long-distance-moving/,0,0,0.00,0.41,24800000,"[11,64,82,100,82,64,64,64,41,100,29,52]",2026-03-01,"Sitelinks, Video, People also ask, Related searches, Discussions and forums, AI overview",commercial,Organic
ottawa pod storage,84,84,70,35,4.27,https://www.firstratemovers.com/our-storage/,0,0,0.00,0.88,352000,"[5,10,0,0,10,12,1,10,12,10,10,7]",2026-03-03,"Local pack, Sitelinks, Video, People also ask, Related searches",commercial,Organic
pro moving company,6,6,140,22,6.11,https://www.firstratemovers.com/,0,0,0.00,0.23,669000000,"[82,82,64,82,64,82,64,64,82,64,64,100]",2026-03-05,"Local pack, Video, Image, People also ask, Related searches, See results about",commercial,People also ask
pro moving company,58,58,140,22,6.11,https://www.firstratemovers.com/how-to-choose-a-good-moving-company/,0,0,0.00,0.23,669000000,"[82,82,64,82,64,82,64,64,82,64,64,100]",2026-03-05,"Local pack, Video, Image, People also ask, Related searches, See results about",commercial,Organic
moving insurance canada,67,67,70,9,4.00,https://www.firstratemovers.com/moving-company-insurance-coverage/,0,0,0.00,0.73,0,"[9,9,9,9,15,15,34,34,43,21,21,12]",2026-03-16,"Related searches, AI overview",informational,Organic
moving insurance canada,83,83,70,9,4.00,https://www.firstratemovers.com/moving-company-insurance-coverage/,0,0,0.00,0.73,0,"[9,9,9,9,15,15,34,34,43,21,21,12]",2026-03-16,"Related searches, AI overview",informational,Organic
adams moving,28,45,90,32,2.68,https://www.firstratemovers.com/,0,0,0.00,0.27,118,"[18,14,29,18,22,22,22,22,18,18,14,18]",2026-03-27,"Local pack, Sitelinks, Related searches",navigational,Organic
frank's worldwide moving,8,8,50,15,0.00,https://www.firstratemovers.com/how-to-choose-a-good-moving-company/,0,0,0.00,0,61500000,"[28,28,28,50,50,50,50,50,14,7,100,7]",2026-03-04,"Knowledge panel, Image pack, Video, Image, People also ask, Related searches",informational,People also ask
frank's worldwide moving,8,8,50,15,0.00,https://www.firstratemovers.com/,0,0,0.00,0,61500000,"[28,28,28,50,50,50,50,50,14,7,100,7]",2026-03-04,"Knowledge panel, Image pack, Video, Image, People also ask, Related searches",informational,People also ask
ottawa moving services,66,66,260,43,6.95,https://www.firstratemovers.com/local-moving-in-ottawa/,0,0,0.00,0.86,124,"[24,13,4,4,5,7,7,13,16,10,13,13]",2026-03-05,"Local pack, Video, Image, People also ask, Related searches",commercial,Organic
welland movers,3,3,50,11,4.80,https://www.firstratemovers.com/local-ottawa-moving-rates/,0,0,0.00,0.57,161000,"[27,36,27,36,0,18,36,100,81,63,63,45]",2026-02-16,"Local pack, Sitelinks, Image, People also ask, Related searches",commercial,People also ask
movers ottawa,80,0,1600,50,9.64,https://www.firstratemovers.com/ottawa-packing-services/,0,0,0.00,0.88,2500000,"[30,65,44,44,55,44,65,55,55,55,55,55]",2026-03-27,"Local pack, Sitelinks, Video, Image, Ads bottom, Related searches",commercial,Organic
how much will a moving company cost,25,25,170,12,2.60,https://www.firstratemovers.com/typical-move-costs-for-2024/,0,0,0.00,0.8,0,"[6,0,0,0,0,0,44,66,66,44,36,36]",2026-03-12,"Sitelinks, Video, Related searches, AI overview",informational,Organic
cost to move 1 bedroom apartment cross country,40,40,320,5,0.00,https://www.firstratemovers.com/typical-move-costs-for-2024/,0,0,0.00,0.33,125,"[66,54,66,66,66,66,66,66,100,81,66,81]",2026-03-18,"Sitelinks, Video, Related searches, AI overview",informational,Organic
better business bureau movers,9,9,50,32,3.82,https://www.firstratemovers.com/how-to-choose-a-good-moving-company/,0,0,0.00,0.69,125,"[35,35,35,50,64,50,14,14,14,78,14,14]",2026-03-05,"People also ask, Related searches, AI overview",navigational,People also ask
better business bureau movers,9,9,50,32,3.82,https://www.firstratemovers.com/,0,0,0.00,0.69,125,"[35,35,35,50,64,50,14,14,14,78,14,14]",2026-03-05,"People also ask, Related searches, AI overview",navigational,People also ask
movers ottawa ontario,43,54,480,50,9.63,https://www.firstratemovers.com/local-ottawa-moving-rates/,0,0,0.00,0.88,1540000,"[21,32,11,32,26,26,72,48,59,100,48,48]",2026-03-27,"Local pack, Image, Related searches",commercial,Organic
movers ottawa ontario,55,54,480,50,9.63,https://www.firstratemovers.com/local-ottawa-moving-rates/,0,0,0.00,0.88,1540000,"[21,32,11,32,26,26,72,48,59,100,48,48]",2026-03-27,"Local pack, Image, Related searches",commercial,Organic
movers ottawa ontario,68,0,480,50,9.63,https://www.firstratemovers.com/long-distance-moving/,0,0,0.00,0.88,1540000,"[21,32,11,32,26,26,72,48,59,100,48,48]",2026-03-27,"Local pack, Image, Related searches",commercial,Organic
where to throw away furniture,51,51,170,21,1.40,https://www.firstratemovers.com/furniture-donation-disposal/,0,0,0.00,0.78,147000000,"[42,53,53,53,65,80,65,53,100,53,53,65]",2026-02-10,"Local pack, Sitelinks, Video, Image, People also ask, Related searches, AI overview",informational,Organic
where do you get moving boxes,37,37,320,37,0.89,https://www.firstratemovers.com/moving-boxes-and-supplies/,0,0,0.00,1,346000000,"[0,1,13,30,20,10,10,100,76,16,6,6]",2026-02-24,"Local pack, Sitelinks, Video, Image, Ads bottom, People also ask, Popular products, Related searches, Discussions and forums",transactional,Organic
move and storage companies,45,45,320,61,6.36,https://www.firstratemovers.com/,0,0,0.00,0.56,400000000,"[66,66,54,66,66,66,66,66,66,81,66,66]",2026-01-27,"Local pack, People also ask, Related searches",commercial,Organic
low cost long distance movers,35,35,90,21,4.65,https://www.firstratemovers.com/long-distance-moving/,0,0,0.00,0.14,22100000,"[9,28,15,81,0,34,6,28,28,100,15,12]",2026-02-20,"Sitelinks, Video, People also ask, Related searches, AI overview",commercial,Organic
movers moving company,24,24,260,66,7.03,https://www.firstratemovers.com/,0,0,0.00,0.49,53500000,"[1,9,12,100,100,9,44,66,15,54,29,19]",2026-03-21,"Local pack, Video, People also ask, Related searches",commercial,Organic
movers moving company,33,33,260,66,7.03,https://www.firstratemovers.com/kanata/,0,0,0.00,0.49,53500000,"[1,9,12,100,100,9,44,66,15,54,29,19]",2026-03-21,"Local pack, Video, People also ask, Related searches",commercial,Organic
best local movers,14,14,50,16,0.00,https://www.firstratemovers.com/,0,0,0.00,0.43,55000000,"[7,7,42,42,42,7,7,11,11,42,7,15]",2026-01-28,"Local pack, Sitelinks, Video, People also ask, Related searches, Discussions and forums",commercial,Organic
affordable long distance movers,96,96,260,23,4.65,https://www.firstratemovers.com/long-distance-moving/,0,0,0.00,0.14,5440000,"[23,43,53,82,53,66,35,66,66,100,43,100]",2026-03-03,"Sitelinks, People also ask, Related searches, Discussions and forums, AI overview","commercial, informational",Organic
moving and storage units,28,28,50,56,8.08,https://www.firstratemovers.com/our-storage/,0,0,0.00,0.62,0,"[18,100,100,100,100,18,18,18,18,18,18,18]",2026-03-19,"Local pack, Video, Image, Related searches",commercial,Organic
moving and storage units,40,40,50,56,8.08,https://www.firstratemovers.com/our-storage/,0,0,0.00,0.62,0,"[18,100,100,100,100,18,18,18,18,18,18,18]",2026-03-19,"Local pack, Video, Image, Related searches",commercial,Organic
movign company,19,19,90,65,6.74,https://www.firstratemovers.com/,0,0,0.00,0.33,1130000000,"[0,0,0,54,100,0,0,0,0,0,0,0]",2026-03-05,"Local pack, Video, Image, People also ask, Related searches",commercial,Organic
movers company,13,13,210,51,10.44,https://www.firstratemovers.com/,0,0,0.00,0.19,0,"[1,44,5,5,5,3,28,66,100,81,66,44]",2026-03-08,"Local pack, Video, Image, Related searches",commercial,Organic
ottawa fast movers,39,39,50,22,1.83,https://www.firstratemovers.com/local-ottawa-moving-rates/,0,0,0.00,0.19,694000,"[19,19,15,15,42,26,7,19,19,11,7,7]",2026-02-25,"Knowledge panel, Sitelinks, Video, Related searches",informational,Organic
ottawa fast movers,41,41,50,22,1.83,https://www.firstratemovers.com/local-ottawa-moving-rates/,0,0,0.00,0.19,694000,"[19,19,15,15,42,26,7,19,19,11,7,7]",2026-02-25,"Knowledge panel, Sitelinks, Video, Related searches",informational,Organic
ottawa fast movers,59,59,50,22,1.83,https://www.firstratemovers.com/local-moving-in-ottawa/,0,0,0.00,0.19,694000,"[19,19,15,15,42,26,7,19,19,11,7,7]",2026-02-25,"Knowledge panel, Sitelinks, Video, Related searches",informational,Organic
ottawa fast movers,69,69,50,22,1.83,https://www.firstratemovers.com/local-moving-in-ottawa/,0,0,0.00,0.19,694000,"[19,19,15,15,42,26,7,19,19,11,7,7]",2026-02-25,"Knowledge panel, Sitelinks, Video, Related searches",informational,Organic
ottawa fast movers,74,74,50,22,1.83,https://www.firstratemovers.com/local-moving-in-ottawa/,0,0,0.00,0.19,694000,"[19,19,15,15,42,26,7,19,19,11,7,7]",2026-02-25,"Knowledge panel, Sitelinks, Video, Related searches",informational,Organic
moving supplies packing,94,94,140,30,1.71,https://www.firstratemovers.com/moving-boxes-and-supplies/,0,0,0.00,1,25800000,"[52,52,82,82,100,100,100,100,100,100,52,64]",2026-02-10,"Local pack, Sitelinks, Image, Popular products, Related searches",commercial,Organic
movers toronto to ottawa,1,1,110,6,8.53,https://www.firstratemovers.com/moving-to-ottawa-from-toronto/,0,0,0.00,0.4,1690000,"[64,64,100,100,52,52,64,64,64,100,64,64]",2026-03-23,"Sitelinks, Video, People also ask, Related searches, AI overview",informational,AI overview
movers toronto to ottawa,16,16,110,6,8.53,https://www.firstratemovers.com/moving-to-ottawa-from-toronto/,0,0,0.00,0.4,1690000,"[64,64,100,100,52,52,64,64,64,100,64,64]",2026-03-23,"Sitelinks, Video, People also ask, Related searches, AI overview",informational,Organic
movers toronto to ottawa,46,46,110,6,8.53,https://www.firstratemovers.com/long-distance-moving/,0,0,0.00,0.4,1690000,"[64,64,100,100,52,52,64,64,64,100,64,64]",2026-03-23,"Sitelinks, Video, People also ask, Related searches, AI overview",informational,Organic
movers toronto to ottawa,70,70,110,6,8.53,https://www.firstratemovers.com/long-distance-moving/,0,0,0.00,0.4,1690000,"[64,64,100,100,52,52,64,64,64,100,64,64]",2026-03-23,"Sitelinks, Video, People also ask, Related searches, AI overview",informational,Organic
movers toronto to ottawa,81,81,110,6,8.53,https://www.firstratemovers.com/local-ottawa-moving-rates/,0,0,0.00,0.4,1690000,"[64,64,100,100,52,52,64,64,64,100,64,64]",2026-03-23,"Sitelinks, Video, People also ask, Related searches, AI overview",informational,Organic
top rated moving,86,86,110,16,7.44,https://www.firstratemovers.com/,0,0,0.00,0.74,395000000,"[78,78,78,78,78,100,78,100,50,64,64,50]",2026-02-21,"Sitelinks, Video, People also ask, Popular products, Related searches, Discussions and forums, AI overview",commercial,Organic
fridge movers toronto,57,57,90,6,3.34,https://www.firstratemovers.com/preparing-appliances/,0,0,0.00,0.77,215000,"[2,2,2,2,2,5,5,5,5,2,5,7]",2026-03-06,"Local pack, Sitelinks, People also ask, Popular products, Related searches",commercial,Organic
fridge movers toronto,80,80,90,6,3.34,https://www.firstratemovers.com/preparing-appliances/,0,0,0.00,0.77,215000,"[2,2,2,2,2,5,5,5,5,2,5,7]",2026-03-06,"Local pack, Sitelinks, People also ask, Popular products, Related searches",commercial,Organic
francis movers toronto,25,25,140,24,2.27,https://www.firstratemovers.com/moving-to-ottawa-from-toronto/,0,0,0.00,0.5,0,"[80,66,80,100,80,66,66,66,52,52,66,52]",2026-03-15,"Knowledge panel, Sitelinks, Video, Related searches",navigational,Organic
francis movers toronto,31,31,140,24,2.27,https://www.firstratemovers.com/moving-to-ottawa-from-toronto/,0,0,0.00,0.5,0,"[80,66,80,100,80,66,66,66,52,52,66,52]",2026-03-15,"Knowledge panel, Sitelinks, Video, Related searches",navigational,Organic
francis movers toronto,94,94,140,24,2.27,https://www.firstratemovers.com/,0,0,0.00,0.5,0,"[80,66,80,100,80,66,66,66,52,52,66,52]",2026-03-15,"Knowledge panel, Sitelinks, Video, Related searches",navigational,Organic
local movers calgary alberta,2,2,210,52,6.99,https://www.firstratemovers.com/local-ottawa-moving-rates/,0,0,0.00,0.42,11100000,"[11,28,44,44,66,54,15,15,15,100,35,18]",2026-03-03,"Local pack, People also ask, Related searches",transactional,People also ask
mattress moving service,7,7,110,14,2.55,https://www.firstratemovers.com/mattress-bags/,0,0,0.00,0.91,96300000,"[64,64,64,82,82,82,64,82,100,64,64,64]",2026-02-11,"Local pack, Sitelinks, Video, Ads bottom, Video Carousel, People also ask, Related searches, AI overview",informational,Organic
mattress moving service,11,11,110,14,2.55,https://www.firstratemovers.com/mattress-bags/,0,0,0.00,0.91,96300000,"[64,64,64,82,82,82,64,82,100,64,64,64]",2026-02-11,"Local pack, Sitelinks, Video, Ads bottom, Video Carousel, People also ask, Related searches, AI overview",informational,Organic
mattress moving service,37,37,110,14,2.55,https://www.firstratemovers.com/,0,0,0.00,0.91,96300000,"[64,64,64,82,82,82,64,82,100,64,64,64]",2026-02-11,"Local pack, Sitelinks, Video, Ads bottom, Video Carousel, People also ask, Related searches, AI overview",informational,Organic
how much will it cost to move house,20,20,170,11,1.37,https://www.firstratemovers.com/typical-move-costs-for-2024/,0,0,0.00,0.34,130,"[53,53,65,80,65,100,53,65,65,65,53,42]",2026-03-23,"Sitelinks, Video, People also ask, Related searches, Discussions and forums, AI overview",informational,Organic
cheap moving companies in edmonton,2,2,110,46,6.06,https://www.firstratemovers.com/local-ottawa-moving-rates/,0,0,0.00,0.72,10200000,"[28,34,15,6,81,43,3,43,43,100,28,21]",2026-03-03,"Local pack, Sitelinks, Video, People also ask, Related searches, Discussions and forums",commercial,People also ask
where can you buy moving boxes,44,44,70,37,0.62,https://www.firstratemovers.com/moving-boxes-and-supplies/,0,0,0.00,1,213000000,"[43,54,8,4,10,2,2,4,14,22,6,4]",2026-02-12,"Local pack, Sitelinks, Video, Image, People also ask, Popular products, Related searches, Discussions and forums",transactional,Organic
cheap moving services,25,25,170,63,7.21,https://www.firstratemovers.com/,0,0,0.00,0.69,417000000,"[54,54,29,43,54,35,6,35,29,29,29,29]",2026-02-03,"Local pack, Video, People also ask, Related searches, Discussions and forums",commercial,Organic
moving company trucks,15,15,140,,5.16,https://www.firstratemovers.com/moving-trucks/,0,0,0.00,0.57,125000000,"[0,0,43,53,28,43,53,43,53,53,100,34]",2026-02-10,"Local pack, Video, Related searches",commercial,Organic
moving company trucks,24,24,140,,5.16,https://www.firstratemovers.com/moving-trucks/,0,0,0.00,0.57,125000000,"[0,0,43,53,28,43,53,43,53,53,100,34]",2026-02-10,"Local pack, Video, Related searches",commercial,Organic
2nd move,46,46,110,58,0.00,https://www.firstratemovers.com/,0,0,0.00,0,1340000000,"[2,5,9,19,100,12,2,6,6,12,9,6]",2026-02-26,"Sitelinks, Video, Related searches",navigational,Organic
moving bixes,64,64,50,28,0.84,https://www.firstratemovers.com/moving-boxes-and-supplies/,0,0,0.00,1,395000000,"[27,45,45,45,63,100,63,36,36,45,27,63]",2026-02-10,"Sitelinks, Video, Image, Ads bottom, People also ask, Popular products, Related searches",commercial,Organic
purchase moving boxes,36,36,320,34,1.07,https://www.firstratemovers.com/moving-boxes-and-supplies/,0,0,0.00,1,123000000,"[54,44,54,81,100,44,66,35,44,35,23,35]",2026-02-01,"Local pack, Video, Image, Ads bottom, People also ask, Popular products, Related searches",transactional,Organic
mover services,38,38,480,65,6.38,https://www.firstratemovers.com/,0,0,0.00,0.18,153,"[0,1,1,20,1,2,100,8,16,13,16,24]",2026-03-24,"Local pack, Video, Related searches",commercial,Organic
piano moving service toronto,80,80,170,11,7.90,https://www.firstratemovers.com/ottawa-piano-movers/,0,0,0.00,0.5,0,"[43,65,81,100,81,65,21,21,100,21,15,9]",2026-03-13,"Local pack, Image, Related searches",commercial,Organic
where can you sell,16,16,140,58,6.77,https://www.firstratemovers.com/where-can-i-sell-donate-or-dispose-of-my-belongings-in-ottawa/,0,0,0.00,0.11,2350000000,"[52,66,52,66,52,66,66,66,66,80,52,52]",2026-03-03,"Sitelinks, Video, Video Carousel, People also ask, Related searches, Discussions and forums, AI overview",commercial,Organic
where can you sell,28,28,140,58,6.77,https://www.firstratemovers.com/where-can-i-sell-donate-or-dispose-of-my-belongings-in-ottawa/,0,0,0.00,0.11,2350000000,"[52,66,52,66,52,66,66,66,66,80,52,52]",2026-03-03,"Sitelinks, Video, Video Carousel, People also ask, Related searches, Discussions and forums, AI overview",commercial,Organic
long distance moves,39,39,140,30,9.22,https://www.firstratemovers.com/long-distance-moving/,0,0,0.00,0.18,318000000,"[7,23,5,4,5,5,15,23,23,23,12,19]",2026-02-20,"Sitelinks, Video, People also ask, Related searches, Discussions and forums, Ads middle, AI overview",informational,Organic
long distance moves,43,43,140,30,9.22,https://www.firstratemovers.com/long-distance-moving/,0,0,0.00,0.18,318000000,"[7,23,5,4,5,5,15,23,23,23,12,19]",2026-02-20,"Sitelinks, Video, People also ask, Related searches, Discussions and forums, Ads middle, AI overview",informational,Organic
movers from toronto to ottawa,1,1,70,4,8.53,https://www.firstratemovers.com/moving-to-ottawa-from-toronto/,0,0,0.00,0.4,0,"[4,4,14,23,19,100,33,42,23,42,33,33]",2026-03-16,"Sitelinks, Video, Related searches, AI overview",informational,AI overview
movers from toronto to ottawa,1,1,70,4,8.53,https://www.firstratemovers.com/moving-from-ottawa-to-toronto/,0,0,0.00,0.4,0,"[4,4,14,23,19,100,33,42,23,42,33,33]",2026-03-16,"Sitelinks, Video, Related searches, AI overview",informational,AI overview
movers from toronto to ottawa,32,32,70,4,8.53,https://www.firstratemovers.com/moving-from-ottawa-to-toronto/,0,0,0.00,0.4,0,"[4,4,14,23,19,100,33,42,23,42,33,33]",2026-03-16,"Sitelinks, Video, Related searches, AI overview",informational,Organic
movers from toronto to ottawa,88,88,70,4,8.53,https://www.firstratemovers.com/what-to-know-about-moving-from-ottawa-to-toronto/,0,0,0.00,0.4,0,"[4,4,14,23,19,100,33,42,23,42,33,33]",2026-03-16,"Sitelinks, Video, Related searches, AI overview",informational,Organic
appliance moving company,43,43,390,14,2.81,https://www.firstratemovers.com/preparing-appliances/,0,0,0.00,0.86,83800000,"[44,36,29,54,67,54,100,36,54,36,36,29]",2026-01-28,"Local pack, Sitelinks, Video, People also ask, Related searches",commercial,Organic
how much for moving company,37,37,110,14,2.60,https://www.firstratemovers.com/typical-move-costs-for-2024/,0,0,0.00,0.8,0,"[43,29,35,29,22,35,18,29,22,14,18,22]",2026-03-09,"Sitelinks, Video, Related searches, AI overview",informational,Organic
how much for moving company,88,88,110,14,2.60,https://www.firstratemovers.com/local-moving-in-ottawa/,0,0,0.00,0.8,0,"[43,29,35,29,22,35,18,29,22,14,18,22]",2026-03-09,"Sitelinks, Video, Related searches, AI overview",informational,Organic
movers ontario,29,29,320,52,6.99,https://www.firstratemovers.com/long-distance-moving/,0,0,0.00,0.66,131,"[44,81,66,81,54,54,54,44,100,44,28,44]",2026-03-23,"Knowledge panel, Video, Image, People also ask, Related searches",informational,Organic
jia jia international moving,3,3,260,24,2.21,https://www.firstratemovers.com/how-to-choose-a-good-moving-company/,0,0,0.00,0.15,12200000,"[35,35,35,66,100,100,53,35,66,82,82,66]",2026-03-05,"Knowledge panel, Image pack, Sitelinks, Video, People also ask, Related searches","informational, navigational",People also ask
jia jia international moving,3,3,260,24,2.21,https://www.firstratemovers.com/,0,0,0.00,0.15,12200000,"[35,35,35,66,100,100,53,35,66,82,82,66]",2026-03-05,"Knowledge panel, Image pack, Sitelinks, Video, People also ask, Related searches","informational, navigational",People also ask
moving company quotes,29,29,880,44,10.30,https://www.firstratemovers.com/local-ottawa-moving-rates/,0,0,0.00,0.6,0,"[36,45,100,62,45,81,55,45,62,45,45,45]",2026-03-07,"Local pack, Image pack, Video, Image, Ads bottom, Related searches, AI overview","commercial, informational",Organic
moving company quotes,70,70,880,44,10.30,https://www.firstratemovers.com/moving-quotes/,0,0,0.00,0.6,0,"[36,45,100,62,45,81,55,45,62,45,45,45]",2026-03-07,"Local pack, Image pack, Video, Image, Ads bottom, Related searches, AI overview","commercial, informational",Organic
movers rates,90,90,50,10,3.44,https://www.firstratemovers.com/typical-move-costs-for-2024/,0,0,0.00,0.76,57800000,"[4,17,4,2,3,11,3,7,7,4,5,4]",2026-02-02,"Sitelinks, Video, People also ask, Related searches, AI overview","commercial, informational",Organic
average moving company rates,9,9,140,7,2.10,https://www.firstratemovers.com/local-ottawa-moving-rates/,0,0,0.00,0.71,153000000,"[42,66,66,66,66,80,80,66,66,80,52,66]",2026-03-03,"Sitelinks, Video, People also ask, Related searches, Discussions and forums, AI overview",informational,Organic
average moving company rates,17,17,140,7,2.10,https://www.firstratemovers.com/local-ottawa-moving-rates/,0,0,0.00,0.71,153000000,"[42,66,66,66,66,80,80,66,66,80,52,66]",2026-03-03,"Sitelinks, Video, People also ask, Related searches, Discussions and forums, AI overview",informational,Organic
cranbrook moving companies,2,2,320,14,2.68,https://www.firstratemovers.com/local-ottawa-moving-rates/,0,0,0.00,0.8,769000,"[13,24,20,24,24,24,20,24,24,45,30,30]",2026-02-19,"Local pack, Sitelinks, Image, People also ask, Related searches",commercial,People also ask
moving supplies cheap,63,63,320,41,0.88,https://www.firstratemovers.com/moving-boxes-and-supplies/,0,0,0.00,1,103000000,"[43,66,54,66,54,66,54,66,66,81,81,43]",2026-02-13,"Local pack, Sitelinks, Video, Image, Popular products, Related searches, Discussions and forums",commercial,Organic
moving tv,33,33,70,33,2.00,https://www.firstratemovers.com/how-to-safely-move-your-big-screen-tv/,0,0,0.00,0.51,1470000000,"[19,42,23,23,19,23,19,23,33,33,33,100]",2026-02-23,"Knowledge panel, Image pack, Sitelinks, Video, Video Carousel, People also ask, Related searches",informational,Organic
movers in timmins,1,1,90,12,1.94,https://www.firstratemovers.com/local-ottawa-moving-rates/,0,0,0.00,0.33,104,"[29,100,52,52,29,41,82,82,82,41,29,52]",2026-03-04,"Local pack, Sitelinks, Video, People also ask, Related searches",commercial,People also ask
movers in timmins,1,1,90,12,1.94,https://www.firstratemovers.com/local-ottawa-moving-rates/,0,0,0.00,0.33,104,"[29,100,52,52,29,41,82,82,82,41,29,52]",2026-03-04,"Local pack, Sitelinks, Video, People also ask, Related searches",commercial,People also ask
how much movers cost,7,7,170,17,2.53,https://www.firstratemovers.com/local-ottawa-moving-rates/,0,0,0.00,0.83,62300000,"[2,1,2,36,5,2,1,36,36,66,44,36]",2026-03-02,"Sitelinks, Video, People also ask, Related searches, Discussions and forums, AI overview",informational,Organic
moving quotes,3,3,1000,51,9.28,https://www.firstratemovers.com/local-ottawa-moving-rates/,0,0,0.00,0.42,603000000,"[67,45,76,76,100,76,100,76,76,100,76,76]",2026-02-11,"Local pack, Video, People also ask, Related searches, AI overview",commercial,People also ask
truck movers,10,10,50,53,3.77,https://www.firstratemovers.com/help-loading-or-unloading-truck-or-container/,0,0,0.00,0.67,26500000,"[50,50,35,28,50,35,14,50,21,100,50,28]",2026-03-01,"Local pack, Sitelinks, Video, Video Carousel, People also ask, Related searches",commercial,Organic
buy boxes cheap,47,47,320,46,0.00,https://www.firstratemovers.com/moving-boxes-and-supplies/,0,0,0.00,0.91,203000000,"[54,66,54,66,66,66,66,66,66,66,66,66]",2026-02-03,"Local pack, Sitelinks, Video, Image, Ads bottom, People also ask, Popular products, Related searches, Discussions and forums",transactional,Organic
moving and packing services,22,22,70,17,6.28,https://www.firstratemovers.com/ottawa-packing-services/,0,0,0.00,0.95,79500000,"[5,10,5,12,10,12,28,28,23,23,17,17]",2026-02-05,"Local pack, Video, Ads bottom, People also ask, Related searches",commercial,Organic
movers to move a couch,13,13,110,20,3.02,https://www.firstratemovers.com/professional-hoisting/,0,0,0.00,0.91,8780000,"[64,64,52,52,82,64,52,52,64,100,64,52]",2026-03-03,"Local pack, Sitelinks, Video, Ads bottom, People also ask, Related searches, Discussions and forums, AI overview",informational,Organic
movers to move a couch,55,55,110,20,3.02,https://www.firstratemovers.com/,0,0,0.00,0.91,8780000,"[64,64,52,52,82,64,52,52,64,100,64,52]",2026-03-03,"Local pack, Sitelinks, Video, Ads bottom, People also ask, Related searches, Discussions and forums, AI overview",informational,Organic
discard old furniture,67,67,140,22,2.45,https://www.firstratemovers.com/furniture-donation-disposal/,0,0,0.00,0.9,10400000,"[53,53,53,53,53,53,53,53,53,65,53,53]",2026-01-31,"Sitelinks, Video, Featured snippet, Ads bottom, People also ask, Related searches, Discussions and forums","commercial, informational",Organic
best price for moving boxes,33,33,320,,1.42,https://www.firstratemovers.com/moving-boxes-and-supplies/,0,0,0.00,0.94,152000000,"[29,36,36,36,36,36,29,36,36,36,36,36]",2026-02-01,"Sitelinks, Video, Image, People also ask, Popular products, Related searches, Discussions and forums",commercial,Organic
furniture removal near me,92,92,210,25,4.55,https://www.firstratemovers.com/furniture-donation-disposal/,0,0,0.00,0.95,188000000,"[18,14,29,66,81,100,43,43,35,35,29,29]",2026-03-24,"Local pack, Related searches, Ads middle, AI overview","informational, transactional",Organic
box rate,37,37,70,26,7.21,https://www.firstratemovers.com/moving-boxes-and-supplies/,0,0,0.00,0.07,118,"[100,36,63,63,36,18,45,45,81,100,36,100]",2026-03-19,"Image pack, Sitelinks, Video, Related searches, AI overview",informational,Organic
minute man moving,1,1,50,11,2.57,https://www.firstratemovers.com/local-ottawa-moving-rates/,0,0,0.00,0.58,1070000000,"[18,18,63,45,63,63,18,100,100,18,18,18]",2026-02-15,"Sitelinks, Video, Image, People also ask, Related searches",navigational,People also ask
storage facilities kanata,52,52,110,28,3.97,https://www.firstratemovers.com/our-storage/,0,0,0.00,0.91,218000,"[52,64,64,64,82,82,82,82,82,64,64,64]",2026-03-03,"Local pack, Video, Image, Ads bottom, Related searches",commercial,Organic
storage facilities kanata,69,69,110,28,3.97,https://www.firstratemovers.com/our-storage/,0,0,0.00,0.91,218000,"[52,64,64,64,82,82,82,82,82,64,64,64]",2026-03-03,"Local pack, Video, Image, Ads bottom, Related searches",commercial,Organic
how to choose moving insurance,66,66,140,4,0.00,https://www.firstratemovers.com/moving-company-insurance-coverage/,0,0,0.00,0,257000000,"[9,12,1,0,1,1,5,4,100,23,29]",2026-02-16,"Video, Related searches, Discussions and forums, AI overview",informational,Organic
long distance moving companies ottawa,82,82,210,15,8.43,https://www.firstratemovers.com/,0,0,0.00,0.4,0,"[29,66,54,43,35,29,54,54,43,35,35,35]",2026-03-10,"Local pack, Video, Related searches",commercial,Organic
moving rate calculator,7,7,140,19,2.90,https://www.firstratemovers.com/local-ottawa-moving-rates/,0,0,0.00,0.53,102000000,"[82,100,82,82,82,64,64,41,64,100,64,82]",2026-03-03,"Video, Ads top, People also ask, Related searches, Ads middle",commercial,People also ask
ottawa charity furniture pick up,19,19,50,24,1.44,https://www.firstratemovers.com/furniture-donation-disposal/,0,0,0.00,0.76,4650000,"[18,18,63,18,45,18,81,63,63,100,63,81]",2026-02-23,"Local pack, Sitelinks, Video, Related searches",commercial,Organic
ottawa charity furniture pick up,47,47,50,24,1.44,https://www.firstratemovers.com/where-can-i-sell-donate-or-dispose-of-my-belongings-in-ottawa/,0,0,0.00,0.76,4650000,"[18,18,63,18,45,18,81,63,63,100,63,81]",2026-02-23,"Local pack, Sitelinks, Video, Related searches",commercial,Organic
ferguson moving reviews,5,5,70,,4.46,https://www.firstratemovers.com/how-to-choose-a-good-moving-company/,0,0,0.00,0.18,22000000,"[34,42,34,42,34,26,26,19,15,11,15,15]",2026-03-04,"Video, People also ask, Related searches, Discussions and forums, AI overview",commercial,People also ask
long haul moving companies,32,32,390,36,7.59,https://www.firstratemovers.com/long-distance-moving/,0,0,0.00,0.45,62200000,"[44,54,54,54,54,54,54,100,66,81,81,81]",2026-02-10,"Local pack, Sitelinks, Image, Ads bottom, People also ask, Related searches, AI overview",commercial,Organic
long haul moving companies,52,52,390,36,7.59,https://www.firstratemovers.com/long-distance-moving/,0,0,0.00,0.45,62200000,"[44,54,54,54,54,54,54,100,66,81,81,81]",2026-02-10,"Local pack, Sitelinks, Image, Ads bottom, People also ask, Related searches, AI overview",commercial,Organic
how much should movers cost,18,18,320,15,2.60,https://www.firstratemovers.com/typical-move-costs-for-2024/,0,0,0.00,0.8,0,"[72,59,39,4,5,5,32,21,32,26,26,26]",2026-03-10,"Sitelinks, Video, Ads bottom, Related searches, Discussions and forums, AI overview",informational,Organic
mayflower moving,2,2,70,40,2.53,https://www.firstratemovers.com/local-ottawa-moving-rates/,0,0,0.00,0.4,3210000,"[33,42,33,33,42,42,42,52,42,33,33,33]",2026-02-09,"Sitelinks, Video, Ads bottom, People also ask, Related searches, See results about",navigational,People also ask
movers markham,2,2,390,23,11.17,https://www.firstratemovers.com/local-ottawa-moving-rates/,0,0,0.00,0.8,994000,"[11,7,14,14,48,14,48,59,72,59,59,48]",2026-02-11,"Local pack, Sitelinks, Image, People also ask, Related searches",commercial,People also ask
cheapest storage ottawa,15,15,50,34,4.21,https://www.firstratemovers.com/free-storage-ottawa/,0,0,0.00,0.91,3200000,"[18,0,45,36,36,45,100,45,63,45,36,27]",2026-02-26,"Local pack, Sitelinks, Ads bottom, People also ask, Related searches, Discussions and forums",commercial,Organic
professional moving company,16,16,140,66,6.59,https://www.firstratemovers.com/,0,0,0.00,0.22,857000000,"[42,42,65,34,53,65,65,65,42,26,80,100]",2026-03-26,"Local pack, People also ask, Related searches",commercial,Organic
toronto office movers,64,64,170,26,13.19,https://www.firstratemovers.com/,0,0,0.00,0.24,0,"[2,4,8,10,18,10,54,54,43,54,100,100]",2026-03-07,"Local pack, Video, Image, Related searches",commercial,Organic
typical moving costs,17,17,110,13,2.10,https://www.firstratemovers.com/typical-move-costs-for-2024/,0,0,0.00,0.71,173000000,"[42,52,66,33,42,80,19,80,66,80,52,52]",2026-03-03,"Sitelinks, Video, People also ask, Related searches, AI overview",informational,Organic
real gta movers,51,51,210,26,2.72,https://www.firstratemovers.com/moving-to-ottawa-from-toronto/,0,0,0.00,0,872000,"[2,2,2,2,2,2,2,2,2,72,72,100]",2026-02-21,"Knowledge panel, Sitelinks, Video, People also ask, Related searches","informational, transactional",Organic
relocation estimate,21,21,90,12,6.11,https://www.firstratemovers.com/detailed-moving-estimates/,0,0,0.00,0.7,134,"[52,41,64,52,82,64,41,41,100,52,41,29]",2026-03-09,"Video, Related searches, AI overview",informational,Organic
relocation estimate,86,86,90,12,6.11,https://www.firstratemovers.com/ottawa-moving-estimates/,0,0,0.00,0.7,134,"[52,41,64,52,82,64,41,41,100,52,41,29]",2026-03-09,"Video, Related searches, AI overview",informational,Organic
moving to storage,27,27,260,19,7.04,https://www.firstratemovers.com/free-storage-ottawa/,0,0,0.00,0.31,613000000,"[18,8,54,81,66,66,100,44,54,54,23,28]",2026-01-30,"Local pack, Sitelinks, Video, Ads bottom, People also ask, Related searches, Discussions and forums, AI overview",commercial,Organic
discount movers,54,54,90,11,1.53,https://www.firstratemovers.com/,0,0,0.00,0.57,0,"[7,7,12,10,10,10,10,10,10,12,10,10]",2026-03-09,"Local pack, Sitelinks, Video, Related searches",commercial,Organic
moving box storage,55,55,320,41,2.49,https://www.firstratemovers.com/moving-boxes-and-supplies/,0,0,0.00,1,177000000,"[54,54,54,54,54,54,54,54,54,66,54,54]",2026-02-14,"Local pack, Sitelinks, Video, Image, Ads bottom, Video Carousel, People also ask, Popular products, Related searches",transactional,Organic
movers fees,1,1,210,15,0.00,https://www.firstratemovers.com/local-ottawa-moving-rates/,0,0,0.00,0,32800000,"[81,100,54,54,66,54,43,0,2,43,29,10]",2026-02-28,"Sitelinks, Video, People also ask, Related searches, AI overview",informational,People also ask
movers fees,37,37,210,15,0.00,https://www.firstratemovers.com/local-ottawa-moving-rates/,0,0,0.00,0,32800000,"[81,100,54,54,66,54,43,0,2,43,29,10]",2026-02-28,"Sitelinks, Video, People also ask, Related searches, AI overview",informational,Organic
movers fees,91,91,210,15,0.00,https://www.firstratemovers.com/consolidated-moving-services/,0,0,0.00,0,32800000,"[81,100,54,54,66,54,43,0,2,43,29,10]",2026-02-28,"Sitelinks, Video, People also ask, Related searches, AI overview",informational,Organic
piano moving near me,17,17,90,32,2.95,https://www.firstratemovers.com/ottawa-piano-movers/,0,0,0.00,0.67,0,"[64,35,35,14,21,50,78,78,64,78,100,100]",2026-03-08,"Local pack, Video, Image, Related searches",transactional,Organic
mattress moving company,11,11,110,9,2.55,https://www.firstratemovers.com/mattress-bags/,0,0,0.00,0.91,28600000,"[78,78,78,100,100,100,64,78,100,64,64,64]",2026-03-03,"Sitelinks, Video, Image, People also ask, Related searches, AI overview",commercial,Organic
mattress moving company,44,44,110,9,2.55,https://www.firstratemovers.com/,0,0,0.00,0.91,28600000,"[78,78,78,100,100,100,64,78,100,64,64,64]",2026-03-03,"Sitelinks, Video, Image, People also ask, Related searches, AI overview",commercial,Organic
mattress moving company,51,51,110,9,2.55,https://www.firstratemovers.com/,0,0,0.00,0.91,28600000,"[78,78,78,100,100,100,64,78,100,64,64,64]",2026-03-03,"Sitelinks, Video, Image, People also ask, Related searches, AI overview",commercial,Organic
long distance moving company ottawa,11,11,110,23,7.61,https://www.firstratemovers.com/long-distance-moving/,0,0,0.00,0.53,2420000,"[0,15,18,28,15,11,11,28,28,28,28,28]",2026-02-06,"Local pack, Sitelinks, Video, People also ask, Related searches, AI overview",commercial,Organic
moving quote,24,24,590,26,10.31,https://www.firstratemovers.com/local-ottawa-moving-rates/,0,0,0.00,0.66,379000000,"[66,81,81,81,54,66,81,81,100,81,66,66]",2026-03-22,"Local pack, Video, Related searches, Discussions and forums, AI overview","commercial, informational",Organic
furniture disposal ottawa,4,4,50,16,1.83,https://www.firstratemovers.com/furniture-donation-disposal/,0,0,0.00,0.73,1420000,"[18,18,18,36,36,36,45,45,81,63,100,63]",2026-02-21,"Local pack, Sitelinks, People also ask, Related searches, AI overview",commercial,Organic
moving to ontario checklist,95,95,320,24,0.75,https://www.firstratemovers.com/moving-checklist/,0,0,0.00,0.28,15300000,"[54,54,44,66,54,54,54,54,54,81,66,66]",2026-02-10,"Sitelinks, Video, People also ask, Related searches, Discussions and forums, AI overview",informational,Organic
old furniture pick up,20,20,110,29,3.88,https://www.firstratemovers.com/furniture-donation-disposal/,0,0,0.00,0.72,248000000,"[28,23,12,23,23,17,35,43,35,28,28,28]",2026-03-24,"Local pack, Video, Ads bottom, Related searches, AI overview",informational,Organic
make space storage ottawa,40,40,110,16,1.20,https://www.firstratemovers.com/ottawa-self-storage/,0,0,0.00,0.07,5860000,"[41,52,29,64,82,82,82,82,100,41,64,82]",2026-02-17,"Knowledge panel, Image pack, Video, Image, Ads bottom, People also ask, Related searches","informational, transactional",Organic
local movers ottawa,35,35,170,46,8.77,https://www.firstratemovers.com/local-ottawa-moving-rates/,0,0,0.00,0.72,1250000,"[35,12,23,23,23,28,66,53,43,53,53,66]",2026-03-26,"Local pack, Sitelinks, Video, People also ask, Related searches",commercial,Organic
appliance moving service,32,32,480,13,2.81,https://www.firstratemovers.com/preparing-appliances/,0,0,0.00,0.86,106000000,"[67,36,29,54,67,54,100,36,54,36,36,29]",2026-02-13,"Local pack, Sitelinks, Video, People also ask, Related searches, AI overview",informational,Organic
moving service toronto,13,0,480,73,10.96,https://www.firstratemovers.com/moving-from-ottawa-to-toronto/,0,0,0.00,0.94,142,"[2,24,20,62,10,5,16,55,36,45,45,62]",2026-03-28,"Local pack, Sitelinks, Video, Image, Related searches",commercial,Organic
movers woodstock ontario,3,3,50,14,4.04,https://www.firstratemovers.com/local-ottawa-moving-rates/,0,0,0.00,0.88,1530000,"[35,50,35,50,50,14,14,14,14,78,78,21]",2026-03-03,"Local pack, Video, People also ask, Related searches",commercial,People also ask
how much does it cost to hire a mover,43,43,50,14,1.88,https://www.firstratemovers.com/local-ottawa-moving-rates/,0,0,0.00,0.82,4820000,"[22,0,77,77,77,77,77,77,100,77,55,44]",2026-02-26,"Sitelinks, Video, People also ask, Related searches, AI overview",informational,Organic
moving boxes ottawa,13,13,210,19,0.98,https://www.firstratemovers.com/moving-boxes-and-supplies/,0,0,0.00,1,8830000,"[13,16,13,16,24,16,16,24,16,13,16,16]",2026-02-10,"Local pack, Sitelinks, Video, Image, Related searches, See results about",commercial,Organic
mover and storage,3,3,90,65,7.04,https://www.firstratemovers.com/local-ottawa-moving-rates/,0,0,0.00,0.31,36200000,"[0,0,0,0,0,2,0,2,54,100,29,18]",2026-02-17,"Local pack, Video, Ads bottom, People also ask, Popular products, Related searches",commercial,People also ask
mover and storage,18,18,90,65,7.04,https://www.firstratemovers.com/,0,0,0.00,0.31,36200000,"[0,0,0,0,0,2,0,2,54,100,29,18]",2026-02-17,"Local pack, Video, Ads bottom, People also ask, Popular products, Related searches",commercial,Organic
cost of movers toronto,66,66,90,14,5.50,https://www.firstratemovers.com/moving-from-ottawa-to-toronto/,0,0,0.00,0.77,6230000,"[14,21,100,100,78,50,50,50,64,50,50,64]",2026-02-06,"Sitelinks, Video, People also ask, Related searches, AI overview",informational,Organic
average cost of movers,35,35,320,21,2.43,https://www.firstratemovers.com/typical-move-costs-for-2024/,0,0,0.00,0.62,27000000,"[36,36,44,36,36,36,44,44,44,29,29,29]",2026-03-20,"Sitelinks, Video, Related searches, Discussions and forums, AI overview","commercial, informational",Organic
list of household,21,21,210,29,0.50,https://www.firstratemovers.com/sample-household-content-list/,0,0,0.00,0.54,7690000000,"[4,4,4,4,81,54,54,54,54,66,66,54]",2026-01-30,"Image pack, Sitelinks, Video, Image, People also ask, Related searches, AI overview",informational,Organic
moving and packing toronto,68,68,210,44,10.34,https://www.firstratemovers.com/ottawa-packing-services/,0,0,0.00,0.91,0,"[82,53,43,100,53,35,53,43,82,53,53,53]",2026-03-10,"Local pack, Video, Related searches",commercial,Organic
company packing,18,18,50,50,3.31,https://www.firstratemovers.com/ottawa-packing-services/,0,0,0.00,0.68,308000000,"[18,18,18,18,18,18,100,63,81,100,81,63]",2026-02-16,"Image pack, Video, Ads bottom, People also ask, Related searches, AI overview",informational,Organic
company packing,55,55,50,50,3.31,https://www.firstratemovers.com/ottawa-packing-services/,0,0,0.00,0.68,308000000,"[18,18,18,18,18,18,100,63,81,100,81,63]",2026-02-16,"Image pack, Video, Ads bottom, People also ask, Related searches, AI overview",informational,Organic
free items ottawa,31,31,260,26,0.00,https://www.firstratemovers.com/where-can-i-sell-donate-or-dispose-of-my-belongings-in-ottawa/,0,0,0.00,0,31500000,"[43,43,66,54,66,100,54,43,43,35,22,54]",2026-01-29,"Knowledge panel, Video, People also ask, Related searches",informational,Organic
shared moving trucks,12,12,320,19,4.64,https://www.firstratemovers.com/consolidated-moves-between-cities-can-save-you-money/,0,0,0.00,0.76,171,"[66,54,66,66,66,54,66,66,100,81,66,100]",2026-03-23,"Video, People also ask, Related searches, AI overview",informational,Organic
mover box,38,38,90,32,0.84,https://www.firstratemovers.com/moving-boxes-and-supplies/,0,0,0.00,1,109000000,"[3,7,19,26,42,42,53,34,100,19,26,19]",2026-02-23,"Sitelinks, Video, Image, Video Carousel, Popular products, Related searches","informational, transactional",Organic
mover and packer,9,9,90,7,8.13,https://www.firstratemovers.com/ottawa-packing-services/,0,0,0.00,0.92,21000000,"[10,100,7,23,43,12,12,10,12,7,10,10]",2026-02-28,"Local pack, Video, People also ask, Related searches, AI overview",commercial,Organic
professional movers ottawa,48,48,590,48,6.66,https://www.firstratemovers.com/local-ottawa-moving-rates/,0,0,0.00,0.52,1300000,"[59,39,39,48,72,100,72,59,59,48,72,39]",2026-03-24,"Knowledge panel, Sitelinks, Video, Related searches",informational,Organic
moving on express,9,9,90,21,2.44,https://www.firstratemovers.com/local-ottawa-moving-rates/,0,0,0.00,0.2,629000000,"[81,81,63,63,63,63,81,100,81,81,100,81]",2026-03-02,"Knowledge panel, Sitelinks, Video, People also ask, Related searches",navigational,People also ask
ottawa distance toronto,82,82,480,14,0.00,https://www.firstratemovers.com/what-to-know-about-moving-from-ottawa-to-toronto/,0,0,0.00,0,0,"[36,6,36,100,36,67,24,0,45,24,36,30]",2026-03-12,"Video, Image, Related searches",informational,Organic
ottawa distance toronto,92,92,480,14,0.00,https://www.firstratemovers.com/what-to-know-about-moving-from-ottawa-to-toronto/,0,0,0.00,0,0,"[36,6,36,100,36,67,24,0,45,24,36,30]",2026-03-12,"Video, Image, Related searches",informational,Organic
movers packing,13,13,140,19,6.19,https://www.firstratemovers.com/how-to-pack-for-your-move/,0,0,0.00,0.95,0,"[66,43,100,53,43,43,10,5,7,17,2,28]",2026-03-17,"Local pack, Sitelinks, Video, Related searches",commercial,Organic
ottawa best movers reviews,7,7,50,15,2.90,https://www.firstratemovers.com/reviews/,0,0,0.00,0.61,1100000,"[0,7,7,100,7,7,7,7]",2026-02-17,"Knowledge panel, Sitelinks, People also ask, Related searches, Discussions and forums, AI overview",commercial,Organic
ottawa best movers reviews,74,74,50,15,2.90,https://www.firstratemovers.com/how-to-choose-a-good-moving-company/,0,0,0.00,0.61,1100000,"[0,7,7,100,7,7,7,7]",2026-02-17,"Knowledge panel, Sitelinks, People also ask, Related searches, Discussions and forums, AI overview",commercial,Organic
boxes ottawa,19,19,70,21,14.38,https://www.firstratemovers.com/moving-boxes-and-supplies/,0,0,0.00,0.93,24300000,"[41,41,29,52,41,41,64,52,41,52,52,41]",2026-03-02,"Local pack, Sitelinks, Image, Popular products, Related searches",commercial,Organic
hiring movers,19,19,210,25,4.49,https://www.firstratemovers.com/,0,0,0.00,0.97,11900000,"[65,65,65,80,100,80,65,100,80,65,53,53]",2026-03-01,"Local pack, Sitelinks, Video, Jobs search, Related searches",commercial,Organic
urgent moving service,10,10,50,10,6.65,https://www.firstratemovers.com/local-ottawa-moving-rates/,0,0,0.00,0.58,76700000,"[14,14,14,14,21,28,14,64,64,64,100,78]",2026-02-16,"Local pack, Video, Image, Ads bottom, People also ask, Related searches, AI overview",informational,People also ask
helping with furniture ottawa,15,15,170,24,2.85,https://www.firstratemovers.com/furniture-donation-disposal/,0,0,0.00,0.12,50000000,"[42,42,53,65,65,53,65,65,80,80,100,53]",2026-03-25,"Knowledge panel, Sitelinks, Video, Related searches, Short videos",navigational,Organic
moving company gatineau,77,77,260,20,4.12,https://www.firstratemovers.com/,0,0,0.00,0.47,1320000,"[9,14,14,14,17,14,26,21,26,100,17,17]",2026-03-03,"Local pack, Sitelinks, Image, People also ask, Related searches",commercial,Organic
best long distance moving services,67,67,210,26,9.18,https://www.firstratemovers.com/long-distance-moving/,0,0,0.00,0.04,181000000,"[28,35,66,43,66,53,53,53,35,100,82,43]",2026-03-03,"Local pack, Sitelinks, Video, Featured snippet, People also ask, Related searches, Discussions and forums",commercial,Organic
old furniture recycling,88,88,90,29,2.45,https://www.firstratemovers.com/furniture-donation-disposal/,0,0,0.00,0.9,42000000,"[53,53,53,53,53,53,53,15,15,15,11,15]",2026-02-11,"Video, Video Carousel, People also ask, Related searches, AI overview",commercial,Organic
cheap movers in brampton,1,1,110,30,3.70,https://www.firstratemovers.com/typical-move-costs-for-2024/,0,0,0.00,0.92,925000,"[33,52,33,33,42,42,42,66,52,52,66,66]",2026-02-14,"Local pack, People also ask, Related searches, Discussions and forums",commercial,People also ask
cheap storage units ottawa,45,45,110,39,4.21,https://www.firstratemovers.com/free-storage-ottawa/,0,0,0.00,0.91,10100000,"[26,26,26,42,42,42,53,34,53,53,42,34]",2026-03-03,"Local pack, Sitelinks, People also ask, Related searches, Discussions and forums",commercial,Organic
mississauga movers flat rate,57,57,50,17,8.12,https://www.firstratemovers.com/moving-from-ottawa-to-toronto/,0,0,0.00,0.73,112,"[11,15,15,11,15,11,42,42,19,34,26,19]",2026-03-23,"Local pack, Sitelinks, People also ask, Related searches, AI overview",informational,Organic
moving company cambridge,1,1,210,46,6.62,https://www.firstratemovers.com/local-ottawa-moving-rates/,0,0,0.00,0.72,152000000,"[9,12,19,29,29,23,9,36,44,36,36,36]",2026-03-01,"Local pack, Image, People also ask, Related searches",commercial,People also ask
flat rate movers,16,16,110,5,5.88,https://www.firstratemovers.com/local-ottawa-moving-rates/,0,0,0.00,0.93,131,"[15,15,21,21,21,28,43,43,43,43,34,65]",2026-03-26,"Local pack, Video, People also ask, Related searches",commercial,Organic
flat rate movers,21,21,110,5,5.88,https://www.firstratemovers.com/whats-a-consolidated-move/,0,0,0.00,0.93,131,"[15,15,21,21,21,28,43,43,43,43,34,65]",2026-03-26,"Local pack, Video, People also ask, Related searches",commercial,Organic
flat rate movers,49,49,110,5,5.88,https://www.firstratemovers.com/consolidated-moving-services/,0,0,0.00,0.93,131,"[15,15,21,21,21,28,43,43,43,43,34,65]",2026-03-26,"Local pack, Video, People also ask, Related searches",commercial,Organic
amj toronto,1,1,110,23,2.47,https://www.firstratemovers.com/local-ottawa-moving-rates/,0,0,0.00,0.28,376000,"[100,78,50,64,64,100,100,100,78,78,100,64]",2026-03-03,"Knowledge panel, Image pack, Video, Image, People also ask, Related searches","informational, transactional",People also ask
moving and packing company,10,10,110,31,5.27,https://www.firstratemovers.com/ottawa-packing-services/,0,0,0.00,0.94,90000000,"[28,17,23,28,100,12,23,17,17,12,12,17]",2026-01-28,"Local pack, Video, People also ask, Related searches",commercial,Organic
toronto long distance moving,40,40,50,22,8.38,https://www.firstratemovers.com/long-distance-moving/,0,0,0.00,0.42,15100000,"[0,0,0,7,21,35,14,78,78,64,100,100]",2026-02-16,"Local pack, Sitelinks, Ads bottom, People also ask, Related searches, AI overview",commercial,Organic
toronto long distance moving,45,45,50,22,8.38,https://www.firstratemovers.com/long-distance-moving/,0,0,0.00,0.42,15100000,"[0,0,0,7,21,35,14,78,78,64,100,100]",2026-02-16,"Local pack, Sitelinks, Ads bottom, People also ask, Related searches, AI overview",commercial,Organic
movers in sault ste marie ontario,4,4,90,15,1.68,https://www.firstratemovers.com/local-ottawa-moving-rates/,0,0,0.00,0.57,137000,"[64,64,50,100,78,78,21,50,78,50,50,50]",2026-03-03,"Local pack, Video, Image, People also ask, Related searches, Discussions and forums",commercial,People also ask
moving companies in ottawa ontario,83,83,390,47,6.95,https://www.firstratemovers.com/local-moving-in-ottawa/,0,0,0.00,0.86,7560000,"[30,34,3,3,3,3,4,24,5,16,7,3]",2026-01-29,"Local pack, People also ask, Related searches",commercial,Organic
moving checklist ontario,55,50,590,21,0.71,https://www.firstratemovers.com/moving-checklist/,0,0,0.00,0.26,21600000,"[54,44,67,67,67,67,81,67,81,67,67,67]",2026-03-27,"Sitelinks, Video, Video Carousel, Related searches, AI overview",informational,Organic
movers and packers,37,37,390,24,7.62,https://www.firstratemovers.com/ottawa-packing-services/,0,0,0.00,0.99,40600000,"[21,48,59,26,48,48,32,48,32,39,48,39]",2026-03-20,"Local pack, Video, Related searches, AI overview",commercial,Organic
fast moving services,8,8,70,15,2.01,https://www.firstratemovers.com/stittsville/,0,0,0.00,0.11,639000000,"[81,63,63,63,63,63,100,63,63,81,63,63]",2026-02-27,"Local pack, People also ask, Related searches, AI overview",commercial,Organic
furniture moving company,29,29,140,42,4.04,https://www.firstratemovers.com/,0,0,0.00,0.55,124,"[8,8,8,15,18,11,15,11,18,35,28,81]",2026-03-05,"Local pack, Video, People also ask, Related searches",commercial,Organic
appliance movers near me,17,17,50,7,2.61,https://www.firstratemovers.com/preparing-appliances/,0,0,0.00,0.85,202,"[2,5,2,3,4,3,4,6,3,1,1,1]",2026-03-05,"Knowledge panel, Video, People also ask, Related searches, AI overview",transactional,Organic
appliance movers near me,35,35,50,7,2.61,https://www.firstratemovers.com/preparing-appliances/,0,0,0.00,0.85,202,"[2,5,2,3,4,3,4,6,3,1,1,1]",2026-03-05,"Knowledge panel, Video, People also ask, Related searches, AI overview",transactional,Organic
packing services toronto,49,49,320,13,6.20,https://www.firstratemovers.com/ottawa-packing-services/,0,0,0.00,0.88,17500000,"[12,10,19,12,10,12,15,44,54,67,81,100]",2026-03-01,"Local pack, Video, Image, People also ask, Related searches",commercial,Organic
packing services toronto,50,50,320,13,6.20,https://www.firstratemovers.com/ottawa-packing-services/,0,0,0.00,0.88,17500000,"[12,10,19,12,10,12,15,44,54,67,81,100]",2026-03-01,"Local pack, Video, Image, People also ask, Related searches",commercial,Organic
self storage kanata,50,50,70,27,4.54,https://www.firstratemovers.com/ottawa-self-storage/,0,0,0.00,0.89,0,"[81,36,63,81,63,45,81,100,45,81,81,100]",2026-03-14,"Local pack, Image, Related searches",commercial,Organic
inner city moving & storage company,1,1,70,28,0.00,https://www.firstratemovers.com/local-ottawa-moving-rates/,0,0,0.00,0.11,8310000,"[35,50,50,50,100,50,78,14,50,50,50,35]",2026-02-28,"Knowledge panel, Sitelinks, People also ask, Related searches",navigational,People also ask
bob the mover,92,92,170,24,2.35,https://www.firstratemovers.com/,0,0,0.00,0.39,14500000,"[34,43,100,53,81,65,53,81,53,53,43,34]",2026-02-17,"Sitelinks, Video, People also ask, Related searches",navigational,Organic
economical movers ottawa,18,18,110,22,8.21,https://www.firstratemovers.com/,0,0,0.00,0.42,403000,"[29,29,82,64,64,64,64,64,100,82,82,64]",2026-03-23,"Knowledge panel, Sitelinks, People also ask, Related searches","informational, transactional",Organic
economical movers ottawa,43,43,110,22,8.21,https://www.firstratemovers.com/local-ottawa-moving-rates/,0,0,0.00,0.42,403000,"[29,29,82,64,64,64,64,64,100,82,82,64]",2026-03-23,"Knowledge panel, Sitelinks, People also ask, Related searches","informational, transactional",Organic
economical movers ottawa,70,70,110,22,8.21,https://www.firstratemovers.com/local-ottawa-moving-rates/,0,0,0.00,0.42,403000,"[29,29,82,64,64,64,64,64,100,82,82,64]",2026-03-23,"Knowledge panel, Sitelinks, People also ask, Related searches","informational, transactional",Organic
movers estimate,1,1,50,11,6.87,https://www.firstratemovers.com/typical-move-costs-for-2024/,0,0,0.00,0.81,22100000,"[0,45,27,45,27,27,18,63,63,100,81,18]",2026-02-21,"Sitelinks, Video, People also ask, Related searches, AI overview",commercial,AI overview
movers estimate,16,16,50,11,6.87,https://www.firstratemovers.com/typical-move-costs-for-2024/,0,0,0.00,0.81,22100000,"[0,45,27,45,27,27,18,63,63,100,81,18]",2026-02-21,"Sitelinks, Video, People also ask, Related searches, AI overview",commercial,Organic
movers estimate,56,56,50,11,6.87,https://www.firstratemovers.com/moving-quotes/,0,0,0.00,0.81,22100000,"[0,45,27,45,27,27,18,63,63,100,81,18]",2026-02-21,"Sitelinks, Video, People also ask, Related searches, AI overview",commercial,Organic
movers estimate,80,80,50,11,6.87,https://www.firstratemovers.com/moving-quotes/,0,0,0.00,0.81,22100000,"[0,45,27,45,27,27,18,63,63,100,81,18]",2026-02-21,"Sitelinks, Video, People also ask, Related searches, AI overview",commercial,Organic
movers estimate,90,90,50,11,6.87,https://www.firstratemovers.com/moving-quotes/,0,0,0.00,0.81,22100000,"[0,45,27,45,27,27,18,63,63,100,81,18]",2026-02-21,"Sitelinks, Video, People also ask, Related searches, AI overview",commercial,Organic
small movers ottawa,30,30,170,14,2.80,https://www.firstratemovers.com/,0,0,0.00,0.94,0,"[23,28,28,28,35,28,53,82,53,53,66,53]",2026-03-10,"Local pack, Sitelinks, Related searches",commercial,Organic
small movers ottawa,98,98,170,14,2.80,https://www.firstratemovers.com/,0,0,0.00,0.94,0,"[23,28,28,28,35,28,53,82,53,53,66,53]",2026-03-10,"Local pack, Sitelinks, Related searches",commercial,Organic
where can you get moving boxes,35,35,90,31,0.98,https://www.firstratemovers.com/moving-boxes-and-supplies/,0,0,0.00,1,0,"[1,5,23,18,6,18,15,18,35,44,5,8]",2026-03-14,"Local pack, Sitelinks, Video, Image, Popular products, Related searches, AI overview",transactional,Organic
faster moving services,27,27,50,12,2.01,https://www.firstratemovers.com/stittsville/,0,0,0.00,0.11,1450000000,"[81,63,63,81,0,63,0,81,63,81,63,9]",2026-02-09,"Knowledge panel, Related searches",navigational,Organic
faster moving services,95,95,50,12,2.01,https://www.firstratemovers.com/,0,0,0.00,0.11,1450000000,"[81,63,63,81,0,63,0,81,63,81,63,9]",2026-02-09,"Knowledge panel, Related searches",navigational,Organic
packers movers company,8,8,170,20,7.62,https://www.firstratemovers.com/ottawa-packing-services/,0,0,0.00,0.84,24900000,"[66,43,22,100,35,22,54,43,0,4,6,8]",2026-03-23,"Local pack, Video, People also ask, Related searches, AI overview",informational,Organic
ottawa piano moving services,16,16,110,17,2.15,https://www.firstratemovers.com/ottawa-piano-movers/,0,0,0.00,0.4,696000,"[7,7,100,65,80,53,34,26,26,100,34,26]",2026-02-17,"Local pack, Image, People also ask, Related searches",commercial,Organic
moving company long distance,29,29,720,40,9.22,https://www.firstratemovers.com/long-distance-moving/,0,0,0.00,0.18,514000000,"[21,32,88,100,100,72,59,59,59,100,88,72]",2026-02-21,"Video, People also ask, Related searches, AI overview",informational,Organic
moving company long distance,32,32,720,40,9.22,https://www.firstratemovers.com/long-distance-moving/,0,0,0.00,0.18,514000000,"[21,32,88,100,100,72,59,59,59,100,88,72]",2026-02-21,"Video, People also ask, Related searches, AI overview",informational,Organic
re store ottawa,32,32,170,37,1.02,https://www.firstratemovers.com/where-can-i-sell-donate-or-dispose-of-my-belongings-in-ottawa/,0,0,0.00,0.13,116000000,"[20,20,4,8,10,10,8,10,16,10,13,8]",2026-02-04,"Local pack, Sitelinks, Video, Image, Related searches",navigational,Organic
re store ottawa,83,83,170,37,1.02,https://www.firstratemovers.com/where-can-i-sell-donate-or-dispose-of-my-belongings-in-ottawa/,0,0,0.00,0.13,116000000,"[20,20,4,8,10,10,8,10,16,10,13,8]",2026-02-04,"Local pack, Sitelinks, Video, Image, Related searches",navigational,Organic
long distance mover,21,21,170,23,9.22,https://www.firstratemovers.com/long-distance-moving/,0,0,0.00,0.18,22200000,"[7,7,2,10,12,2,12,100,82,66,82,100]",2026-02-26,"Local pack, Sitelinks, Video, People also ask, Related searches, Discussions and forums",commercial,Organic
omni moving experts,5,5,90,32,1.79,https://www.firstratemovers.com/local-ottawa-moving-rates/,0,0,0.00,0.2,5900000,"[52,52,52,52,52,33,42,52,33,42,42,42]",2026-02-14,"Knowledge panel, Sitelinks, Video, People also ask, Related searches",navigational,People also ask
ottawa senior moves,86,86,170,16,0.00,https://www.firstratemovers.com/,0,0,0.00,0,14400000,"[42,19,80,65,100,100,80,100,34,15,65,65]",2026-02-24,"Knowledge panel, Sitelinks, Video, People also ask, Related searches",informational,Organic
mini storage ottawa,49,49,1000,37,3.65,https://www.firstratemovers.com/free-storage-ottawa/,0,0,0.00,0.71,14200000,"[68,68,37,31,100,31,20,20,37,37,84,68]",2026-02-25,"Local pack, Sitelinks, Video, Image, Related searches",commercial,Organic
mini storage ottawa,51,51,1000,37,3.65,https://www.firstratemovers.com/free-storage-ottawa/,0,0,0.00,0.71,14200000,"[68,68,37,31,100,31,20,20,37,37,84,68]",2026-02-25,"Local pack, Sitelinks, Video, Image, Related searches",commercial,Organic
moving a television,3,3,170,6,2.00,https://www.firstratemovers.com/how-to-safely-move-your-big-screen-tv/,0,0,0.00,0.51,1260000000,"[23,28,23,23,23,23,23,23,23,28,28,35]",2026-02-27,"Sitelinks, Video, Video Carousel, People also ask, Related searches, Short videos, Discussions and forums, AI overview",informational,Organic
small moving boxes,23,23,70,37,0.87,https://www.firstratemovers.com/moving-boxes-and-supplies/,0,0,0.00,0.87,217000000,"[35,50,35,50,50,50,64,64,64,50,64,50]",2026-02-17,"Image pack, Sitelinks, Video, Image, Ads top, People also ask, Popular products, Related searches, Ads middle",commercial,Organic
moving services quotes,7,7,320,39,9.28,https://www.firstratemovers.com/moving-quotes/,0,0,0.00,0.42,167000000,"[66,66,54,66,66,66,66,66,66,81,66,66]",2026-01-31,"Local pack, Image pack, Video, People also ask, Related searches, Discussions and forums, AI overview",commercial,Image pack
moving services quotes,41,41,320,39,9.28,https://www.firstratemovers.com/moving-quotes/,0,0,0.00,0.42,167000000,"[66,66,54,66,66,66,66,66,66,81,66,66]",2026-01-31,"Local pack, Image pack, Video, People also ask, Related searches, Discussions and forums, AI overview",commercial,Organic
packed boxes,94,94,50,29,1.37,https://www.firstratemovers.com/moving-boxes-and-supplies/,0,0,0.00,1,477000000,"[11,19,19,15,15,15,15,0,26,11,100,0]",2026-02-21,"Image pack, Sitelinks, Video, Image, Ads bottom, People also ask, Popular products, Related searches","commercial, informational",Organic
how much does a moving service cost,30,30,720,6,2.60,https://www.firstratemovers.com/typical-move-costs-for-2024/,0,0,0.00,0.8,0,"[100,76,100,76,67,76,24,36,24,24,20,20]",2026-03-15,"Video, Related searches, AI overview",informational,Organic
how much does a moving service cost,99,99,720,6,2.60,https://www.firstratemovers.com/local-ottawa-moving-rates/,0,0,0.00,0.8,0,"[100,76,100,76,67,76,24,36,24,24,20,20]",2026-03-15,"Video, Related searches, AI overview",informational,Organic
moving companies ontario,29,29,390,51,6.99,https://www.firstratemovers.com/,0,0,0.00,0.66,270000000,"[23,44,66,66,54,44,81,81,81,66,81,66]",2026-03-22,"Local pack, Sitelinks, Video, Image, People also ask, Related searches",commercial,Organic
moving companies ontario,47,47,390,51,6.99,https://www.firstratemovers.com/,0,0,0.00,0.66,270000000,"[23,44,66,66,54,44,81,81,81,66,81,66]",2026-03-22,"Local pack, Sitelinks, Video, Image, People also ask, Related searches",commercial,Organic
top rated movers,52,52,110,23,5.86,https://www.firstratemovers.com/,0,0,0.00,0.7,0,"[43,28,28,43,34,43,43,21,28,43,28,15]",2026-03-15,"Knowledge panel, Sitelinks, Related searches, AI overview","commercial, informational",Organic
best moving co,24,24,210,41,5.79,https://www.firstratemovers.com/,0,0,0.00,0.57,1280000000,"[6,6,1,4,44,36,23,44,29,54,66,36]",2026-02-27,"Local pack, Sitelinks, People also ask, Related searches, Discussions and forums, AI overview",commercial,Organic
long-distance moving,27,27,170,26,5.32,https://www.firstratemovers.com/long-distance-moving/,0,0,0.00,0.66,0,"[2,2,4,2,2,2,54,81,66,66,100,54]",2026-03-17,"Local pack, Video, Related searches, Ads middle",commercial,Organic
long-distance moving,42,42,170,26,5.32,https://www.firstratemovers.com/long-distance-moving/,0,0,0.00,0.66,0,"[2,2,4,2,2,2,54,81,66,66,100,54]",2026-03-17,"Local pack, Video, Related searches, Ads middle",commercial,Organic
furniture bank ottawa,25,25,320,34,2.69,https://www.firstratemovers.com/furniture-donation-disposal/,0,0,0.00,0.07,10700000,"[54,54,54,66,66,66,66,100,81,81,81,81]",2026-02-04,"Knowledge panel, Video, Image, People also ask, Related searches",informational,Organic
great toronto movers,39,39,50,29,6.38,https://www.firstratemovers.com/moving-to-ottawa-from-toronto/,0,0,0.00,0.68,9830000,"[14,23,52,33,33,23,9,33,14,19,9,9]",2026-02-17,"Knowledge panel, Sitelinks, Video, Image, People also ask, Related searches",navigational,Organic
belleville movers,2,2,170,24,3.01,https://www.firstratemovers.com/local-ottawa-moving-rates/,0,0,0.00,0.61,540000,"[53,53,65,53,80,11,80,100,100,80,65,53]",2026-03-03,"Local pack, Sitelinks, Image, People also ask, Related searches",commercial,People also ask
belleville movers,2,2,170,24,3.01,https://www.firstratemovers.com/local-ottawa-moving-rates/,0,0,0.00,0.61,540000,"[53,53,65,53,80,11,80,100,100,80,65,53]",2026-03-03,"Local pack, Sitelinks, Image, People also ask, Related searches",commercial,People also ask
where can i purchase moving boxes,32,32,880,34,0.62,https://www.firstratemovers.com/moving-boxes-and-supplies/,0,0,0.00,1,158000000,"[36,36,20,76,100,67,76,100,76,76,30,36]",2026-02-07,"Local pack, Sitelinks, Video, Image, Video Carousel, People also ask, Popular products, Related searches",transactional,Organic
long distance moving company,45,45,880,31,9.22,https://www.firstratemovers.com/long-distance-moving/,0,0,0.00,0.18,443000000,"[20,16,16,16,20,20,16,36,36,36,36,36]",2026-02-06,"Local pack, Video, People also ask, Related searches",commercial,Organic
moving storage rental,37,37,320,34,2.85,https://www.firstratemovers.com/free-storage-ottawa/,0,0,0.00,1,347000000,"[66,66,54,66,66,66,66,66,66,100,66,66]",2026-02-17,"Local pack, Video, Ads bottom, People also ask, Related searches",commercial,Organic
shipping and packaging services,84,84,70,,2.39,https://www.firstratemovers.com/ottawa-packing-services/,0,0,0.00,0.01,180000000,"[5,5,5,5,5,5,5,5,5,5,100,82]",2026-02-16,"Local pack, Sitelinks, Video, Image, Ads top, Related searches, Ads middle",commercial,Organic
moving company for hire,16,16,90,36,4.49,https://www.firstratemovers.com/,0,0,0.00,0.97,149000000,"[0,0,0,0,0,100,0,100,65,42,42,42]",2026-02-06,"Local pack, Sitelinks, Video, Ads top, People also ask, Related searches, Ads middle",commercial,Organic
moving company for hire,32,32,90,36,4.49,https://www.firstratemovers.com/,0,0,0.00,0.97,149000000,"[0,0,0,0,0,100,0,100,65,42,42,42]",2026-02-06,"Local pack, Sitelinks, Video, Ads top, People also ask, Related searches, Ads middle",commercial,Organic
get rid of sofa,47,47,170,23,3.00,https://www.firstratemovers.com/furniture-donation-disposal/,0,0,0.00,0.94,99500000,"[35,35,35,43,53,43,35,35,35,66,28,35]",2026-02-11,"Sitelinks, Video, People also ask, Related searches, Discussions and forums, AI overview",transactional,Organic
move moving company,33,33,480,66,6.74,https://www.firstratemovers.com/,0,0,0.00,0.33,1230000000,"[0,1,0,5,13,0,1,2,1,30,100,30]",2026-01-28,"Local pack, Image, People also ask, Related searches",commercial,Organic
low cost long distance moving companies,61,61,260,22,4.65,https://www.firstratemovers.com/long-distance-moving/,0,0,0.00,0.14,213000000,"[15,23,54,81,66,44,23,23,23,100,18,15]",2026-03-05,"Video, People also ask, Related searches, AI overview",commercial,Organic
how to go to ottawa from toronto,85,85,140,24,0.26,https://www.firstratemovers.com/moving-to-ottawa-from-toronto/,0,0,0.00,0.68,136000000,"[4,4,5,5,7,8,5,3,7,4,5,3]",2026-02-09,"Sitelinks, Video, People also ask, Related searches, Discussions and forums",informational,Organic
movers manotick,9,9,70,,0.00,https://www.firstratemovers.com/manotick/,0,0,0.00,0,180000,"[4,0,0,0,4,0,4,80,80,66,100,100]",2026-02-21,"Knowledge panel, Image pack, Sitelinks, Video, Image, People also ask",informational,Image pack
how much is movers,79,79,50,10,2.60,https://www.firstratemovers.com/typical-move-costs-for-2024/,0,0,0.00,0.8,227,"[6,2,2,81,0,0,6,8,6,6,2,8]",2026-03-23,"Sitelinks, Video, People also ask, Related searches, AI overview",informational,Organic
what do moving companies do,39,39,320,14,2.24,https://www.firstratemovers.com/faq/,0,0,0.00,0.48,152,"[54,54,44,54,54,54,54,66,66,100,66,28]",2026-03-04,"Sitelinks, Video, People also ask, Related searches, AI overview",informational,Organic
ottawa storage,19,19,260,40,3.65,https://www.firstratemovers.com/free-storage-ottawa/,0,0,0.00,0.71,51900000,"[9,21,21,26,48,59,26,21,26,26,17,26]",2026-02-03,"Local pack, Sitelinks, Image, Ads top, Ads bottom, People also ask, Related searches",commercial,Organic
ottawa storage,22,22,260,40,3.65,https://www.firstratemovers.com/free-storage-ottawa/,0,0,0.00,0.71,51900000,"[9,21,21,26,48,59,26,21,26,26,17,26]",2026-02-03,"Local pack, Sitelinks, Image, Ads top, Ads bottom, People also ask, Related searches",commercial,Organic
first rate,40,40,170,53,0.00,https://www.firstratemovers.com/reviews/,0,0,0.00,0,2410000000,"[80,65,53,65,65,80,65,65,53,42,53,65]",2026-03-22,"Instant answer, Knowledge panel, Video, Image, Related searches, AI overview",informational,Organic
best moving company,14,24,260,27,5.64,https://www.firstratemovers.com/,0,0,0.00,0.59,150,"[5,5,24,7,7,7,20,8,8,10,10,10]",2026-03-27,"Local pack, Video, People also ask, Related searches",commercial,Organic
toronto moving services,31,31,480,62,10.96,https://www.firstratemovers.com/moving-from-ottawa-to-toronto/,0,0,0.00,0.94,0,"[3,13,16,5,76,3,55,100,76,30,30,36]",2026-03-10,"Local pack, Video, Image, Related searches",commercial,Organic
packing moving service,16,16,110,20,0.00,https://www.firstratemovers.com/ottawa-packing-services/,0,0,0.00,0.5,0,"[0,66,100,0,54,43,0,2,0,2,4,6]",2026-03-08,"Local pack, Video, Related searches",commercial,Organic
packing near me,27,27,110,38,0.00,https://www.firstratemovers.com/ottawa-packing-services/,0,0,0.00,0.23,0,"[26,26,26,34,42,42,53,65,53,53,34,34]",2026-03-14,"Local pack, Sitelinks, Video, Image, Ads bottom, Popular products, Related searches",transactional,Organic
checkers movers ottawa,41,41,50,30,5.64,https://www.firstratemovers.com/moving-checklist/,0,0,0.00,0.58,11700,"[7,7,7,7,7,42,42,53,7,7,7,7]",2026-03-23,"Knowledge panel, Sitelinks, Video, Related searches",navigational,Organic
cobourg movers,2,2,110,6,3.97,https://www.firstratemovers.com/local-ottawa-moving-rates/,0,0,0.00,0.64,28800,"[33,33,42,80,100,66,42,33,33,33,33,33]",2026-03-05,"Local pack, Video, Image, People also ask, Related searches",commercial,People also ask
how much do movers charge,28,28,110,14,2.20,https://www.firstratemovers.com/local-ottawa-moving-rates/,0,0,0.00,0.79,27200000,"[78,100,100,100,78,78,100,100,78,78,64,64]",2026-03-03,"Sitelinks, Video, People also ask, Related searches, AI overview",informational,Organic
how much do movers charge,31,31,110,14,2.20,https://www.firstratemovers.com/local-ottawa-moving-rates/,0,0,0.00,0.79,27200000,"[78,100,100,100,78,78,100,100,78,78,64,64]",2026-03-03,"Sitelinks, Video, People also ask, Related searches, AI overview",informational,Organic
cheapest place to buy moving boxes,69,69,320,32,0.58,https://www.firstratemovers.com/moving-boxes-and-supplies/,0,0,0.00,1,142000000,"[26,32,32,39,32,32,32,32,32,48,39,32]",2026-02-28,"Local pack, Sitelinks, Video, People also ask, Popular products, Related searches, Discussions and forums, AI overview",transactional,Organic
self storage ottawa,38,38,1000,43,3.83,https://www.firstratemovers.com/free-storage-ottawa/,0,0,0.00,0.78,24900000,"[25,31,20,31,84,31,100,68,52,100,68,31]",2026-03-25,"Local pack, Image, Related searches",commercial,Organic
packing and movers,13,13,70,23,7.62,https://www.firstratemovers.com/ottawa-packing-services/,0,0,0.00,0.84,53700000,"[52,17,52,100,41,29,23,41,17,23,23,29]",2026-03-19,"Local pack, Video, Related searches",commercial,Organic
moving companies in ottawa canada,94,94,590,43,9.64,https://www.firstratemovers.com/local-ottawa-moving-rates/,0,0,0.00,0.88,116000000,"[0,0,0,100,65,5,1,55,2,4,3,2]",2026-03-21,"Local pack, Sitelinks, Related searches",commercial,Organic
moving companies how much cost,48,48,50,13,2.53,https://www.firstratemovers.com/local-ottawa-moving-rates/,0,0,0.00,0.83,392000000,"[0,3,0,3,0,0,0,53,53,53,42,26]",2026-02-16,"Sitelinks, Video, People also ask, Related searches, AI overview",informational,Organic
moving companies that move pianos,21,21,320,6,3.19,https://www.firstratemovers.com/ottawa-piano-movers/,0,0,0.00,0.59,4370000,"[44,54,23,19,15,100,19,67,54,29,36,12]",2026-02-02,"Local pack, People also ask, Related searches",commercial,Organic
movers in vaughan,3,3,260,23,11.12,https://www.firstratemovers.com/local-ottawa-moving-rates/,0,0,0.00,0.67,625000,"[12,6,19,23,100,81,9,29,36,36,44,44]",2026-02-11,"Local pack, Sitelinks, Image, People also ask, Related searches",commercial,People also ask
moving company storage,18,18,320,47,6.22,https://www.firstratemovers.com/free-storage-ottawa/,0,0,0.00,0.21,375000000,"[44,54,44,54,54,54,54,81,66,66,54,54]",2026-01-31,"Local pack, People also ask, Related searches, Discussions and forums",commercial,Organic
price to move a house,12,12,90,6,2.11,https://www.firstratemovers.com/typical-move-costs-for-2024/,0,0,0.00,0.51,138,"[11,11,11,82,82,64,52,82,52,64,52,41]",2026-03-16,"Sitelinks, Video, Related searches, Discussions and forums, AI overview",informational,Organic
crate movers,49,49,320,34,3.19,https://www.firstratemovers.com/,0,0,0.00,1,4160000,"[54,54,44,54,54,54,54,54,54,81,66,66]",2026-02-01,"Image pack, Sitelinks, People also ask, Popular products, Related searches","informational, transactional",Organic
crate movers,56,56,320,34,3.19,https://www.firstratemovers.com/,0,0,0.00,1,4160000,"[54,54,44,54,54,54,54,54,54,81,66,66]",2026-02-01,"Image pack, Sitelinks, People also ask, Popular products, Related searches","informational, transactional",Organic
same day moving service,1,1,210,20,7.80,https://www.firstratemovers.com/local-ottawa-moving-rates/,0,0,0.00,0.53,1480000000,"[35,29,29,54,43,54,43,29,43,100,29,54]",2026-02-11,"Local pack, Video, People also ask, Related searches",commercial,People also ask
self storage ottawa ontario,34,34,480,46,3.65,https://www.firstratemovers.com/free-storage-ottawa/,0,0,0.00,0.71,1480000,"[81,36,45,13,10,20,13,6,100,13,24,8]",2026-02-04,"Local pack, Image, People also ask, Related searches",commercial,Organic
piano moving toronto,55,55,140,,7.90,https://www.firstratemovers.com/ottawa-piano-movers/,0,0,0.00,0.5,0,"[2,0,2,28,12,23,66,66,28,43,82,100]",2026-03-08,"Local pack, Video, Image, Related searches",commercial,Organic
piano moving toronto,73,73,140,,7.90,https://www.firstratemovers.com/ottawa-piano-movers/,0,0,0.00,0.5,0,"[2,0,2,28,12,23,66,66,28,43,82,100]",2026-03-08,"Local pack, Video, Image, Related searches",commercial,Organic
boxes for moving cheap,39,39,320,41,0.93,https://www.firstratemovers.com/moving-boxes-and-supplies/,0,0,0.00,1,284000000,"[54,54,44,54,54,54,54,54,54,66,66,54]",2026-02-01,"Local pack, Sitelinks, Video, Image, People also ask, Popular products, Related searches, Discussions and forums",commercial,Organic
canada movers association,81,81,210,31,2.61,https://www.firstratemovers.com/,0,0,0.00,0.19,3910000,"[11,14,9,17,21,21,9,39,39,26,32,32]",2026-01-31,"Knowledge panel, Sitelinks, Video, People also ask, Related searches",navigational,Organic
small moving box,53,53,70,34,0.89,https://www.firstratemovers.com/moving-boxes-and-supplies/,0,0,0.00,0.92,234,"[0,0,100,23,23,28,5,5,0,5,5,12]",2026-03-20,"Local pack, Image pack, Sitelinks, Video, Image, People also ask, Popular products, Related searches",commercial,Organic
piano move,10,10,110,16,3.22,https://www.firstratemovers.com/ottawa-piano-movers/,0,0,0.00,0.99,0,"[18,10,8,18,100,8,18,18,18,22,18,18]",2026-03-09,"Local pack, Image pack, Video, Image, Video Carousel, Related searches",commercial,Organic
you move me calgary,7,0,90,32,4.56,https://www.firstratemovers.com/local-ottawa-moving-rates/,0,0,0.00,0.25,122000000,"[11,11,11,11,64,64,64,64,64,100,64,41]",2026-03-27,"Knowledge panel, Sitelinks, Video, Image, People also ask, Related searches","navigational, transactional",People also ask
ottawa professional movers,38,38,90,48,5.19,https://www.firstratemovers.com/ottawa-packing-services/,0,0,0.00,0.38,622000,"[0,3,1,1,1,3,5,8,8,100,44,11]",2026-02-17,"Local pack, Sitelinks, People also ask, Related searches",commercial,Organic
ottawa professional movers,99,99,90,48,5.19,https://www.firstratemovers.com/local-moving-in-ottawa/,0,0,0.00,0.38,622000,"[0,3,1,1,1,3,5,8,8,100,44,11]",2026-02-17,"Local pack, Sitelinks, People also ask, Related searches",commercial,Organic
moving company in ontario,50,50,90,46,7.22,https://www.firstratemovers.com/,0,0,0.00,0.66,39000000,"[100,100,19,23,19,42,42,19,14,33,9,23]",2026-03-01,"Local pack, Sitelinks, Video, People also ask, Related searches, AI overview",commercial,Organic
moving company in ontario,58,58,90,46,7.22,https://www.firstratemovers.com/long-distance-moving/,0,0,0.00,0.66,39000000,"[100,100,19,23,19,42,42,19,14,33,9,23]",2026-03-01,"Local pack, Sitelinks, Video, People also ask, Related searches, AI overview",commercial,Organic
moving company packing services,1,1,140,30,6.65,https://www.firstratemovers.com/ottawa-packing-services/,0,0,0.00,0.83,74100000,"[23,15,23,35,44,28,23,18,23,18,15,15]",2026-03-22,"Local pack, Video, People also ask, Related searches, AI overview",commercial,AI overview
moving company packing services,1,1,140,30,6.65,https://www.firstratemovers.com/ottawa-packing-services/,0,0,0.00,0.83,74100000,"[23,15,23,35,44,28,23,18,23,18,15,15]",2026-03-22,"Local pack, Video, People also ask, Related searches, AI overview",commercial,AI overview
moving company packing services,28,28,140,30,6.65,https://www.firstratemovers.com/ottawa-packing-services/,0,0,0.00,0.83,74100000,"[23,15,23,35,44,28,23,18,23,18,15,15]",2026-03-22,"Local pack, Video, People also ask, Related searches, AI overview",commercial,Organic
moving company quote,15,15,480,36,9.28,https://www.firstratemovers.com/local-ottawa-moving-rates/,0,0,0.00,0.42,397000000,"[54,54,54,66,66,66,66,100,81,100,100,100]",2026-02-13,"Video, People also ask, Related searches, Discussions and forums, AI overview","commercial, informational",Organic
relocating to ottawa,84,84,90,13,1.34,https://www.firstratemovers.com/moving-from-ottawa-to-toronto/,0,0,0.00,0.14,3490000,"[23,23,23,23,23,23,35,17,17,12,23,17]",2026-03-23,"Sitelinks, Video, Video Carousel, Related searches, AI overview",informational,Organic
movers service near me,67,67,50,53,5.75,https://www.firstratemovers.com/local-ottawa-moving-rates/,0,0,0.00,0.74,0,"[0,0,0,100,1,1,3,1,1,1,1,1]",2026-03-19,"Local pack, Video, Related searches",transactional,Organic
movers service near me,76,76,50,53,5.75,https://www.firstratemovers.com/local-ottawa-moving-rates/,0,0,0.00,0.74,0,"[0,0,0,100,1,1,3,1,1,1,1,1]",2026-03-19,"Local pack, Video, Related searches",transactional,Organic
free appliance removal ottawa ontario,72,72,50,9,1.07,https://www.firstratemovers.com/furniture-donation-disposal/,0,0,0.00,0.61,1640000,"[18,18,18,18,100,18,100,18,100,100,100,18]",2026-02-19,"Local pack, Sitelinks, Related searches, Discussions and forums, AI overview",commercial,Organic
truck and movers,16,16,70,27,3.77,https://www.firstratemovers.com/moving-trucks/,0,0,0.00,0.67,32800000,"[26,26,26,34,34,34,7,26,26,53,26,26]",2026-02-24,"Local pack, Video, Image, Ads bottom, People also ask, Related searches",commercial,Organic
truck and movers,54,54,70,27,3.77,https://www.firstratemovers.com/consolidated-moving-services/,0,0,0.00,0.67,32800000,"[26,26,26,34,34,34,7,26,26,53,26,26]",2026-02-24,"Local pack, Video, Image, Ads bottom, People also ask, Related searches",commercial,Organic
truck and movers,65,65,70,27,3.77,https://www.firstratemovers.com/consolidated-moving-services/,0,0,0.00,0.67,32800000,"[26,26,26,34,34,34,7,26,26,53,26,26]",2026-02-24,"Local pack, Video, Image, Ads bottom, People also ask, Related searches",commercial,Organic
storage units kanata ontario,29,29,110,28,3.97,https://www.firstratemovers.com/free-storage-ottawa/,0,0,0.00,0.91,147000,"[52,64,64,64,82,82,82,82,82,64,64,64]",2026-02-11,"Local pack, Image, People also ask, Related searches",commercial,Organic
moving companies north bay,1,1,210,10,1.90,https://www.firstratemovers.com/local-ottawa-moving-rates/,0,0,0.00,0.75,245000000,"[43,53,35,66,53,53,53,66,82,43,43,23]",2026-02-13,"Local pack, People also ask, Related searches",commercial,People also ask
where can i sell,31,31,110,54,6.77,https://www.firstratemovers.com/where-can-i-sell-donate-or-dispose-of-my-belongings-in-ottawa/,0,0,0.00,0.11,3680000000,"[78,100,78,78,78,100,78,78,100,100,64,78]",2026-02-20,"Sitelinks, Video, People also ask, Related searches, Discussions and forums, AI overview",commercial,Organic
ontario moving services,39,39,260,59,7.22,https://www.firstratemovers.com/,0,0,0.00,0.66,52300000,"[54,43,54,81,54,22,54,66,43,81,35,22]",2026-03-01,"Local pack, Video, Image, Related searches",commercial,Organic
ontario moving services,67,67,260,59,7.22,https://www.firstratemovers.com/long-distance-moving/,0,0,0.00,0.66,52300000,"[54,43,54,81,54,22,54,66,43,81,35,22]",2026-03-01,"Local pack, Video, Image, Related searches",commercial,Organic
moving companies near me local,59,59,480,68,4.89,https://www.firstratemovers.com/,0,0,0.00,0.6,1310000000,"[81,100,10,13,13,20,13,81,20,13,8,6]",2026-02-22,"Local pack, Video, People also ask, Related searches",transactional,Organic
rawlinson moving company,5,5,50,18,2.58,https://www.firstratemovers.com/how-to-choose-a-good-moving-company/,0,0,0.00,0.25,101,"[50,50,50,64,50,50,14,50,50,50,35,14]",2026-03-05,"Knowledge panel, Image, People also ask, Related searches",transactional,People also ask
rawlinson moving company,5,5,50,18,2.58,https://www.firstratemovers.com/,0,0,0.00,0.25,101,"[50,50,50,64,50,50,14,50,50,50,35,14]",2026-03-05,"Knowledge panel, Image, People also ask, Related searches",transactional,People also ask
moving company orleans,26,26,50,16,4.55,https://www.firstratemovers.com/,0,0,0.00,0.75,57700000,"[7,14,14,7,7,14,35,78,100,78,64,64]",2026-02-16,"Local pack, People also ask, Related searches",commercial,Organic
ottawa moving companies,34,34,880,39,6.95,https://www.firstratemovers.com/local-ottawa-moving-rates/,0,0,0.00,0.86,38100000,"[5,10,8,10,35,16,24,16,13,13,13,16]",2026-02-03,"Local pack, Sitelinks, Video, People also ask, Related searches, Discussions and forums",commercial,Organic
piano mover cost,20,29,390,6,2.05,https://www.firstratemovers.com/ottawa-piano-movers/,0,0,0.00,0.22,7900000,"[20,67,55,55,20,10,10,13,100,16,20,13]",2026-03-28,"Image pack, Sitelinks, Video, People also ask, Related searches, AI overview",informational,Organic
house packing services,49,0,70,14,2.66,https://www.firstratemovers.com/ottawa-packing-services/,0,0,0.00,0.56,150,"[18,18,100,100,100,100,63,63,18,18,36,27]",2026-03-27,"Local pack, Video, People also ask, Related searches, AI overview","commercial, informational",Organic
moving company costs,9,9,70,14,3.33,https://www.firstratemovers.com/local-ottawa-moving-rates/,0,0,0.00,0.54,525000000,"[9,19,19,23,33,23,23,42,33,52,52,52]",2026-02-14,"Sitelinks, Video, People also ask, Related searches, Discussions and forums, AI overview",informational,Organic
moving company costs,11,11,70,14,3.33,https://www.firstratemovers.com/local-ottawa-moving-rates/,0,0,0.00,0.54,525000000,"[9,19,19,23,33,23,23,42,33,52,52,52]",2026-02-14,"Sitelinks, Video, People also ask, Related searches, Discussions and forums, AI overview",informational,Organic
moving company costs,80,80,70,14,3.33,https://www.firstratemovers.com/typical-move-costs-for-2024/,0,0,0.00,0.54,525000000,"[9,19,19,23,33,23,23,42,33,52,52,52]",2026-02-14,"Sitelinks, Video, People also ask, Related searches, Discussions and forums, AI overview",informational,Organic
affordable moving companies,32,32,170,33,7.21,https://www.firstratemovers.com/,0,0,0.00,0.69,181000000,"[11,16,7,8,7,7,7,5,7,7,7,7]",2026-02-03,"Local pack, Sitelinks, Video, Image, People also ask, Related searches, Discussions and forums",commercial,Organic
pack and move boxes,40,40,170,32,1.41,https://www.firstratemovers.com/moving-boxes-and-supplies/,0,0,0.00,0.63,1320000000,"[26,34,42,100,53,53,80,80,65,100,65,34]",2026-02-27,"Local pack, Image pack, Sitelinks, Video, Image, Ads top, Video Carousel, People also ask, Popular products, Related searches, Ads middle",commercial,Organic
pack and move boxes,57,57,170,32,1.41,https://www.firstratemovers.com/moving-boxes-and-supplies/,0,0,0.00,0.63,1320000000,"[26,34,42,100,53,53,80,80,65,100,65,34]",2026-02-27,"Local pack, Image pack, Sitelinks, Video, Image, Ads top, Video Carousel, People also ask, Popular products, Related searches, Ads middle",commercial,Organic
move ottawa,21,21,320,41,6.95,https://www.firstratemovers.com/,0,0,0.00,0.86,135000000,"[25,31,11,7,5,13,46,8,31,13,8,5]",2026-02-13,"Knowledge panel, Sitelinks, Video, Related searches","navigational, transactional",Organic
move ottawa,75,75,320,41,6.95,https://www.firstratemovers.com/local-ottawa-moving-rates/,0,0,0.00,0.86,135000000,"[25,31,11,7,5,13,46,8,31,13,8,5]",2026-02-13,"Knowledge panel, Sitelinks, Video, Related searches","navigational, transactional",Organic
movers st. thomas ontario,4,4,170,,2.89,https://www.firstratemovers.com/local-ottawa-moving-rates/,0,0,0.00,0.74,307000,"[23,28,53,82,100,28,23,35,35,35,35,28]",2026-02-10,"Local pack, Sitelinks, Image, People also ask, Related searches",commercial,People also ask
big box moving,89,89,390,42,2.51,https://www.firstratemovers.com/moving-boxes-and-supplies/,0,0,0.00,0.34,1520000000,"[24,30,24,30,30,30,30,30,30,36,36,30]",2026-02-05,"Knowledge panel, Sitelinks, Video, Video Carousel, Popular products, Related searches",commercial,Organic
moving toronto to ottawa,6,6,50,4,8.53,https://www.firstratemovers.com/moving-to-ottawa-from-toronto/,0,0,0.00,0.4,0,"[0,0,0,100,4,2,14,2,2,4,4,4]",2026-03-08,"Sitelinks, Video, Related searches, Discussions and forums, AI overview",informational,Organic
moving toronto to ottawa,22,22,50,4,8.53,https://www.firstratemovers.com/,0,0,0.00,0.4,0,"[0,0,0,100,4,2,14,2,2,4,4,4]",2026-03-08,"Sitelinks, Video, Related searches, Discussions and forums, AI overview",informational,Organic
moving toronto to ottawa,41,41,50,4,8.53,https://www.firstratemovers.com/,0,0,0.00,0.4,0,"[0,0,0,100,4,2,14,2,2,4,4,4]",2026-03-08,"Sitelinks, Video, Related searches, Discussions and forums, AI overview",informational,Organic
how much does it cost to hire movers,45,45,170,13,1.88,https://www.firstratemovers.com/local-ottawa-moving-rates/,0,0,0.00,0.82,1700000000,"[5,6,5,5,5,6,8,30,30,24,8,8]",2026-02-18,"Sitelinks, Video, People also ask, Related searches, Discussions and forums, AI overview",informational,Organic
moving boxes for sale,35,35,480,44,1.07,https://www.firstratemovers.com/moving-boxes-and-supplies/,0,0,0.00,1,168000000,"[54,66,66,81,81,54,81,100,81,81,81,66]",2026-02-23,"Local pack, Sitelinks, Video, Image, People also ask, Popular products, Related searches",transactional,Organic
two men and a truck rates,19,19,90,17,2.01,https://www.firstratemovers.com/local-ottawa-moving-rates/,0,0,0.00,0.69,114000000,"[17,17,28,23,28,28,35,28,23,7,17,12]",2026-03-21,"Sitelinks, Video, Related searches, Discussions and forums, AI overview","commercial, informational",Organic
two men and a truck rates,47,47,90,17,2.01,https://www.firstratemovers.com/typical-move-costs-for-2024/,0,0,0.00,0.69,114000000,"[17,17,28,23,28,28,35,28,23,7,17,12]",2026-03-21,"Sitelinks, Video, Related searches, Discussions and forums, AI overview","commercial, informational",Organic
how much is moving service,16,16,320,20,2.53,https://www.firstratemovers.com/local-ottawa-moving-rates/,0,0,0.00,0.83,1490000000,"[100,54,44,23,66,54,44,29,23,29,23,15]",2026-01-30,"Sitelinks, Video, People also ask, Related searches, AI overview",informational,Organic
how much is moving service,89,89,320,20,2.53,https://www.firstratemovers.com/typical-move-costs-for-2024/,0,0,0.00,0.83,1490000000,"[100,54,44,23,66,54,44,29,23,29,23,15]",2026-01-30,"Sitelinks, Video, People also ask, Related searches, AI overview",informational,Organic
small movers near me,12,12,170,56,2.99,https://www.firstratemovers.com/,0,0,0.00,0.89,56700000,"[65,65,53,80,42,65,65,80,100,80,53,65]",2026-02-27,"Local pack, Video, People also ask, Related searches",transactional,Organic
moving co reviews,68,68,50,14,2.67,https://www.firstratemovers.com/how-to-choose-a-good-moving-company/,0,0,0.00,0.57,1050000000,"[63,63,63,81,63,81,18,45,63,45,63,18]",2026-01-28,"Local pack, Sitelinks, Video, People also ask, Related searches, Discussions and forums",commercial,Organic
moving companies in timmins ontario,2,2,210,10,1.94,https://www.firstratemovers.com/local-ottawa-moving-rates/,0,0,0.00,0.33,317000,"[53,100,80,100,80,80,80,100,100,53,80,53]",2026-03-03,"Local pack, Video, People also ask, Related searches",commercial,People also ask
moving companies in timmins ontario,2,2,210,10,1.94,https://www.firstratemovers.com/local-ottawa-moving-rates/,0,0,0.00,0.33,317000,"[53,100,80,100,80,80,80,100,100,53,80,53]",2026-03-03,"Local pack, Video, People also ask, Related searches",commercial,People also ask
where do you get boxes for moving,34,34,320,36,0.89,https://www.firstratemovers.com/moving-boxes-and-supplies/,0,0,0.00,1,441000000,"[44,44,36,44,44,44,44,44,44,54,36,36]",2026-02-03,"Local pack, Sitelinks, Video, Image, Video Carousel, People also ask, Popular products, Related searches, Discussions and forums, AI overview",transactional,Organic
how to move a tv,11,11,50,31,1.47,https://www.firstratemovers.com/how-to-safely-move-your-big-screen-tv/,0,0,0.00,0.52,2580000000,"[100,78,14,78,14,14,14,14,78,14,14,14]",2026-02-24,"Sitelinks, Video, People also ask, Related searches, Discussions and forums, AI overview",informational,Organic
moving packers,19,19,70,37,8.13,https://www.firstratemovers.com/ottawa-packing-services/,0,0,0.00,0.92,25600000,"[23,41,11,29,52,64,100,23,23,17,17,17]",2026-02-26,"Local pack, Video, People also ask, Related searches",commercial,Organic
moving companies mississauga,2,2,720,21,11.16,https://www.firstratemovers.com/local-ottawa-moving-rates/,0,0,0.00,0.86,15400000,"[81,62,30,100,30,55,16,30,30,24,30,45]",2026-02-09,"Local pack, Sitelinks, Image, People also ask, Related searches",commercial,People also ask
moving companies cobourg,2,2,110,5,3.97,https://www.firstratemovers.com/local-ottawa-moving-rates/,0,0,0.00,0.64,142000,"[21,15,28,65,100,43,28,28,21,21,21,21]",2026-03-05,"Local pack, Image, People also ask, Related searches",commercial,People also ask
moving company rates per hour,1,1,70,10,2.56,https://www.firstratemovers.com/local-ottawa-moving-rates/,0,0,0.00,0.74,119000000,"[81,63,81,45,63,63,36,63,81,63,63,45]",2026-03-14,"Sitelinks, Video, Related searches, Discussions and forums, AI overview","commercial, informational",AI overview
moving company rates per hour,8,8,70,10,2.56,https://www.firstratemovers.com/local-ottawa-moving-rates/,0,0,0.00,0.74,119000000,"[81,63,81,45,63,63,36,63,81,63,63,45]",2026-03-14,"Sitelinks, Video, Related searches, Discussions and forums, AI overview","commercial, informational",Organic
movers in hamilton ontario,2,2,260,34,10.76,https://www.firstratemovers.com/local-ottawa-moving-rates/,0,0,0.00,0.86,1130000,"[100,100,100,65,65,100,81,53,53,65,43,43]",2026-02-27,"Local pack, Video, Image, People also ask, Related searches",commercial,People also ask
movers collingwood ontario,1,1,140,21,4.77,https://www.firstratemovers.com/local-ottawa-moving-rates/,0,0,0.00,0.73,172000,"[66,66,52,66,66,80,66,52,52,52,42,52]",2026-02-15,"Local pack, Video, Image, People also ask, Related searches",commercial,People also ask
diligent movers,1,1,140,34,3.60,https://www.firstratemovers.com/local-ottawa-moving-rates/,0,0,0.00,0.19,1980000,"[7,5,7,11,8,8,5,7,7,7,7,11]",2026-03-04,"Knowledge panel, Sitelinks, Video, People also ask, Related searches",navigational,People also ask
cheap moving services near me,9,9,320,77,5.69,https://www.firstratemovers.com/local-ottawa-moving-rates/,0,0,0.00,0.9,127000000,"[54,35,54,81,66,44,28,23,35,81,54,28]",2026-02-04,"Local pack, Sitelinks, Video, People also ask, Related searches, Discussions and forums",transactional,Organic
emergency movers,82,82,90,9,5.44,https://www.firstratemovers.com/,0,0,0.00,0.89,18000000,"[15,28,15,28,6,6,9,15,12,34,81,81]",2026-02-21,"Local pack, Video, People also ask, Related searches",informational,Organic
piano mover price,12,12,320,6,1.82,https://www.firstratemovers.com/ottawa-piano-movers/,0,0,0.00,0.18,15800000,"[35,66,100,54,54,28,35,23,66,66,81,66]",2026-02-26,"Sitelinks, Video, People also ask, Popular products, Related searches, AI overview",commercial,Organic
where to buy moving supplies for cheap,84,84,320,39,0.00,https://www.firstratemovers.com/moving-boxes-and-supplies/,0,0,0.00,0.99,217,"[66,54,66,66,66,66,66,66,66,35,43,100]",2026-03-20,"Local pack, Sitelinks, Video, Image, People also ask, Popular products, Related searches, Discussions and forums, AI overview",transactional,Organic
moving rates,32,32,260,14,3.40,https://www.firstratemovers.com/local-ottawa-moving-rates/,0,0,0.00,0.68,0,"[100,36,44,54,36,29,36,29,29,23,15,19]",2026-03-15,"Video, Related searches, AI overview",informational,Organic
moving into storage,51,51,320,10,7.04,https://www.firstratemovers.com/free-storage-ottawa/,0,0,0.00,0.31,751000000,"[19,23,36,54,67,54,100,15,29,23,10,19]",2026-02-05,"Sitelinks, Video, People also ask, Related searches, Discussions and forums, AI overview",informational,Organic
mover cost,28,28,70,17,3.28,https://www.firstratemovers.com/typical-move-costs-for-2024/,0,0,0.00,0.61,226,"[12,12,17,82,10,7,12,17,17,10,17,12]",2026-03-22,"Sitelinks, Video, Popular products, Related searches, AI overview",commercial,Organic
mover cost,75,75,70,17,3.28,https://www.firstratemovers.com/typical-move-costs-for-2024/,0,0,0.00,0.61,226,"[12,12,17,82,10,7,12,17,17,10,17,12]",2026-03-22,"Sitelinks, Video, Popular products, Related searches, AI overview",commercial,Organic
where can i sell used furniture,24,24,90,31,1.05,https://www.firstratemovers.com/where-can-i-sell-donate-or-dispose-of-my-belongings-in-ottawa/,0,0,0.00,0.55,322000000,"[33,52,33,52,42,66,42,33,52,42,42,42]",2026-03-01,"Local pack, Sitelinks, Video, People also ask, Related searches, Discussions and forums",commercial,Organic
where can i sell used furniture,39,39,90,31,1.05,https://www.firstratemovers.com/where-can-i-sell-donate-or-dispose-of-my-belongings-in-ottawa/,0,0,0.00,0.55,322000000,"[33,52,33,52,42,66,42,33,52,42,42,42]",2026-03-01,"Local pack, Sitelinks, Video, People also ask, Related searches, Discussions and forums",commercial,Organic
buy removals boxes,52,52,90,38,0.00,https://www.firstratemovers.com/moving-boxes-and-supplies/,0,0,0.00,0,0,"[0,0,0,0,0,66,66,100,0,0,0,0]",2026-03-09,"Local pack, Sitelinks, Video, Image, Popular products, Related searches",transactional,Organic
ottawa moving company,53,53,720,45,6.95,https://www.firstratemovers.com/ottawa-packing-services/,0,0,0.00,0.86,75000000,"[16,20,81,100,36,30,45,55,45,55,55,45]",2026-02-11,"Local pack, Sitelinks, Video, Image, People also ask, Related searches",commercial,Organic
ottawa moving company,86,86,720,45,6.95,https://www.firstratemovers.com/local-ottawa-moving-rates/,0,0,0.00,0.86,75000000,"[16,20,81,100,36,30,45,55,45,55,55,45]",2026-02-11,"Local pack, Sitelinks, Video, Image, People also ask, Related searches",commercial,Organic
sofa pickup donation,55,55,50,23,1.53,https://www.firstratemovers.com/furniture-donation-disposal/,0,0,0.00,0.63,1380000,"[21,17,0,5,0,0,3,9,0,0,0,0]",2026-02-14,"Local pack, Ads top, Related searches, AI overview",commercial,Organic
packing and moving services,26,26,260,12,6.65,https://www.firstratemovers.com/ottawa-packing-services/,0,0,0.00,0.83,152,"[15,12,23,23,29,23,44,54,36,44,36,29]",2026-03-20,"Local pack, Video, People also ask, Related searches",commercial,Organic
home removals near me,44,44,110,22,4.62,https://www.firstratemovers.com/,0,0,0.00,0.48,22200000,"[52,41,41,100,64,82,82,41,41,100,52,64]",2026-03-03,"Local pack, Sitelinks, Video, People also ask, Related searches",transactional,Organic
home removals near me,71,71,110,22,4.62,https://www.firstratemovers.com/,0,0,0.00,0.48,22200000,"[52,41,41,100,64,82,82,41,41,100,52,64]",2026-03-03,"Local pack, Sitelinks, Video, People also ask, Related searches",transactional,Organic
storage lockers orleans,74,74,90,33,3.03,https://www.firstratemovers.com/free-storage-ottawa/,0,0,0.00,0.69,4440000,"[42,33,33,52,66,52,52,33,42,42,52,42]",2026-02-22,"Local pack, Video, Image, People also ask, Related searches",commercial,Organic
cheap movers,22,22,390,20,4.58,https://www.firstratemovers.com/,0,0,0.00,0.93,30200000,"[15,44,81,81,44,66,44,54,66,66,81,66]",2026-02-18,"Local pack, Sitelinks, Video, People also ask, Related searches, Discussions and forums, AI overview",commercial,Organic
moving box packages,82,82,320,26,1.41,https://www.firstratemovers.com/moving-boxes-and-supplies/,0,0,0.00,0.63,146000000,"[66,66,54,66,66,66,66,66,66,81,81,43]",2026-02-09,"Local pack, Sitelinks, Video, Image, Popular products, Related searches, AI overview",commercial,Organic
piano moving rates,24,24,260,5,1.82,https://www.firstratemovers.com/ottawa-piano-movers/,0,0,0.00,0.18,18300000,"[23,54,81,100,29,23,29,23,29,19,44,9]",2026-02-26,"Image pack, Sitelinks, Video, People also ask, Related searches, AI overview",informational,Organic
low cost moving truck,56,56,50,50,2.10,https://www.firstratemovers.com/local-ottawa-moving-rates/,0,0,0.00,0.53,75600000,"[18,100,100,100,18,100,18,18,18,18,18,18]",2026-01-29,"Sitelinks, Video, Ads bottom, People also ask, Related searches, AI overview","commercial, informational",Organic
movers price,1,1,390,8,3.33,https://www.firstratemovers.com/local-ottawa-moving-rates/,0,0,0.00,0.54,215,"[36,54,44,54,66,81,66,100,54,54,36,36]",2026-03-04,"Sitelinks, Video, People also ask, Related searches, AI overview",informational,People also ask
packaging services near me,21,21,110,42,2.00,https://www.firstratemovers.com/ottawa-packing-services/,0,0,0.00,0.57,498000000,"[36,15,54,19,2,1,1,10,7,7,7,2]",2026-01-29,"Local pack, Sitelinks, Image, Ads bottom, People also ask, Related searches",transactional,Organic
best local movers near me,14,14,110,46,6.50,https://www.firstratemovers.com/,0,0,0.00,0.97,0,"[100,65,42,19,11,7,19,19,34,42,53,53]",2026-03-09,"Knowledge panel, Video, Related searches, Discussions and forums, AI overview",transactional,Organic
cheap affordable movers,9,0,170,49,8.46,https://www.firstratemovers.com/,0,0,0.00,0.44,218,"[43,43,54,43,35,29,14,22,35,29,29,29]",2026-03-27,"Local pack, Video, People also ask, Related searches",commercial,Organic
cheap affordable movers,14,0,170,49,8.46,https://www.firstratemovers.com/,0,0,0.00,0.44,218,"[43,43,54,43,35,29,14,22,35,29,29,29]",2026-03-27,"Local pack, Video, People also ask, Related searches",commercial,Organic
best place to get moving supplies,35,35,320,32,0.00,https://www.firstratemovers.com/moving-boxes-and-supplies/,0,0,0.00,0.33,263000000,"[36,36,29,36,36,36,36,36,36,36,36,29]",2026-02-28,"Local pack, Sitelinks, Video, Image, Video Carousel, People also ask, Related searches, Discussions and forums, AI overview",commercial,Organic
moving company in ottawa,49,49,480,56,9.64,https://www.firstratemovers.com/ottawa-packing-services/,0,0,0.00,0.88,126,"[62,1,1,1,10,1,13,20,100,81,6,8]",2026-03-25,"Local pack, Sitelinks, Video, Image, People also ask, Related searches",commercial,Organic
moving company in ottawa,77,77,480,56,9.64,https://www.firstratemovers.com/local-moving-in-ottawa/,0,0,0.00,0.88,126,"[62,1,1,1,10,1,13,20,100,81,6,8]",2026-03-25,"Local pack, Sitelinks, Video, Image, People also ask, Related searches",commercial,Organic
furniture donation pick up ottawa,19,19,70,23,1.44,https://www.firstratemovers.com/furniture-donation-disposal/,0,0,0.00,0.76,1060000,"[11,23,41,17,29,41,41,52,41,52,41,52]",2026-01-31,"Local pack, Video, Ads bottom, People also ask, Related searches",commercial,Organic
full service moving companies,13,13,170,41,6.65,https://www.firstratemovers.com/,0,0,0.00,0.15,391000000,"[17,28,17,35,28,35,100,35,28,53,66,66]",2026-03-05,"Local pack, Sitelinks, Video, People also ask, Related searches, AI overview",commercial,Organic
ottawa moving logistics,64,64,210,35,3.16,https://www.firstratemovers.com/,0,0,0.00,0.22,0,"[35,29,35,35,35,35,43,43,54,54,35,35]",2026-03-08,"Knowledge panel, Sitelinks, Video, Image, Related searches, Discussions and forums",navigational,Organic
average moving company cost,9,9,90,14,2.10,https://www.firstratemovers.com/local-ottawa-moving-rates/,0,0,0.00,0.71,534000000,"[63,100,81,81,81,81,100,81,81,81,45,45]",2026-02-04,"Sitelinks, Video, People also ask, Related searches",informational,Organic
compare moving companies,25,25,320,28,5.00,https://www.firstratemovers.com/compare-us/,0,0,0.00,0.84,511000000,"[20,24,20,24,24,24,24,24,24,45,30,24]",2026-02-17,"Video, People also ask, Related searches, Discussions and forums, AI overview",informational,Organic
orleans movers,7,7,170,21,4.55,https://www.firstratemovers.com/orleans-movers/,0,0,0.00,0.75,4310000,"[6,12,12,12,19,15,15,36,36,44,29,36]",2026-02-22,"Knowledge panel, Video, Image, People also ask, Related searches, AI overview",commercial,Organic
orleans movers,30,30,170,21,4.55,https://www.firstratemovers.com/,0,0,0.00,0.75,4310000,"[6,12,12,12,19,15,15,36,36,44,29,36]",2026-02-22,"Knowledge panel, Video, Image, People also ask, Related searches, AI overview",commercial,Organic
orleans movers,85,85,170,21,4.55,https://www.firstratemovers.com/local-moving-in-ottawa/,0,0,0.00,0.75,4310000,"[6,12,12,12,19,15,15,36,36,44,29,36]",2026-02-22,"Knowledge panel, Video, Image, People also ask, Related searches, AI overview",commercial,Organic
ottawa storage containers,33,33,50,28,5.98,https://www.firstratemovers.com/our-storage/,0,0,0.00,1,1540000,"[22,22,22,22,22,100,22,100,77,100,100,100]",2026-02-16,"Local pack, Sitelinks, Popular products, Related searches",commercial,Organic
used furniture ottawa canada,50,50,390,25,0.37,https://www.firstratemovers.com/where-can-i-sell-donate-or-dispose-of-my-belongings-in-ottawa/,0,0,0.00,0.59,6000000,"[66,81,54,81,66,44,44,44,81,100,54,54]",2026-02-02,"Local pack, Sitelinks, Video, Image, Popular products, Related searches",commercial,Organic
movers packers,9,9,70,39,7.62,https://www.firstratemovers.com/ottawa-packing-services/,0,0,0.00,0.99,29100000,"[23,23,52,33,33,33,42,33,23,23,19,19]",2026-03-21,"Local pack, Video, Image, Related searches",commercial,Organic
big box movers,83,83,390,27,1.20,https://www.firstratemovers.com/,0,0,0.00,0.95,0,"[32,32,32,32,39,39,39,32,48,39,48,59]",2026-03-18,"Knowledge panel, Sitelinks, Video, Related searches",navigational,Organic
appliance move,56,56,110,10,2.67,https://www.firstratemovers.com/preparing-appliances/,0,0,0.00,1,189000000,"[29,17,23,29,52,100,100,100,82,100,82,64]",2026-03-24,"Sitelinks, Video, Video Carousel, People also ask, Related searches, AI overview",informational,Organic
appliance move,72,72,110,10,2.67,https://www.firstratemovers.com/preparing-appliances/,0,0,0.00,1,189000000,"[29,17,23,29,52,100,100,100,82,100,82,64]",2026-03-24,"Sitelinks, Video, Video Carousel, People also ask, Related searches, AI overview",informational,Organic
one go movers,2,2,70,23,3.89,https://www.firstratemovers.com/local-ottawa-moving-rates/,0,0,0.00,0.72,123000000,"[0,1,1,1,1,0,1,1,2,0,1,0]",2026-02-20,"Video, Image, People also ask, Related searches",informational,People also ask
moving cost calculator ontario,18,18,70,12,2.00,https://www.firstratemovers.com/local-ottawa-moving-rates/,0,0,0.00,0.83,15500000,"[23,23,41,41,41,29,82,52,52,52,41,29]",2026-03-08,"Video, Related searches, AI overview",informational,Organic
2 men and a truck cambridge,1,1,170,30,1.97,https://www.firstratemovers.com/local-ottawa-moving-rates/,0,0,0.00,0.21,5630000,"[10,14,43,54,43,43,35,29,43,22,18,29]",2026-02-11,"Knowledge panel, Sitelinks, Video, People also ask, Related searches",navigational,People also ask
donate furniture with free pick-up ottawa,18,18,140,21,0.00,https://www.firstratemovers.com/furniture-donation-disposal/,0,0,0.00,0,832000,"[29,64,82,82,100,100,64,100,100,100,82,41]",2026-02-24,"Local pack, Sitelinks, Video, People also ask, Related searches",commercial,Organic
donate furniture with free pick-up ottawa,84,84,140,21,0.00,https://www.firstratemovers.com/where-can-i-sell-donate-or-dispose-of-my-belongings-in-ottawa/,0,0,0.00,0,832000,"[29,64,82,82,100,100,64,100,100,100,82,41]",2026-02-24,"Local pack, Sitelinks, Video, People also ask, Related searches",commercial,Organic
moving companies that move long distance,36,36,70,21,10.31,https://www.firstratemovers.com/long-distance-moving/,0,0,0.00,0.22,150,"[23,0,1,18,6,8,6,5,15,35,8,0]",2026-03-19,"Local pack, Video, People also ask, Related searches, AI overview",informational,Organic
movers and storage companies near me,58,58,170,41,6.26,https://www.firstratemovers.com/free-storage-ottawa/,0,0,0.00,0.73,32300000,"[44,81,54,28,18,15,18,11,11,23,8,8]",2026-02-23,"Local pack, Video, People also ask, Related searches, AI overview",transactional,Organic
storage move,18,18,480,24,7.04,https://www.firstratemovers.com/free-storage-ottawa/,0,0,0.00,0.31,975000000,"[0,0,4,8,24,100,0,16,10,54,20,16]",2026-03-02,"Local pack, Video, People also ask, Related searches, AI overview",commercial,Organic
wadrobe box,60,60,110,8,2.17,https://www.firstratemovers.com/free-use-of-wardrobe-boxes/,0,0,0.00,1,0,"[0,0,100,0,0,0,0,0,0,0,0,0]",2026-03-12,"Image pack, Sitelinks, Video, Image, Popular products, Related searches",commercial,Organic
wadrobe box,76,76,110,8,2.17,https://www.firstratemovers.com/free-use-of-wardrobe-boxes/,0,0,0.00,1,0,"[0,0,100,0,0,0,0,0,0,0,0,0]",2026-03-12,"Image pack, Sitelinks, Video, Image, Popular products, Related searches",commercial,Organic
cost of moving boxes,21,21,320,24,0.67,https://www.firstratemovers.com/moving-boxes-and-supplies/,0,0,0.00,0.98,235000000,"[66,66,66,66,66,66,66,66,66,100,81,66]",2026-02-05,"Sitelinks, Video, Image, Ads bottom, People also ask, Related searches, Discussions and forums, Ads middle, AI overview",commercial,Organic
movers box,30,30,110,22,0.83,https://www.firstratemovers.com/moving-boxes-and-supplies/,0,0,0.00,1,0,"[19,26,3,26,34,53,34,100,100,80,42,26]",2026-03-09,"Local pack, Image pack, Sitelinks, Video, Image, Ads bottom, Video Carousel, Popular products, Related searches",commercial,Organic
how much is a moving company,91,91,320,15,2.60,https://www.firstratemovers.com/typical-move-costs-for-2024/,0,0,0.00,0.8,0,"[66,15,44,81,66,35,81,66,66,44,44,54]",2026-03-16,"Sitelinks, Video, Related searches, AI overview",informational,Organic
emdonmoving,2,2,110,14,3.78,https://www.firstratemovers.com/local-ottawa-moving-rates/,0,0,0.00,0.14,328,"[17,17,17,23,17,23,53,100,28,23,23,2]",2026-03-03,"People also ask, Related searches","commercial, informational",People also ask
furniture bank toronto ontario,86,86,720,38,1.15,https://www.firstratemovers.com/furniture-donation-disposal/,0,0,0.00,0.21,3230000,"[76,76,45,45,24,55,30,45,100,45,55,55]",2026-02-15,"Knowledge panel, Sitelinks, Video, Ads top, People also ask, Related searches",navigational,Organic
refrigerator movers,42,42,70,23,2.75,https://www.firstratemovers.com/preparing-appliances/,0,0,0.00,0.96,6260000,"[2,2,2,2,2,2,2,5,4,100,2,0]",2026-02-21,"Local pack, Sitelinks, Video, Video Carousel, People also ask, Popular products, Related searches",transactional,Organic
moving company local,12,12,70,55,5.78,https://www.firstratemovers.com/,0,0,0.00,0.21,0,"[11,1,1,6,8,8,23,15,11,15,15,28]",2026-03-08,"Knowledge panel, Video, Related searches, AI overview",commercial,Organic
moving company local,84,84,70,55,5.78,https://www.firstratemovers.com/local-ottawa-moving-rates/,0,0,0.00,0.21,0,"[11,1,1,6,8,8,23,15,11,15,15,28]",2026-03-08,"Knowledge panel, Video, Related searches, AI overview",commercial,Organic
how much do piano movers cost,16,16,110,3,1.41,https://www.firstratemovers.com/ottawa-piano-movers/,0,0,0.00,0.6,84300000,"[41,64,64,64,100,64,64,41,52,100,64,64]",2026-03-03,"Image pack, Sitelinks, Video, Ads bottom, People also ask, Related searches, AI overview",informational,Organic
how much do piano movers cost,27,27,110,3,1.41,https://www.firstratemovers.com/ottawa-piano-movers/,0,0,0.00,0.6,84300000,"[41,64,64,64,100,64,64,41,52,100,64,64]",2026-03-03,"Image pack, Sitelinks, Video, Ads bottom, People also ask, Related searches, AI overview",informational,Organic
how much do piano movers cost,47,47,110,3,1.41,https://www.firstratemovers.com/ottawa-piano-movers/,0,0,0.00,0.6,84300000,"[41,64,64,64,100,64,64,41,52,100,64,64]",2026-03-03,"Image pack, Sitelinks, Video, Ads bottom, People also ask, Related searches, AI overview",informational,Organic
where can i sell used stuff,44,44,70,44,1.39,https://www.firstratemovers.com/where-can-i-sell-donate-or-dispose-of-my-belongings-in-ottawa/,0,0,0.00,0.36,147,"[64,50,50,50,50,64,50,50,50,50,35,35]",2026-03-11,"Local pack, Sitelinks, Video, Related searches, Discussions and forums, AI overview",commercial,Organic
top rated moving companies,10,10,110,31,7.44,https://www.firstratemovers.com/,0,0,0.00,0.74,849000000,"[28,35,23,23,35,35,35,35,17,23,23,17]",2026-03-03,"Local pack, Sitelinks, People also ask, Related searches, Discussions and forums, AI overview",commercial,Organic
top rated moving companies,28,28,110,31,7.44,https://www.firstratemovers.com/,0,0,0.00,0.74,849000000,"[28,35,23,23,35,35,35,35,17,23,23,17]",2026-03-03,"Local pack, Sitelinks, People also ask, Related searches, Discussions and forums, AI overview",commercial,Organic
small moving companies ottawa,38,38,90,38,2.45,https://www.firstratemovers.com/local-ottawa-moving-rates/,0,0,0.00,0.92,9220000,"[50,64,64,64,64,64,64,78,100,100,64,64]",2026-03-03,"Local pack, Sitelinks, People also ask, Related searches",commercial,Organic
small moving companies ottawa,41,41,90,38,2.45,https://www.firstratemovers.com/local-ottawa-moving-rates/,0,0,0.00,0.92,9220000,"[50,64,64,64,64,64,64,78,100,100,64,64]",2026-03-03,"Local pack, Sitelinks, People also ask, Related searches",commercial,Organic
small moving companies ottawa,73,73,90,38,2.45,https://www.firstratemovers.com/ottawa-packing-services/,0,0,0.00,0.92,9220000,"[50,64,64,64,64,64,64,78,100,100,64,64]",2026-03-03,"Local pack, Sitelinks, People also ask, Related searches",commercial,Organic
long distance move,23,23,480,25,5.32,https://www.firstratemovers.com/long-distance-moving/,0,0,0.00,0.66,154,"[66,81,81,81,81,54,100,100,100,81,100,100]",2026-03-25,"Local pack, Video, Video Carousel, People also ask, Related searches, Discussions and forums, AI overview","commercial, informational",Organic
long distance move,29,29,480,25,5.32,https://www.firstratemovers.com/long-distance-moving/,0,0,0.00,0.66,154,"[66,81,81,81,81,54,100,100,100,81,100,100]",2026-03-25,"Local pack, Video, Video Carousel, People also ask, Related searches, Discussions and forums, AI overview","commercial, informational",Organic
small moving companies,17,17,110,47,4.06,https://www.firstratemovers.com/,0,0,0.00,0.83,648000000,"[29,41,64,64,52,29,52,82,82,82,82,100]",2026-03-04,"Local pack, People also ask, Related searches",commercial,Organic
good moving companies,20,20,390,53,5.79,https://www.firstratemovers.com/,0,0,0.00,0.57,1030000000,"[30,36,16,13,45,36,30,24,36,30,36,16]",2026-02-10,"Local pack, Sitelinks, Video, People also ask, Related searches, Discussions and forums, AI overview",commercial,Organic
good moving companies,93,93,390,53,5.79,https://www.firstratemovers.com/how-to-choose-a-good-moving-company/,0,0,0.00,0.57,1030000000,"[30,36,16,13,45,36,30,24,36,30,36,16]",2026-02-10,"Local pack, Sitelinks, Video, People also ask, Related searches, Discussions and forums, AI overview",commercial,Organic
moving companies in vaughan ontario,4,4,1000,21,11.12,https://www.firstratemovers.com/typical-move-costs-for-2024/,0,0,0.00,0.67,6850000,"[46,52,100,68,100,46,52,52,46,68,37,25]",2026-02-09,"Local pack, Sitelinks, People also ask, Related searches",commercial,People also ask
moving companies,33,33,5400,70,7.02,https://www.firstratemovers.com/,0,0,0.00,0.49,1300000000,"[29,24,24,24,24,66,54,36,29,36,36,36]",2026-03-22,"Local pack, Sitelinks, Video, People also ask, Related searches, AI overview",commercial,Organic
long distance moving services near me,19,19,50,35,10.96,https://www.firstratemovers.com/long-distance-moving/,0,0,0.00,0.5,567000000,"[2,0,0,0,0,0,2,2,1,10,16,3]",2026-02-21,"Local pack, People also ask, Related searches",transactional,Organic
long distance moving services near me,22,22,50,35,10.96,https://www.firstratemovers.com/long-distance-moving/,0,0,0.00,0.5,567000000,"[2,0,0,0,0,0,2,2,1,10,16,3]",2026-02-21,"Local pack, People also ask, Related searches",transactional,Organic
long distance moving services near me,48,48,50,35,10.96,https://www.firstratemovers.com/long-distance-moving/,0,0,0.00,0.5,567000000,"[2,0,0,0,0,0,2,2,1,10,16,3]",2026-02-21,"Local pack, People also ask, Related searches",transactional,Organic
inexpensive long distance moving,31,31,170,17,4.65,https://www.firstratemovers.com/long-distance-moving/,0,0,0.00,0.14,11100000,"[34,53,100,65,53,100,53,65,53,100,34,26]",2026-03-05,"Sitelinks, Video, People also ask, Related searches, AI overview",commercial,Organic
moving companies in ontario,46,46,90,17,7.22,https://www.firstratemovers.com/,0,0,0.00,0.66,44800000,"[19,23,33,52,66,66,23,42,33,52,52,66]",2026-02-28,"Local pack, Sitelinks, Video, People also ask, Related searches",commercial,Organic
average rate for movers,1,1,140,15,2.10,https://www.firstratemovers.com/local-ottawa-moving-rates/,0,0,0.00,0.71,31600000,"[7,7,53,53,53,65,65,53,53,65,42,53]",2026-02-17,"Sitelinks, Video, People also ask, Related searches, Discussions and forums, AI overview","commercial, informational",People also ask
average rate for movers,9,9,140,15,2.10,https://www.firstratemovers.com/local-ottawa-moving-rates/,0,0,0.00,0.71,31600000,"[7,7,53,53,53,65,65,53,53,65,42,53]",2026-02-17,"Sitelinks, Video, People also ask, Related searches, Discussions and forums, AI overview","commercial, informational",Organic
average rate for movers,39,39,140,15,2.10,https://www.firstratemovers.com/typical-move-costs-for-2024/,0,0,0.00,0.71,31600000,"[7,7,53,53,53,65,65,53,53,65,42,53]",2026-02-17,"Sitelinks, Video, People also ask, Related searches, Discussions and forums, AI overview","commercial, informational",Organic
average rate for movers,42,42,140,15,2.10,https://www.firstratemovers.com/typical-move-costs-for-2024/,0,0,0.00,0.71,31600000,"[7,7,53,53,53,65,65,53,53,65,42,53]",2026-02-17,"Sitelinks, Video, People also ask, Related searches, Discussions and forums, AI overview","commercial, informational",Organic
move companies,25,25,170,45,7.03,https://www.firstratemovers.com/,0,0,0.00,0.49,143,"[15,6,6,15,9,54,44,23,23,44,36,15]",2026-03-21,"Knowledge panel, Video, Related searches, AI overview",informational,Organic
ottawa moving truck rental,30,30,90,32,0.73,https://www.firstratemovers.com/,0,0,0.00,0.67,2460000,"[0,41,23,29,82,52,82,64,100,82,5,5]",2026-02-27,"Local pack, Related searches",commercial,Organic
movers local movers,19,19,590,43,5.78,https://www.firstratemovers.com/,0,0,0.00,0.21,0,"[0,100,68,68,46,52,0,0,0,1,3,3]",2026-03-12,"Local pack, Video, Related searches",commercial,Organic
moving companies movers,47,47,70,34,7.03,https://www.firstratemovers.com/,0,0,0.00,0.49,0,"[66,9,19,23,23,19,42,33,23,33,33,42]",2026-03-08,"Local pack, Video, Related searches",commercial,Organic
moving companies windsor ontario,2,2,70,26,4.46,https://www.firstratemovers.com/local-ottawa-moving-rates/,0,0,0.00,0.74,36000000,"[42,26,15,53,11,7,19,15,7,65,65,15]",2026-03-04,"Local pack, Sitelinks, Video, People also ask, Related searches",commercial,People also ask
moving companies windsor ontario,2,2,70,26,4.46,https://www.firstratemovers.com/local-ottawa-moving-rates/,0,0,0.00,0.74,36000000,"[42,26,15,53,11,7,19,15,7,65,65,15]",2026-03-04,"Local pack, Sitelinks, Video, People also ask, Related searches",commercial,People also ask
moving costs ontario,96,96,390,13,2.28,https://www.firstratemovers.com/local-ottawa-moving-rates/,0,0,0.00,0.22,23100000,"[54,54,54,66,66,66,54,66,66,100,81,66]",2026-02-01,"Sitelinks, Video, People also ask, Related searches, AI overview",informational,Organic
moving company whitby,2,2,90,23,9.02,https://www.firstratemovers.com/local-ottawa-moving-rates/,0,0,0.00,0.6,3320000,"[78,78,35,50,35,50,35,50,64,64,100,64]",2026-02-28,"Local pack, Image, People also ask, Related searches",commercial,People also ask
cheap movers winnipeg,1,1,210,23,1.91,https://www.firstratemovers.com/local-ottawa-moving-rates/,0,0,0.00,0.88,1440000,"[28,28,35,43,53,35,28,66,66,53,43,100]",2026-02-28,"Local pack, Sitelinks, People also ask, Related searches",commercial,People also ask
moving companies niagara region,4,4,110,36,5.48,https://www.firstratemovers.com/local-ottawa-moving-rates/,0,0,0.00,0.89,1130000,"[15,23,12,15,19,12,12,9,9,19,9,12]",2026-02-10,"Local pack, People also ask, Related searches",commercial,People also ask
classic movers,27,27,110,27,2.29,https://www.firstratemovers.com/,0,0,0.00,0.31,35800000,"[26,26,42,53,53,42,53,42,34,42,26,42]",2026-03-26,"Local pack, Sitelinks, Video, People also ask, Related searches",navigational,Organic
classic movers,66,66,110,27,2.29,https://www.firstratemovers.com/,0,0,0.00,0.31,35800000,"[26,26,42,53,53,42,53,42,34,42,26,42]",2026-03-26,"Local pack, Sitelinks, Video, People also ask, Related searches",navigational,Organic
moving companies cobourg ontario,2,2,110,6,3.97,https://www.firstratemovers.com/local-ottawa-moving-rates/,0,0,0.00,0.64,110000,"[21,15,34,81,100,43,28,28,21,28,21,21]",2026-03-05,"Local pack, Image, People also ask, Related searches",commercial,People also ask
ottawa storage locker,27,27,90,37,3.84,https://www.firstratemovers.com/free-storage-ottawa/,0,0,0.00,0.78,203,"[35,7,10,10,35,35,23,17,7,2,5,100]",2026-03-24,"Local pack, Sitelinks, Related searches",commercial,Organic
ontario movers,32,32,170,37,7.00,https://www.firstratemovers.com/long-distance-moving/,0,0,0.00,0.66,9620000,"[6,12,15,12,12,65,81,81,81,100,100,100]",2026-03-25,"Local pack, Video, Image, People also ask, Related searches",commercial,Organic
ontario movers,92,92,170,37,7.00,https://www.firstratemovers.com/,0,0,0.00,0.66,9620000,"[6,12,15,12,12,65,81,81,81,100,100,100]",2026-03-25,"Local pack, Video, Image, People also ask, Related searches",commercial,Organic
movers services near me,56,56,1300,64,5.98,https://www.firstratemovers.com/,0,0,0.00,0.68,84000000,"[0,0,1,1,0,3,1,100,5,0,0,0]",2026-02-25,"Local pack, Video, Ads bottom, People also ask, Related searches",transactional,Organic
movers services near me,73,73,1300,64,5.98,https://www.firstratemovers.com/,0,0,0.00,0.68,84000000,"[0,0,1,1,0,3,1,100,5,0,0,0]",2026-02-25,"Local pack, Video, Ads bottom, People also ask, Related searches",transactional,Organic
movers services near me,86,86,1300,64,5.98,https://www.firstratemovers.com/,0,0,0.00,0.68,84000000,"[0,0,1,1,0,3,1,100,5,0,0,0]",2026-02-25,"Local pack, Video, Ads bottom, People also ask, Related searches",transactional,Organic
professional movers ottawa reviews,16,16,110,14,2.06,https://www.firstratemovers.com/how-to-choose-a-good-moving-company/,0,0,0.00,0.4,574000,"[5,5,28,28,17,35,53,23,28,43,35,23]",2026-02-17,"Knowledge panel, Sitelinks, People also ask, Related searches, Discussions and forums",commercial,Organic
where to boxes for moving,47,47,720,49,0.89,https://www.firstratemovers.com/moving-boxes-and-supplies/,0,0,0.00,1,278000000,"[0,0,62,81,100,55,81,100,81,0,0,8]",2026-02-09,"Local pack, Sitelinks, Video, Image, People also ask, Popular products, Related searches",commercial,Organic
okotoks moving companies,7,7,210,9,6.54,https://www.firstratemovers.com/local-ottawa-moving-rates/,0,0,0.00,1,174000,"[15,11,54,81,54,11,35,28,23,81,35,28]",2026-02-28,"Local pack, Image, People also ask, Related searches",commercial,People also ask
moving house price,17,17,70,10,2.11,https://www.firstratemovers.com/typical-move-costs-for-2024/,0,0,0.00,0.51,213,"[0,0,100,82,82,0,0,82,64,64,23,41]",2026-03-24,"Sitelinks, Video, People also ask, Related searches, AI overview",informational,Organic
moving house price,45,45,70,10,2.11,https://www.firstratemovers.com/local-ottawa-moving-rates/,0,0,0.00,0.51,213,"[0,0,100,82,82,0,0,82,64,64,23,41]",2026-03-24,"Sitelinks, Video, People also ask, Related searches, AI overview",informational,Organic
best moving companies ottawa,74,74,390,50,5.89,https://www.firstratemovers.com/how-to-choose-a-good-moving-company/,0,0,0.00,0.48,0,"[54,29,54,44,54,44,54,54,54,36,54,44]",2026-03-18,"Local pack, Sitelinks, Video, Related searches, Discussions and forums",commercial,Organic
where can i buy boxes for moving,56,56,320,38,0.62,https://www.firstratemovers.com/moving-boxes-and-supplies/,0,0,0.00,1,158000000,"[24,24,20,24,24,24,24,24,30,36,20,24]",2026-02-18,"Local pack, Sitelinks, Video, Image, Ads bottom, People also ask, Popular products, Related searches, Discussions and forums",transactional,Organic
moving and packing companies,24,24,140,30,6.20,https://www.firstratemovers.com/ottawa-packing-services/,0,0,0.00,0.95,0,"[100,100,100,100,52,66,42,52,52,42,23,52]",2026-03-18,"Local pack, Video, Related searches",commercial,Organic
moving company burlington,1,1,140,26,10.41,https://www.firstratemovers.com/typical-move-costs-for-2024/,0,0,0.00,0.81,19400000,"[19,19,19,34,42,53,34,80,100,80,100,80]",2026-02-14,"Local pack, Image, People also ask, Related searches",commercial,People also ask
moving company burlington,1,1,140,26,10.41,https://www.firstratemovers.com/local-ottawa-moving-rates/,0,0,0.00,0.81,19400000,"[19,19,19,34,42,53,34,80,100,80,100,80]",2026-02-14,"Local pack, Image, People also ask, Related searches",commercial,People also ask
how much do movers cost ontario,8,8,90,14,2.28,https://www.firstratemovers.com/local-ottawa-moving-rates/,0,0,0.00,0.81,5340000,"[41,52,64,64,64,41,23,41,41,64,52,29]",2026-03-01,"Sitelinks, Video, People also ask, Related searches, AI overview",informational,Organic
how much do movers cost ontario,13,13,90,14,2.28,https://www.firstratemovers.com/local-ottawa-moving-rates/,0,0,0.00,0.81,5340000,"[41,52,64,64,64,41,23,41,41,64,52,29]",2026-03-01,"Sitelinks, Video, People also ask, Related searches, AI overview",informational,Organic
moving company in pickering,1,1,140,25,8.14,https://www.firstratemovers.com/local-ottawa-moving-rates/,0,0,0.00,0.6,3200000,"[4,14,42,52,100,52,66,80,100,80,100,52]",2026-02-15,"Local pack, Image, People also ask, Related searches",commercial,People also ask
ottawa bbb,90,90,140,30,2.08,https://www.firstratemovers.com/ottawa-packing-services/,0,0,0.00,0.06,4140000,"[4,5,5,26,21,5,21,14,21,14,14,11]",2026-02-02,"Sitelinks, Video, People also ask, Related searches",navigational,Organic
low cost moving services,10,10,170,29,7.21,https://www.firstratemovers.com/local-ottawa-moving-rates/,0,0,0.00,0.69,0,"[43,43,43,54,43,35,29,14,22,35,29,29]",2026-03-06,"Local pack, Sitelinks, Video, Related searches",commercial,Organic
low cost moving services,64,64,170,29,7.21,https://www.firstratemovers.com/,0,0,0.00,0.69,0,"[43,43,43,54,43,35,29,14,22,35,29,29]",2026-03-06,"Local pack, Sitelinks, Video, Related searches",commercial,Organic
low cost moving services,83,83,170,29,7.21,https://www.firstratemovers.com/,0,0,0.00,0.69,0,"[43,43,43,54,43,35,29,14,22,35,29,29]",2026-03-06,"Local pack, Sitelinks, Video, Related searches",commercial,Organic
movers local,58,58,90,21,5.44,https://www.firstratemovers.com/,0,0,0.00,0.15,55500000,"[5,100,1,1,1,2,2,5,2,2,4,4]",2026-02-27,"Local pack, Sitelinks, Video, People also ask, Related searches",commercial,Organic
moving company cost,23,23,480,16,3.33,https://www.firstratemovers.com/local-ottawa-moving-rates/,0,0,0.00,0.54,765000000,"[81,67,67,54,29,15,67,23,100,54,36,36]",2026-02-15,"Sitelinks, Video, People also ask, Related searches, AI overview",informational,Organic
moving companies local,39,39,70,58,5.44,https://www.firstratemovers.com/,0,0,0.00,0.15,1100000000,"[8,0,0,0,0,3,1,6,6,6,8,10]",2026-01-30,"Local pack, Video, Image, People also ask, Related searches, See results about",commercial,Organic
moving companies local,44,44,70,58,5.44,https://www.firstratemovers.com/,0,0,0.00,0.15,1100000000,"[8,0,0,0,0,3,1,6,6,6,8,10]",2026-01-30,"Local pack, Video, Image, People also ask, Related searches, See results about",commercial,Organic
moving companies local,95,95,70,58,5.44,https://www.firstratemovers.com/local-moving-in-ottawa/,0,0,0.00,0.15,1100000000,"[8,0,0,0,0,3,1,6,6,6,8,10]",2026-01-30,"Local pack, Video, Image, People also ask, Related searches, See results about",commercial,Organic
moving company prices,30,30,260,10,3.40,https://www.firstratemovers.com/local-ottawa-moving-rates/,0,0,0.00,0.68,564000000,"[100,81,54,54,44,44,44,23,35,35,18,28]",2026-03-26,"Sitelinks, Video, People also ask, Related searches, AI overview",informational,Organic
average moving costs,13,13,170,12,2.10,https://www.firstratemovers.com/typical-move-costs-for-2024/,0,0,0.00,0.71,284000000,"[100,100,8,8,14,22,22,22,22,22,14,18]",2026-02-18,"Sitelinks, Video, People also ask, Related searches, Discussions and forums, AI overview","commercial, informational",Organic
moving company packers,14,14,110,21,7.62,https://www.firstratemovers.com/ottawa-packing-services/,0,0,0.00,0.84,0,"[0,8,2,29,18,0,29,22,35,29,35,43]",2026-03-10,"Local pack, Video, Related searches",commercial,Organic
moving services toronto,3,3,1300,66,10.60,https://www.firstratemovers.com/typical-move-costs-for-2024/,0,0,0.00,0.93,241000000,"[8,11,30,44,100,24,13,65,55,30,44,30]",2026-02-08,"Local pack, Sitelinks, Video, People also ask, Related searches",commercial,People also ask
moving quotes toronto,74,74,70,48,12.24,https://www.firstratemovers.com/,0,0,0.00,0.98,14500000,"[9,9,9,9,9,9,9,52,52,52,42,100]",2026-02-16,"Local pack, Sitelinks, Ads bottom, Related searches, Discussions and forums, AI overview",commercial,Organic
moving quotes toronto,80,80,70,48,12.24,https://www.firstratemovers.com/,0,0,0.00,0.98,14500000,"[9,9,9,9,9,9,9,52,52,52,42,100]",2026-02-16,"Local pack, Sitelinks, Ads bottom, Related searches, Discussions and forums, AI overview",commercial,Organic
moving ottawa,47,47,320,35,6.95,https://www.firstratemovers.com/local-ottawa-moving-rates/,0,0,0.00,0.86,133000000,"[81,54,12,15,100,19,36,29,81,29,19,29]",2026-01-31,"Local pack, Sitelinks, Video, Image, People also ask, Related searches",commercial,Organic
moving ottawa,52,52,320,35,6.95,https://www.firstratemovers.com/local-ottawa-moving-rates/,0,0,0.00,0.86,133000000,"[81,54,12,15,100,19,36,29,81,29,19,29]",2026-01-31,"Local pack, Sitelinks, Video, Image, People also ask, Related searches",commercial,Organic
moving ottawa,94,94,320,35,6.95,https://www.firstratemovers.com/ottawa-packing-services/,0,0,0.00,0.86,133000000,"[81,54,12,15,100,19,36,29,81,29,19,29]",2026-01-31,"Local pack, Sitelinks, Video, Image, People also ask, Related searches",commercial,Organic
furniture mover,1,1,110,28,4.04,https://www.firstratemovers.com/local-ottawa-moving-rates/,0,0,0.00,0.55,44300000,"[9,9,7,11,5,9,7,14,11,21,21,14]",2026-02-27,"Image pack, Sitelinks, Video, Image, Video Carousel, People also ask, Popular products, Related searches",commercial,People also ask
quote for moving,16,16,90,17,1.38,https://www.firstratemovers.com/moving-quotes/,0,0,0.00,0.47,567000000,"[54,1,1,1,0,1,4,5,5,4,5,29]",2026-03-23,"Video, People also ask, Related searches, Discussions and forums, AI overview","commercial, informational",Organic
quote for moving,23,23,90,17,1.38,https://www.firstratemovers.com/moving-quotes/,0,0,0.00,0.47,567000000,"[54,1,1,1,0,1,4,5,5,4,5,29]",2026-03-23,"Video, People also ask, Related searches, Discussions and forums, AI overview","commercial, informational",Organic
quote for moving,45,45,90,17,1.38,https://www.firstratemovers.com/moving-quotes/,0,0,0.00,0.47,567000000,"[54,1,1,1,0,1,4,5,5,4,5,29]",2026-03-23,"Video, People also ask, Related searches, Discussions and forums, AI overview","commercial, informational",Organic
quote for moving,73,73,90,17,1.38,https://www.firstratemovers.com/local-ottawa-moving-rates/,0,0,0.00,0.47,567000000,"[54,1,1,1,0,1,4,5,5,4,5,29]",2026-03-23,"Video, People also ask, Related searches, Discussions and forums, AI overview","commercial, informational",Organic
where to buy cheap moving boxes,38,38,320,44,0.87,https://www.firstratemovers.com/moving-boxes-and-supplies/,0,0,0.00,0.94,95300000,"[66,66,54,81,43,54,66,66,66,81,43,43]",2026-02-22,"Local pack, Sitelinks, Video, Image, People also ask, Popular products, Related searches",transactional,Organic
home movers near me,1,1,110,32,4.62,https://www.firstratemovers.com/typical-move-costs-for-2024/,0,0,0.00,0.48,95100000,"[23,17,17,35,28,28,35,17,28,35,23,28]",2026-02-15,"Local pack, Ads bottom, People also ask, Related searches",transactional,People also ask
moving companies quotes,19,19,320,36,9.28,https://www.firstratemovers.com/local-ottawa-moving-rates/,0,0,0.00,0.42,447000000,"[35,54,44,66,54,54,54,54,54,81,66,66]",2026-02-06,"Video, People also ask, Related searches, AI overview",commercial,Organic
moving companies quotes,76,76,320,36,9.28,https://www.firstratemovers.com/moving-quotes/,0,0,0.00,0.42,447000000,"[35,54,44,66,54,54,54,54,54,81,66,66]",2026-02-06,"Video, People also ask, Related searches, AI overview",commercial,Organic
moving companies quotes,79,79,320,36,9.28,https://www.firstratemovers.com/moving-quotes/,0,0,0.00,0.42,447000000,"[35,54,44,66,54,54,54,54,54,81,66,66]",2026-02-06,"Video, People also ask, Related searches, AI overview",commercial,Organic
donate furniture ottawa,15,15,90,21,1.53,https://www.firstratemovers.com/where-can-i-sell-donate-or-dispose-of-my-belongings-in-ottawa/,0,0,0.00,0.69,1600000,"[15,42,26,26,34,34,34,65,42,42,34,53]",2026-02-13,"Local pack, Sitelinks, Video, Related searches",commercial,Organic
donate furniture ottawa,39,39,90,21,1.53,https://www.firstratemovers.com/where-can-i-sell-donate-or-dispose-of-my-belongings-in-ottawa/,0,0,0.00,0.69,1600000,"[15,42,26,26,34,34,34,65,42,42,34,53]",2026-02-13,"Local pack, Sitelinks, Video, Related searches",commercial,Organic
donate furniture ottawa,40,40,90,21,1.53,https://www.firstratemovers.com/where-can-i-sell-donate-or-dispose-of-my-belongings-in-ottawa/,0,0,0.00,0.69,1600000,"[15,42,26,26,34,34,34,65,42,42,34,53]",2026-02-13,"Local pack, Sitelinks, Video, Related searches",commercial,Organic
new age moving,65,65,70,8,0.00,https://www.firstratemovers.com/faq/,0,0,0.00,0.01,1460000000,"[33,33,33,33,33,42,33,33,42,42,42,23]",2026-03-23,"Video, People also ask, Related searches",informational,Organic
new age moving,67,67,70,8,0.00,https://www.firstratemovers.com/faq/,0,0,0.00,0.01,1460000000,"[33,33,33,33,33,42,33,33,42,42,42,23]",2026-03-23,"Video, People also ask, Related searches",informational,Organic
storage in ottawa,16,16,210,37,3.84,https://www.firstratemovers.com/free-storage-ottawa/,0,0,0.00,0.78,79000000,"[5,9,29,23,66,15,66,19,12,23,15,100]",2026-03-25,"Local pack, Sitelinks, Video, Image, Related searches",commercial,Organic
storage units barrhaven,39,39,70,23,5.69,https://www.firstratemovers.com/barrhaven/,0,0,0.00,0.76,115000,"[7,7,7,42,42,42,19,42,65,11,15,11]",2026-03-03,"Local pack, Sitelinks, Image, People also ask, Related searches",transactional,Organic
storage units barrhaven,72,72,70,23,5.69,https://www.firstratemovers.com/free-storage-ottawa/,0,0,0.00,0.76,115000,"[7,7,7,42,42,42,19,42,65,11,15,11]",2026-03-03,"Local pack, Sitelinks, Image, People also ask, Related searches",transactional,Organic
cheap moving companies near me,14,14,320,62,5.69,https://www.firstratemovers.com/local-ottawa-moving-rates/,0,0,0.00,0.9,264000000,"[29,23,44,54,44,36,23,29,36,54,36,23]",2026-02-02,"Local pack, Video, People also ask, Related searches, Discussions and forums",transactional,Organic
cheap moving companies near me,25,25,320,62,5.69,https://www.firstratemovers.com/local-ottawa-moving-rates/,0,0,0.00,0.9,264000000,"[29,23,44,54,44,36,23,29,36,54,36,23]",2026-02-02,"Local pack, Video, People also ask, Related searches, Discussions and forums",transactional,Organic
cheap moving companies near me,76,76,320,62,5.69,https://www.firstratemovers.com/,0,0,0.00,0.9,264000000,"[29,23,44,54,44,36,23,29,36,54,36,23]",2026-02-02,"Local pack, Video, People also ask, Related searches, Discussions and forums",transactional,Organic
ottawa movers,76,0,1600,45,9.63,https://www.firstratemovers.com/ottawa-packing-services/,0,0,0.00,0.88,123,"[10,13,24,66,35,24,35,35,35,44,35,35]",2026-03-27,"Local pack, Video, Image, Related searches",commercial,Organic
full service moving company,16,16,110,55,7.75,https://www.firstratemovers.com/,0,0,0.00,0.14,0,"[23,19,23,33,33,33,80,100,66,66,80,80]",2026-03-15,"Local pack, Video, Related searches, AI overview",informational,Organic
northumberland movers cobourg,2,2,110,15,3.97,https://www.firstratemovers.com/local-ottawa-moving-rates/,0,0,0.00,0.64,61400,"[26,19,34,80,100,53,34,34,26,26,26,26]",2026-03-05,"Knowledge panel, Video, People also ask, Related searches","navigational, transactional",People also ask
relocation company,95,95,90,24,4.55,https://www.firstratemovers.com/,0,0,0.00,0.16,0,"[1,1,2,2,3,2,7,7,4,4,1,2]",2026-03-08,"Local pack, Video, Related searches, See results about, AI overview",informational,Organic
how much would it cost to move,27,27,210,17,2.19,https://www.firstratemovers.com/typical-move-costs-for-2024/,0,0,0.00,0.76,1500000000,"[11,11,11,15,11,15,18,54,81,100,54,54]",2026-03-05,"Sitelinks, Video, People also ask, Related searches, Discussions and forums, AI overview",informational,Organic
pick up furniture donations,63,63,70,28,1.53,https://www.firstratemovers.com/furniture-donation-disposal/,0,0,0.00,0.63,22700000,"[19,15,6,5,6,6,5,5,9,5,6,6]",2026-02-21,"Local pack, Video, People also ask, Related searches, Discussions and forums",commercial,Organic
storage unit ottawa,37,37,210,36,3.65,https://www.firstratemovers.com/free-storage-ottawa/,0,0,0.00,0.71,8130000,"[9,14,14,21,100,14,21,17,17,17,26,14]",2026-02-05,"Local pack, Sitelinks, Image, Ads bottom, People also ask, Related searches",commercial,Organic
moving companies in sault ste marie ontario,5,5,90,14,1.68,https://www.firstratemovers.com/local-ottawa-moving-rates/,0,0,0.00,0.57,119,"[64,64,64,50,35,78,78,100,78,64,50,64]",2026-03-05,"Local pack, People also ask, Related searches",commercial,People also ask
best moving services toronto,88,88,390,63,8.95,https://www.firstratemovers.com/,0,0,0.00,0.63,55700000,"[54,100,36,66,81,66,36,44,36,66,44,66]",2026-02-08,"Local pack, Sitelinks, Video, People also ask, Related searches, Discussions and forums, AI overview",commercial,Organic
recommended long distance movers,60,60,260,29,9.18,https://www.firstratemovers.com/long-distance-moving/,0,0,0.00,0.04,21600000,"[18,28,54,44,35,28,35,23,23,100,54,44]",2026-02-19,"Local pack, Sitelinks, People also ask, Related searches, Discussions and forums, AI overview",commercial,Organic
moving companies kanata,26,26,210,11,6.47,https://www.firstratemovers.com/,0,0,0.00,0.46,122,"[43,65,65,43,43,81,81,100,100,43,34,65]",2026-03-22,"Local pack, Related searches",commercial,Organic
moving services prices,65,65,50,9,3.44,https://www.firstratemovers.com/typical-move-costs-for-2024/,0,0,0.00,0.76,399000000,"[36,45,63,36,27,100,27,36,36,18,45,63]",2026-02-16,"Sitelinks, Video, Ads bottom, People also ask, Related searches, AI overview",transactional,Organic
find boxes for moving,33,33,320,40,0.94,https://www.firstratemovers.com/moving-boxes-and-supplies/,0,0,0.00,0.96,174000000,"[7,36,29,36,36,36,36,36,36,44,36,23]",2026-02-19,"Local pack, Sitelinks, Video, Image, Video Carousel, People also ask, Popular products, Related searches, AI overview",transactional,Organic
find boxes for moving,45,45,320,40,0.94,https://www.firstratemovers.com/moving-boxes-and-supplies/,0,0,0.00,0.96,174000000,"[7,36,29,36,36,36,36,36,36,44,36,23]",2026-02-19,"Local pack, Sitelinks, Video, Image, Video Carousel, People also ask, Popular products, Related searches, AI overview",transactional,Organic
find boxes for moving,59,59,320,40,0.94,https://www.firstratemovers.com/moving-boxes-and-supplies/,0,0,0.00,0.96,174000000,"[7,36,29,36,36,36,36,36,36,44,36,23]",2026-02-19,"Local pack, Sitelinks, Video, Image, Video Carousel, People also ask, Popular products, Related searches, AI overview",transactional,Organic
good movers company,20,20,320,17,5.79,https://www.firstratemovers.com/,0,0,0.00,0.57,61000000,"[30,36,30,36,24,24,13,24,36,20,8,10]",2026-02-15,"Local pack, Sitelinks, People also ask, Related searches, Discussions and forums",commercial,Organic
local move,24,24,50,28,5.44,https://www.firstratemovers.com/what-is-a-local-move/,0,0,0.00,0.15,2480000000,"[0,2,0,0,5,3,2,5,4,4,6,8]",2026-02-21,"Local pack, Video, People also ask, Related searches",commercial,Organic
moving truck and movers,16,16,50,66,4.49,https://www.firstratemovers.com/moving-trucks/,0,0,0.00,0.79,14200000,"[15,26,26,26,26,26,7,15,15,11,11,15]",2026-03-03,"Local pack, Image, People also ask, Related searches",commercial,Organic
inexpensive moving company,16,16,320,45,5.60,https://www.firstratemovers.com/,0,0,0.00,0.81,90000000,"[100,54,81,29,44,19,29,23,54,44,29,36]",2026-03-21,"Local pack, Sitelinks, Video, People also ask, Related searches",commercial,Organic
ottawa furniture donation,14,14,90,22,1.74,https://www.firstratemovers.com/furniture-donation-disposal/,0,0,0.00,0.77,1660000,"[19,33,42,23,33,23,80,42,66,66,52,33]",2026-03-19,"Local pack, Video, Image, Related searches",commercial,Organic
moving company,64,64,8100,71,7.03,https://www.firstratemovers.com/barrhaven/,0,0,0.00,0.66,1690000000,"[44,54,44,36,36,29,81,54,54,54,54,44]",2026-03-26,"Local pack, Sitelinks, Image, Related searches",commercial,Organic
moving company,78,78,8100,71,7.03,https://www.firstratemovers.com/barrhaven/,0,0,0.00,0.66,1690000000,"[44,54,44,36,36,29,81,54,54,54,54,44]",2026-03-26,"Local pack, Sitelinks, Image, Related searches",commercial,Organic
ottawa storage units,32,32,260,32,3.65,https://www.firstratemovers.com/free-storage-ottawa/,0,0,0.00,0.71,9590000,"[10,12,15,44,81,36,23,29,23,19,36,15]",2026-02-17,"Local pack, Video, Image, Ads bottom, People also ask, Related searches",commercial,Organic
cost of a move,40,40,70,23,3.33,https://www.firstratemovers.com/typical-move-costs-for-2024/,0,0,0.00,0.54,2680000000,"[100,80,23,33,19,19,19,33,33,33,19,19]",2026-01-31,"Sitelinks, Video, People also ask, Related searches, AI overview","commercial, informational",Organic
company moving company,89,89,70,32,7.03,https://www.firstratemovers.com/kanata/,0,0,0.00,0.49,0,"[43,0,0,12,3,0,100,9,28,28,34,6]",2026-03-08,"Knowledge panel, Video, Related searches, AI overview",informational,Organic
furniture storage ottawa,13,13,320,36,3.65,https://www.firstratemovers.com/free-storage-ottawa/,0,0,0.00,0.71,5600000,"[55,45,8,20,8,24,20,16,16,13,24,8]",2026-03-02,"Local pack, Sitelinks, Video, Ads bottom, People also ask, Popular products, Related searches",commercial,Organic
furniture storage ottawa,55,55,320,36,3.65,https://www.firstratemovers.com/ottawa-self-storage/,0,0,0.00,0.71,5600000,"[55,45,8,20,8,24,20,16,16,13,24,8]",2026-03-02,"Local pack, Sitelinks, Video, Ads bottom, People also ask, Popular products, Related searches",commercial,Organic
how much does it cost to hire a moving company,11,11,70,9,2.09,https://www.firstratemovers.com/local-ottawa-moving-rates/,0,0,0.00,0.82,0,"[63,27,18,27,63,81,63,81,100,63,63,63]",2026-03-09,"Sitelinks, Video, Related searches",informational,Organic
how much does it cost to hire a moving company,35,35,70,9,2.09,https://www.firstratemovers.com/typical-move-costs-for-2024/,0,0,0.00,0.82,0,"[63,27,18,27,63,81,63,81,100,63,63,63]",2026-03-09,"Sitelinks, Video, Related searches",informational,Organic
how much does it cost to hire a moving company,88,88,70,9,2.09,https://www.firstratemovers.com/local-ottawa-moving-rates/,0,0,0.00,0.82,0,"[63,27,18,27,63,81,63,81,100,63,63,63]",2026-03-09,"Sitelinks, Video, Related searches",informational,Organic
moving cost,92,92,480,14,3.33,https://www.firstratemovers.com/typical-move-costs-for-2024/,0,0,0.00,0.54,1480000000,"[32,32,32,39,48,48,48,39,59,72,59,48]",2026-01-29,"Sitelinks, Video, People also ask, Related searches, AI overview",informational,Organic
moving companies with movers,76,76,110,,6.74,https://www.firstratemovers.com/,0,0,0.00,0.33,34900000,"[34,100,21,9,12,65,12,34,28,28,43,43]",2026-02-03,"Local pack, Sitelinks, People also ask, Related searches",commercial,Organic
bright movers ottawa,28,28,210,22,0.00,https://www.firstratemovers.com/,0,0,0.00,0.16,349000,"[0,0,100,67,20,1,1,1,1,1,1,1]",2026-02-03,"Knowledge panel, People also ask, Related searches","informational, transactional",Organic
storage unit moving company,70,70,50,23,8.08,https://www.firstratemovers.com/our-storage/,0,0,0.00,0.66,150,"[18,100,100,100,100,18,18,18,18,18,18,18]",2026-03-24,"Local pack, Video, Image, People also ask, Related searches",commercial,Organic
hfh restore ottawa,91,91,260,,2.48,https://www.firstratemovers.com/furniture-donation-disposal/,0,0,0.00,0.21,73300,"[65,65,100,81,100,81,65,43,81,100,43,65]",2026-02-01,"Local pack, Sitelinks, Video, Image, People also ask, Related searches",navigational,Organic
cheap movers ottawa,10,10,90,38,4.63,https://www.firstratemovers.com/,0,0,0.00,0.86,2160000,"[3,2,2,4,4,2,2,3,4,5,3,4]",2026-02-25,"Local pack, Sitelinks, People also ask, Related searches",commercial,Organic
cheap movers ottawa,43,43,90,38,4.63,https://www.firstratemovers.com/local-ottawa-moving-rates/,0,0,0.00,0.86,2160000,"[3,2,2,4,4,2,2,3,4,5,3,4]",2026-02-25,"Local pack, Sitelinks, People also ask, Related searches",commercial,Organic
cheap movers ottawa,89,89,90,38,4.63,https://www.firstratemovers.com/moving-quotes/,0,0,0.00,0.86,2160000,"[3,2,2,4,4,2,2,3,4,5,3,4]",2026-02-25,"Local pack, Sitelinks, People also ask, Related searches",commercial,Organic
moving saying,50,50,110,20,0.00,https://www.firstratemovers.com/moving-quotes/,0,0,0.00,0,711000000,"[66,100,35,18,10,14,10,10,10,8,10,8]",2026-03-16,"Image pack, Sitelinks, Video, Image, Related searches, AI overview",informational,Organic
how much does it cost to rent movers,26,26,110,11,1.88,https://www.firstratemovers.com/local-ottawa-moving-rates/,0,0,0.00,0.82,12900000,"[26,42,42,53,42,53,53,53,53,42,42,34]",2026-03-05,"Sitelinks, Video, Related searches, AI overview",informational,Organic
moving with boxes,61,61,2400,41,0.83,https://www.firstratemovers.com/moving-boxes-and-supplies/,0,0,0.00,1,480000000,"[44,44,52,80,66,66,66,80,66,66,52,52]",2026-03-22,"Image pack, Sitelinks, Video, Image, Video Carousel, People also ask, Popular products, Related searches, AI overview","commercial, informational",Organic
long distance moving quotes,52,52,390,26,11.99,https://www.firstratemovers.com/long-distance-moving/,0,0,0.00,0.4,149,"[54,44,54,54,54,54,66,66,100,81,81,100]",2026-03-21,"Video, People also ask, Related searches, Discussions and forums, AI overview",informational,Organic
movers st catharines ontario,5,5,210,21,5.72,https://www.firstratemovers.com/local-ottawa-moving-rates/,0,0,0.00,0.81,127,"[28,28,23,35,54,35,23,28,35,28,35,23]",2026-03-04,"Local pack, Sitelinks, Image, People also ask, Related searches",commercial,People also ask
get moving service,50,50,110,67,0.00,https://www.firstratemovers.com/barrhaven/,0,0,0.00,0.33,1700000000,"[100,23,19,2,2,2,5,5,2,2,2,2]",2026-03-26,"Local pack, Video, Ads bottom, People also ask, Related searches",commercial,Organic
manotick tree movers,32,32,390,26,2.36,https://www.firstratemovers.com/manotick/,0,0,0.00,0.31,14100,"[15,15,15,29,54,100,54,66,66,81,54,44]",2026-02-04,"Knowledge panel, Sitelinks, People also ask, Related searches",navigational,Organic
manotick tree movers inc,40,40,260,10,2.36,https://www.firstratemovers.com/manotick/,0,0,0.00,0.31,5530,"[18,18,18,28,66,81,54,54,44,44,23,35]",2026-03-03,"Knowledge panel, Sitelinks, Video, Image, People also ask, Related searches",navigational,Organic
how much does moving house cost,15,15,90,13,1.37,https://www.firstratemovers.com/local-ottawa-moving-rates/,0,0,0.00,0.38,725000000,"[29,52,52,64,52,52,64,52,64,64,64,52]",2026-03-04,"Sitelinks, Video, People also ask, Related searches, AI overview",informational,Organic
cheapest movers,40,40,90,41,5.60,https://www.firstratemovers.com/local-ottawa-moving-rates/,0,0,0.00,0.81,55200000,"[11,26,34,26,19,19,34,34,26,42,42,53]",2026-03-25,"Local pack, Sitelinks, Video, People also ask, Related searches, AI overview",commercial,Organic
movers sterling,32,32,170,49,9.03,https://www.firstratemovers.com/,0,0,0.00,0.21,11800000,"[53,53,65,80,53,53,53,65,100,65,100,0]",2026-03-19,"Local pack, Video, Image, People also ask, Related searches",commercial,Organic
movers oakville on,2,2,70,25,0.00,https://www.firstratemovers.com/local-ottawa-moving-rates/,0,0,0.00,0,7000000,"[77,100,77,33,22]",2026-03-05,"Local pack, Image, People also ask, Related searches",commercial,People also ask
best mover,36,36,50,28,5.79,https://www.firstratemovers.com/,0,0,0.00,0.57,129000000,"[29,100,41,29,29,23,29,17,29,23,29,41]",2026-02-28,"Local pack, Sitelinks, Video, People also ask, Related searches, Discussions and forums, AI overview",commercial,Organic
single item movers,34,34,90,16,2.75,https://www.firstratemovers.com/,0,0,0.00,0.86,141,"[11,7,42,42,42,80,42,26,80,26,26,19]",2026-03-23,"Knowledge panel, Sitelinks, Video, Related searches, AI overview",informational,Organic
movers close to me,8,8,170,50,5.98,https://www.firstratemovers.com/,0,0,0.00,0.68,58300000,"[6,10,43,18,18,35,35,35,81,100,10,22]",2026-03-03,"Local pack, Video, People also ask, Related searches",commercial,Organic
storage solutions ottawa,79,79,90,35,3.79,https://www.firstratemovers.com/free-storage-ottawa/,0,0,0.00,0.99,22800000,"[28,34,28,28,34,34,21,65,53,28,6,6]",2026-02-07,"Knowledge panel, Sitelinks, Video, Image, Popular products, Related searches",commercial,Organic
moving truck with movers,26,26,50,53,4.49,https://www.firstratemovers.com/moving-trucks/,0,0,0.00,0.79,13900000,"[19,33,33,33,33,33,9,14,19,14,14,19]",2026-03-03,"Local pack, People also ask, Related searches",commercial,Organic
moving truck with movers,39,39,50,53,4.49,https://www.firstratemovers.com/consolidated-moving-services/,0,0,0.00,0.79,13900000,"[19,33,33,33,33,33,9,14,19,14,14,19]",2026-03-03,"Local pack, People also ask, Related searches",commercial,Organic
senior movers ottawa,42,42,210,16,0.00,https://www.firstratemovers.com/,0,0,0.00,0.05,647000,"[14,43,35,54,54,54,66,22,22,54,54,54]",2026-03-20,"Knowledge panel, Sitelinks, Related searches",informational,Organic
avenue moving,4,4,140,23,4.59,https://www.firstratemovers.com/local-ottawa-moving-rates/,0,0,0.00,0.27,441000000,"[53,53,53,53,53,53,42,53,65,42,42,34]",2026-03-03,"Knowledge panel, Sitelinks, Video, Image, People also ask, Related searches",navigational,People also ask
moving companies moncton nb,4,4,320,20,3.55,https://www.firstratemovers.com/local-ottawa-moving-rates/,0,0,0.00,0.84,367000,"[10,54,66,81,81,81,66,100,54,81,54,43]",2026-02-27,"Local pack, Sitelinks, Image, People also ask, Related searches",commercial,People also ask
inexpensive moving companies near me,13,13,210,12,5.69,https://www.firstratemovers.com/,0,0,0.00,0.9,183000000,"[44,35,23,35,35,23,18,23,35,44,44,23]",2026-03-05,"Local pack, Sitelinks, Video, Ads bottom, People also ask, Related searches, AI overview",transactional,Organic
inexpensive moving companies near me,21,21,210,12,5.69,https://www.firstratemovers.com/,0,0,0.00,0.9,183000000,"[44,35,23,35,35,23,18,23,35,44,44,23]",2026-03-05,"Local pack, Sitelinks, Video, Ads bottom, People also ask, Related searches, AI overview",transactional,Organic
sell furniture online,85,85,110,15,1.33,https://www.firstratemovers.com/where-can-i-sell-donate-or-dispose-of-my-belongings-in-ottawa/,0,0,0.00,0.18,355000000,"[35,78,78,78,100,64,64,100,100,100,64,78]",2026-02-18,"Sitelinks, Video, Ads bottom, Video Carousel, People also ask, Related searches, Discussions and forums, AI overview",informational,Organic
packers movers near me,30,30,210,24,7.01,https://www.firstratemovers.com/ottawa-packing-services/,0,0,0.00,0.84,10200000,"[29,35,54,29,100,35,2,29,54,66,29,18]",2026-02-03,"Local pack, Video, Ads bottom, People also ask, Related searches",transactional,Organic
cargo cabbie north york,3,3,170,29,0.00,https://www.firstratemovers.com/local-ottawa-moving-rates/,0,0,0.00,0,17000,"[100,0,0,0,0,0,0,0,0,0]",2026-02-14,"Knowledge panel, Sitelinks, Video, Image, People also ask, Related searches",navigational,People also ask
moving box,41,41,1300,32,0.84,https://www.firstratemovers.com/moving-boxes-and-supplies/,0,0,0.00,1,1630000000,"[36,27,44,36,44,36,44,36,36,36,36,36]",2026-02-02,"Sitelinks, Video, Image, Ads bottom, Video Carousel, People also ask, Popular products, Related searches",transactional,Organic
reliable moving services,27,27,110,14,6.12,https://www.firstratemovers.com/,0,0,0.00,0.57,289000000,"[42,42,7,42,34,53,42,34,42,53,42,26]",2026-02-28,"Local pack, Video, People also ask, Related searches","commercial, navigational",Organic
where to get cheap moving boxes,41,41,320,35,1.03,https://www.firstratemovers.com/moving-boxes-and-supplies/,0,0,0.00,0.99,98100000,"[43,66,66,66,66,54,54,66,66,81,43,81]",2026-02-07,"Local pack, Sitelinks, Video, Image, People also ask, Popular products, Related searches",transactional,Organic
cheapest local movers near me,62,62,50,32,2.83,https://www.firstratemovers.com/,0,0,0.00,0.97,13800000,"[42,100,53,19,0,0,0,3,3,3,11,11]",2026-02-27,"Local pack, Sitelinks, People also ask, Related searches, Discussions and forums, AI overview",transactional,Organic
professional moving,14,14,50,59,3.79,https://www.firstratemovers.com/,0,0,0.00,0.24,1500000000,"[64,0,17,23,17,29,82,23,23,41,17,29]",2026-02-26,"Local pack, People also ask, Related searches",commercial,Organic
moving companies in ottawa,50,50,260,41,6.95,https://www.firstratemovers.com/local-ottawa-moving-rates/,0,0,0.00,0.86,84100000,"[23,67,4,4,44,54,12,36,29,23,36,19]",2026-02-09,"Local pack, Sitelinks, Video, People also ask, Related searches",commercial,Organic
moving companies in ottawa,83,83,260,41,6.95,https://www.firstratemovers.com/ottawa-packing-services/,0,0,0.00,0.86,84100000,"[23,67,4,4,44,54,12,36,29,23,36,19]",2026-02-09,"Local pack, Sitelinks, Video, People also ask, Related searches",commercial,Organic
how much to transport a house,94,94,70,22,1.36,https://www.firstratemovers.com/typical-move-costs-for-2024/,0,0,0.00,0.42,618000000,"[45,81,63,63,63,63,81,63,63,45,63,18]",2026-02-23,"Sitelinks, Video, Related searches, Discussions and forums, AI overview",informational,Organic
moving storage box,43,43,390,61,2.49,https://www.firstratemovers.com/moving-boxes-and-supplies/,0,0,0.00,1,230000000,"[44,44,44,54,44,44,44,44,44,100,54,54]",2026-02-10,"Local pack, Sitelinks, Video, Image, Ads bottom, Popular products, Related searches",commercial,Organic
moving comoany,72,72,90,64,7.03,https://www.firstratemovers.com/,0,0,0.00,0.66,0,"[35,2,2,0,2,2,82,7,23,100,28,2]",2026-03-08,"Local pack, Video, Image, Related searches",commercial,Organic
movers cost per hour,20,20,50,10,2.46,https://www.firstratemovers.com/local-ottawa-moving-rates/,0,0,0.00,0.76,15800000,"[33,55,55,55,44,77,55,77,55,100,77,100]",2026-02-02,"Sitelinks, Video, Featured snippet, Ads bottom, People also ask, Related searches, Discussions and forums",informational,Organic
move storage,18,18,320,59,7.04,https://www.firstratemovers.com/free-storage-ottawa/,0,0,0.00,0.31,1170000000,"[29,36,29,36,36,36,36,36,36,44,44,29]",2026-02-08,"Sitelinks, Video, People also ask, Related searches, AI overview",commercial,Organic
first rater,34,34,140,45,0.00,https://www.firstratemovers.com/reviews/,0,0,0.00,0.01,4280000000,"[82,100,82,82,82,82,82,82,82,64,52,64]",2026-02-17,"Sitelinks, Video, People also ask, Related searches, AI overview",informational,Organic
first rater,74,74,140,45,0.00,https://www.firstratemovers.com/reviews/,0,0,0.00,0.01,4280000000,"[82,100,82,82,82,82,82,82,82,64,52,64]",2026-02-17,"Sitelinks, Video, People also ask, Related searches, AI overview",informational,Organic
first rater,83,83,140,45,0.00,https://www.firstratemovers.com/reviews/,0,0,0.00,0.01,4280000000,"[82,100,82,82,82,82,82,82,82,64,52,64]",2026-02-17,"Sitelinks, Video, People also ask, Related searches, AI overview",informational,Organic
your move ottawa,10,10,50,37,3.35,https://www.firstratemovers.com/,0,0,0.00,0.29,0,"[14,14,14,14,14,78,100,78,78,14,14,14]",2026-03-08,"Knowledge panel, Sitelinks, Video",navigational,Organic
your move ottawa,22,22,50,37,3.35,https://www.firstratemovers.com/,0,0,0.00,0.29,0,"[14,14,14,14,14,78,100,78,78,14,14,14]",2026-03-08,"Knowledge panel, Sitelinks, Video",navigational,Organic
trust movers,23,23,110,19,3.03,https://www.firstratemovers.com/,0,0,0.00,0.15,0,"[9,9,9,80,9,9,100,100,100,66,80,52]",2026-03-08,"Knowledge panel, Video, Related searches",commercial,Organic
bradford moving,6,6,110,17,3.99,https://www.firstratemovers.com/local-ottawa-moving-rates/,0,0,0.00,0.53,49500000,"[42,42,11,42,15,15,42,65,65,53,53,26]",2026-02-14,"Knowledge panel, Sitelinks, Video, People also ask, Related searches",navigational,People also ask
thornhill moving companies,4,4,90,14,8.02,https://www.firstratemovers.com/local-ottawa-moving-rates/,0,0,0.00,0.62,784000,"[53,53,53,42,80,19,7,19,19,15,42,26]",2026-03-03,"Local pack, Image, People also ask, Related searches",commercial,People also ask
cheapest packing boxes,94,94,320,32,1.11,https://www.firstratemovers.com/moving-boxes-and-supplies/,0,0,0.00,0.8,35500000,"[43,66,54,66,66,66,54,66,66,81,66,66]",2026-02-17,"Sitelinks, Video, Image, Ads top, Ads bottom, Popular products, Related searches, Discussions and forums",commercial,Organic
how much a moving company charge,11,11,140,15,2.20,https://www.firstratemovers.com/local-ottawa-moving-rates/,0,0,0.00,0.79,477000000,"[64,82,82,82,82,82,82,82,64,100,52,52]",2026-03-03,"Sitelinks, Video, People also ask, Related searches, Discussions and forums, AI overview",informational,Organic
movers professional,5,5,50,56,2.49,https://www.firstratemovers.com/,0,0,0.00,0.29,98500000,"[14,14,14,14,14,14,100,64,78,21,21,21]",2026-02-16,"Local pack, Video, Ads top, Ads bottom, People also ask, Related searches",commercial,Organic
movers professional,39,39,50,56,2.49,https://www.firstratemovers.com/stittsville/,0,0,0.00,0.29,98500000,"[14,14,14,14,14,14,100,64,78,21,21,21]",2026-02-16,"Local pack, Video, Ads top, Ads bottom, People also ask, Related searches",commercial,Organic
how to pack a dining table for moving,47,47,110,5,0.00,https://www.firstratemovers.com/packing-your-dining-room/,0,0,0.00,0,19200000,"[0,21,21,65,21,34,0,0,100,28,43]",2026-02-28,"Sitelinks, Video, Video Carousel, People also ask, Related searches, Short videos, Discussions and forums, AI overview",informational,Organic
low cost moving company,13,13,170,45,7.21,https://www.firstratemovers.com/,0,0,0.00,0.69,327000000,"[43,43,43,54,43,35,29,14,22,35,29,29]",2026-02-17,"Local pack, Sitelinks, Ads bottom, People also ask, Related searches",commercial,Organic
my ninja movers,3,3,210,31,4.53,https://www.firstratemovers.com/local-ottawa-moving-rates/,0,0,0.00,0.42,3640000,"[35,53,43,35,66,53,66,82,53,53,53,35]",2026-02-27,"Knowledge panel, Sitelinks, Video, People also ask, Related searches",navigational,People also ask
toronto to ottawa movers,30,30,110,7,8.14,https://www.firstratemovers.com/,0,0,0.00,0.44,2420000,"[82,64,52,82,100,52,41,52,52,41,64,41]",2026-02-05,"Sitelinks, Image, Ads bottom, People also ask, Related searches",commercial,Organic
professional movers.,21,21,170,60,0.00,https://www.firstratemovers.com/,0,0,0.00,0,69600000,"[66,81,81,100,0,0,0,0,0,0,0,0]",2026-03-22,"Local pack, Video, People also ask, Related searches",commercial,Organic
professional movers.,53,53,170,60,0.00,https://www.firstratemovers.com/,0,0,0.00,0,69600000,"[66,81,81,100,0,0,0,0,0,0,0,0]",2026-03-22,"Local pack, Video, People also ask, Related searches",commercial,Organic
moving companies quote,89,89,390,47,10.30,https://www.firstratemovers.com/moving-quotes/,0,0,0.00,0.6,0,"[54,54,66,66,66,81,66,66,81,66,66,66]",2026-03-07,"Video, Ads bottom, Related searches, AI overview",commercial,Organic
where to get moving boxes,46,46,1000,42,0.97,https://www.firstratemovers.com/moving-boxes-and-supplies/,0,0,0.00,1,230,"[67,76,76,76,76,76,100,67,100,45,45,55]",2026-03-12,"Local pack, Sitelinks, Video, Image, Popular products, Related searches, AI overview",transactional,Organic
where can you sell used furniture,19,19,110,17,1.05,https://www.firstratemovers.com/where-can-i-sell-donate-or-dispose-of-my-belongings-in-ottawa/,0,0,0.00,0.55,411000000,"[50,78,78,78,78,100,78,50,78,78,64,64]",2026-02-10,"Local pack, Sitelinks, Video, People also ask, Related searches, Discussions and forums",commercial,Organic
movers and storage near me,34,34,140,18,5.07,https://www.firstratemovers.com/our-storage/,0,0,0.00,0.45,144,"[23,36,12,12,5,15,19,19,12,10,10,12]",2026-03-20,"Local pack, Video, Related searches",transactional,Organic
moving a furniture,1,1,210,20,4.04,https://www.firstratemovers.com/typical-move-costs-for-2024/,0,0,0.00,0.55,296000000,"[81,65,65,53,100,81,81,9,15,65,43,100]",2026-02-15,"Local pack, Sitelinks, Video, Video Carousel, People also ask, Related searches, Short videos, AI overview",informational,People also ask
cost to move apartment cross country,85,85,320,14,0.00,https://www.firstratemovers.com/typical-move-costs-for-2024/,0,0,0.00,0.33,118000000,"[4,13,10,13,13,13,10,13,13,16,13,13]",2026-02-03,"Sitelinks, Video, Ads top, Ads bottom, People also ask, Related searches, Discussions and forums, AI overview","commercial, informational",Organic
after hours moving company,56,56,880,17,2.25,https://www.firstratemovers.com/local-ottawa-moving-rates/,0,0,0.00,0.02,506000000,"[81,81,81,100,100,8,13,30,62,13,8,13]",2026-03-01,"Local pack, Video, People also ask, Related searches",commercial,Organic
orleans moving companies,31,31,170,14,4.55,https://www.firstratemovers.com/,0,0,0.00,0.75,23800000,"[18,29,29,22,43,29,54,43,35,66,35,35]",2026-02-28,"Local pack, Video, Image, People also ask, Related searches",commercial,Organic
orleans moving companies,86,86,170,14,4.55,https://www.firstratemovers.com/ottawa-packing-services/,0,0,0.00,0.75,23800000,"[18,29,29,22,43,29,54,43,35,66,35,35]",2026-02-28,"Local pack, Video, Image, People also ask, Related searches",commercial,Organic
moving boxes prices,17,17,50,26,0.99,https://www.firstratemovers.com/moving-boxes-and-supplies/,0,0,0.00,0.99,0,"[14,14,14,14,78,78,78,78,78,14,14,14]",2026-03-16,"Video, Image, Popular products, Related searches",transactional,Organic
db movers ottawa,23,23,70,28,0.00,https://www.firstratemovers.com/,0,0,0.00,0.04,37300,"[14,78,78,14,78,78,78,64,50,50,50,50]",2026-01-28,"Knowledge panel, Sitelinks, Video, People also ask, Related searches",navigational,Organic
moving help by the hour,43,43,90,21,2.36,https://www.firstratemovers.com/local-moving-in-ottawa/,0,0,0.00,0.89,125,"[4,4,4,29,29,10,43,22,22,18,10,10]",2026-03-08,"Knowledge panel, Video, Related searches, AI overview","commercial, informational",Organic
movers sault ste marie,2,2,140,15,1.68,https://www.firstratemovers.com/local-ottawa-moving-rates/,0,0,0.00,0.57,76500,"[23,23,18,35,23,23,18,28,28,23,23,23]",2026-02-28,"Local pack, Image, People also ask, Related searches",commercial,People also ask
how to pack for movers,16,0,170,10,0.60,https://www.firstratemovers.com/how-to-pack-for-your-move/,0,0,0.00,0.66,38300000,"[53,28,65,65,65,81,81,65,53,43,43,28]",2026-03-27,"Sitelinks, Video, Video Carousel, Related searches, Short videos, Discussions and forums, AI overview",informational,Organic
how to pack for movers,62,0,170,10,0.60,https://www.firstratemovers.com/packing-hints-and-tips/,0,0,0.00,0.66,38300000,"[53,28,65,65,65,81,81,65,53,43,43,28]",2026-03-27,"Sitelinks, Video, Video Carousel, Related searches, Short videos, Discussions and forums, AI overview",informational,Organic
relocation movers,1,1,70,58,4.88,https://www.firstratemovers.com/typical-move-costs-for-2024/,0,0,0.00,1,13100000,"[3,3,3,3,3,3,100,5,3,1,3,11]",2026-02-09,"Local pack, Video, People also ask, Related searches",commercial,People also ask
classic movers ottawa,20,20,70,25,2.27,https://www.firstratemovers.com/,0,0,0.00,0.43,0,"[52,41,52,82,64,41,41,29,64,41,23,11]",2026-03-11,"Knowledge panel, Sitelinks, Related searches",navigational,Organic
hire movers toronto,64,64,90,41,8.46,https://www.firstratemovers.com/moving-from-ottawa-to-toronto/,0,0,0.00,1,0,"[1,1,1,1,1,1,3,4,3,3,5,5]",2026-03-16,"Knowledge panel, Sitelinks, Video, Related searches, AI overview",commercial,Organic
office movers ottawa,14,14,50,40,10.39,https://www.firstratemovers.com/,0,0,0.00,0.79,1430000,"[18,18,18,18,18,18,18,81,81,81,100,100]",2026-02-21,"Local pack, Image, Related searches",commercial,Organic
cross country movers,59,59,880,21,10.05,https://www.firstratemovers.com/long-distance-moving/,0,0,0.00,0.3,14000000,"[4,8,5,13,10,10,16,18,18,24,24,24]",2026-02-14,"Knowledge panel, Sitelinks, Video, Ads bottom, People also ask, Related searches, Ads middle, AI overview",informational,Organic
long haul movers,21,21,390,24,7.59,https://www.firstratemovers.com/long-distance-moving/,0,0,0.00,0.45,79800000,"[54,54,54,54,54,54,54,81,81,100,81,81]",2026-02-04,"Local pack, Sitelinks, Video, People also ask, Related searches",commercial,Organic
one day moving company,24,24,320,31,7.08,https://www.firstratemovers.com/stittsville/,0,0,0.00,0.24,1170000000,"[43,100,66,54,81,100,54,54,54,35,29,54]",2026-02-17,"Knowledge panel, Sitelinks, Ads bottom, People also ask, Related searches, AI overview","commercial, informational",Organic
one day moving company,99,99,320,31,7.08,https://www.firstratemovers.com/local-ottawa-moving-rates/,0,0,0.00,0.24,1170000000,"[43,100,66,54,81,100,54,54,54,35,29,54]",2026-02-17,"Knowledge panel, Sitelinks, Ads bottom, People also ask, Related searches, AI overview","commercial, informational",Organic
moving company tips,55,55,110,10,0.40,https://www.firstratemovers.com/faq/,0,0,0.00,0.05,726000000,"[64,64,52,82,82,82,82,82,100,52,52,52]",2026-02-17,"Sitelinks, Video, Video Carousel, People also ask, Related searches, Discussions and forums, AI overview",informational,Organic
reliable movers,34,34,140,22,6.12,https://www.firstratemovers.com/,0,0,0.00,0.57,26900000,"[12,12,2,12,10,19,23,19,19,19,15,15]",2026-01-28,"Local pack, Sitelinks, Video, People also ask, Related searches",commercial,Organic
moving boxes cheapest,23,23,320,34,0.93,https://www.firstratemovers.com/moving-boxes-and-supplies/,0,0,0.00,1,76200000,"[43,66,66,81,66,66,22,66,66,81,81,43]",2026-02-25,"Sitelinks, Video, Image, Video Carousel, People also ask, Popular products, Related searches, AI overview","commercial, informational",Organic
how much does moving a house cost,40,40,90,5,1.37,https://www.firstratemovers.com/typical-move-costs-for-2024/,0,0,0.00,0.34,129,"[81,45,45,45,100,100,100,81,81,63,81,45]",2026-03-17,"Sitelinks, Video, Related searches, AI overview",informational,Organic
top moving companies,16,16,70,27,6.38,https://www.firstratemovers.com/,0,0,0.00,0.55,0,"[36,36,36,36,63,81,81,63,100,100,63,63]",2026-03-08,"Local pack, Sitelinks, Video, Related searches, Discussions and forums, Ads middle",commercial,Organic
top moving companies,20,20,70,27,6.38,https://www.firstratemovers.com/,0,0,0.00,0.55,0,"[36,36,36,36,63,81,81,63,100,100,63,63]",2026-03-08,"Local pack, Sitelinks, Video, Related searches, Discussions and forums, Ads middle",commercial,Organic
small moving company near me,46,46,110,42,3.79,https://www.firstratemovers.com/stittsville/,0,0,0.00,0.97,1580000000,"[23,23,41,52,82,64,82,82,82,82,100,64]",2026-03-21,"Local pack, Video, People also ask, Related searches",transactional,Organic
cheap boxes moving,40,40,390,43,0.91,https://www.firstratemovers.com/moving-boxes-and-supplies/,0,0,0.00,1,91700000,"[54,54,81,54,54,66,66,54,81,54,44,81]",2026-03-25,"Local pack, Sitelinks, Video, Image, Popular products, Related searches",commercial,Organic
moving estimates,16,16,90,14,6.87,https://www.firstratemovers.com/detailed-moving-estimates/,0,0,0.00,0.81,217000000,"[3,3,26,42,34,42,42,53,34,65,53,11]",2026-02-26,"Video, People also ask, Related searches, AI overview","commercial, informational",Organic
moving estimates,58,58,90,14,6.87,https://www.firstratemovers.com/local-ottawa-moving-rates/,0,0,0.00,0.81,217000000,"[3,3,26,42,34,42,42,53,34,65,53,11]",2026-02-26,"Video, People also ask, Related searches, AI overview","commercial, informational",Organic
moving estimates,61,61,90,14,6.87,https://www.firstratemovers.com/local-ottawa-moving-rates/,0,0,0.00,0.81,217000000,"[3,3,26,42,34,42,42,53,34,65,53,11]",2026-02-26,"Video, People also ask, Related searches, AI overview","commercial, informational",Organic
versatile moving,7,7,110,25,0.00,https://www.firstratemovers.com/typical-move-costs-for-2024/,0,0,0.00,0,89700000,"[17,17,23,53,43,17,5,17,12,12,10,100]",2026-02-15,"Knowledge panel, Sitelinks, Video, People also ask",navigational,People also ask
home moving companies near me,1,1,110,33,4.62,https://www.firstratemovers.com/typical-move-costs-for-2024/,0,0,0.00,0.48,812000000,"[52,41,29,82,64,64,100,41,41,82,52,52]",2026-02-15,"Local pack, Video, People also ask, Related searches",transactional,People also ask
moving from toronto to ottawa,25,25,170,5,8.14,https://www.firstratemovers.com/moving-from-ottawa-to-toronto/,0,0,0.00,0.44,64400000,"[43,43,43,81,15,53,12,65,65,65,65,65]",2026-02-21,"Sitelinks, Video, Video Carousel, People also ask, Related searches, Discussions and forums, AI overview",informational,Organic
moving from toronto to ottawa,91,91,170,5,8.14,https://www.firstratemovers.com/what-to-know-about-moving-from-ottawa-to-toronto/,0,0,0.00,0.44,64400000,"[43,43,43,81,15,53,12,65,65,65,65,65]",2026-02-21,"Sitelinks, Video, Video Carousel, People also ask, Related searches, Discussions and forums, AI overview",informational,Organic
looking for moving boxes,42,42,320,30,0.00,https://www.firstratemovers.com/moving-boxes-and-supplies/,0,0,0.00,0.45,96400000,"[66,66,66,66,66,66,54,66,66,66,66,43]",2026-02-17,"Local pack, Sitelinks, Video, Image, People also ask, Popular products, Related searches","informational, transactional",Organic
cheapest moving boxes,28,28,390,36,1.50,https://www.firstratemovers.com/moving-boxes-and-supplies/,0,0,0.00,1,111000000,"[54,44,66,54,54,54,54,54,81,66,54,81]",2026-03-27,"Local pack, Sitelinks, Video, Image, Video Carousel, People also ask, Popular products, Related searches, Discussions and forums",commercial,Organic
cheapest moving boxes,31,31,390,36,1.50,https://www.firstratemovers.com/moving-boxes-and-supplies/,0,0,0.00,1,111000000,"[54,44,66,54,54,54,54,54,81,66,54,81]",2026-03-27,"Local pack, Sitelinks, Video, Image, Video Carousel, People also ask, Popular products, Related searches, Discussions and forums",commercial,Organic
cheapest moving boxes,45,45,390,36,1.50,https://www.firstratemovers.com/moving-boxes-and-supplies/,0,0,0.00,1,111000000,"[54,44,66,54,54,54,54,54,81,66,54,81]",2026-03-27,"Local pack, Sitelinks, Video, Image, Video Carousel, People also ask, Popular products, Related searches, Discussions and forums",commercial,Organic
flat rate movers edmonton,62,62,70,14,4.93,https://www.firstratemovers.com/local-ottawa-moving-rates/,0,0,0.00,0.9,0,"[5,5,6,11,8,8,15,15,15,11,11,8]",2026-03-08,"Knowledge panel, Related searches, AI overview",commercial,Organic
good moving boxes,32,32,90,32,0.78,https://www.firstratemovers.com/moving-boxes-and-supplies/,0,0,0.00,0.96,341000000,"[41,52,82,64,41,82,52,52,100,29,41,29]",2026-03-26,"Local pack, Sitelinks, Video, Image, Video Carousel, People also ask, Popular products, Related searches, Discussions and forums",commercial,Organic
moving companies for hire,75,75,110,,4.49,https://www.firstratemovers.com/ottawa-packing-services/,0,0,0.00,0.97,150000000,"[43,43,65,81,100,0,53,0,3,0,6,3]",2026-02-09,"Local pack, People also ask, Related searches",commercial,Organic
cost for movers,36,36,110,,3.33,https://www.firstratemovers.com/local-ottawa-moving-rates/,0,0,0.00,0.54,81400000,"[0,6,3,3,1,6,100,6,6,81,3,3]",2026-02-09,"Sitelinks, Video, People also ask, Related searches, AI overview",informational,Organic
cost for movers,76,76,110,,3.33,https://www.firstratemovers.com/typical-move-costs-for-2024/,0,0,0.00,0.54,81400000,"[0,6,3,3,1,6,100,6,6,81,3,3]",2026-02-09,"Sitelinks, Video, People also ask, Related searches, AI overview",informational,Organic
piano moving price,18,18,70,4,1.82,https://www.firstratemovers.com/ottawa-piano-movers/,0,0,0.00,0.18,55200000,"[5,41,23,29,11,5,0,52,64,52,82,100]",2026-02-16,"Sitelinks, Video, People also ask, Related searches, Discussions and forums, AI overview",commercial,Organic
moving house service,14,14,70,51,5.86,https://www.firstratemovers.com/,0,0,0.00,0.74,1390000000,"[28,28,50,78,78,100,100,50,28,35,28,21]",2026-02-10,"Local pack, Video, People also ask, Related searches",commercial,Organic
moving house service,68,68,70,51,5.86,https://www.firstratemovers.com/,0,0,0.00,0.74,1390000000,"[28,28,50,78,78,100,100,50,28,35,28,21]",2026-02-10,"Local pack, Video, People also ask, Related searches",commercial,Organic
buy moving boxes,55,55,720,40,1.07,https://www.firstratemovers.com/moving-boxes-and-supplies/,0,0,0.00,1,177000000,"[36,36,36,45,45,36,45,67,76,76,55,67]",2026-02-14,"Local pack, Sitelinks, Video, Image, Ads bottom, People also ask, Popular products, Related searches",transactional,Organic
avenue moving and storage,3,3,210,22,1.43,https://www.firstratemovers.com/how-to-choose-a-good-moving-company/,0,0,0.00,0.05,24800000,"[80,80,42,53,42,65,100,100,100,100,100,100]",2026-03-05,"Knowledge panel, Sitelinks, People also ask, Related searches",navigational,People also ask
avenue moving and storage,3,3,210,22,1.43,https://www.firstratemovers.com/,0,0,0.00,0.05,24800000,"[80,80,42,53,42,65,100,100,100,100,100,100]",2026-03-05,"Knowledge panel, Sitelinks, People also ask, Related searches",navigational,People also ask
box moving,45,45,390,42,3.89,https://www.firstratemovers.com/moving-boxes-and-supplies/,0,0,0.00,0.88,1450000000,"[44,54,44,54,44,54,44,44,44,66,54,54]",2026-02-19,"Local pack, Video, Image, Popular products, Related searches",commercial,Organic
box moving,57,57,390,42,3.89,https://www.firstratemovers.com/moving-boxes-and-supplies/,0,0,0.00,0.88,1450000000,"[44,54,44,54,44,54,44,44,44,66,54,54]",2026-02-19,"Local pack, Video, Image, Popular products, Related searches",commercial,Organic
movers cost,99,99,390,18,3.28,https://www.firstratemovers.com/typical-move-costs-for-2024/,0,0,0.00,0.61,0,"[44,54,67,44,44,67,44,54,54,29,29,36]",2026-03-15,"Video, Related searches, AI overview",informational,Organic
movers with truck,15,15,70,29,2.83,https://www.firstratemovers.com/local-ottawa-moving-rates/,0,0,0.00,0.51,25900000,"[52,100,23,41,23,17,5,17,29,82,29,41]",2026-02-03,"Local pack, Image pack, Video, Ads bottom, People also ask, Related searches",commercial,Organic
movers with truck,62,62,70,29,2.83,https://www.firstratemovers.com/consolidated-moving-services/,0,0,0.00,0.51,25900000,"[52,100,23,41,23,17,5,17,29,82,29,41]",2026-02-03,"Local pack, Image pack, Video, Ads bottom, People also ask, Related searches",commercial,Organic
movers with truck,70,70,70,29,2.83,https://www.firstratemovers.com/moving-trucks/,0,0,0.00,0.51,25900000,"[52,100,23,41,23,17,5,17,29,82,29,41]",2026-02-03,"Local pack, Image pack, Video, Ads bottom, People also ask, Related searches",commercial,Organic
how much is a moving company cost,12,12,210,14,2.53,https://www.firstratemovers.com/local-ottawa-moving-rates/,0,0,0.00,0.83,744000000,"[81,100,18,43,100,66,18,29,29,29,22,14]",2026-03-03,"Sitelinks, Video, People also ask, Related searches, AI overview",informational,Organic
packing movers,13,13,90,9,4.19,https://www.firstratemovers.com/ottawa-packing-services/,0,0,0.00,0.74,153,"[52,33,42,66,42,52,33,33,23,23,23,23]",2026-03-27,"Local pack, Video, People also ask, Related searches",commercial,Organic
long term storage,95,95,480,26,5.69,https://www.firstratemovers.com/free-storage-ottawa/,0,0,0.00,0.01,234,"[3,2,3,3,3,10,8,8,7,10,8,100]",2026-03-18,"Local pack, Video, Related searches, AI overview",informational,Organic
best place to buy boxes for moving house,26,26,320,32,0.00,https://www.firstratemovers.com/moving-boxes-and-supplies/,0,0,0.00,0.33,165000000,"[54,54,44,54,54,54,54,66,54,66,66,54]",2026-02-04,"Local pack, Sitelinks, Video, Image, People also ask, Popular products, Related searches, Discussions and forums",commercial,Organic
moving company in oshawa,5,5,90,28,8.27,https://www.firstratemovers.com/local-ottawa-moving-rates/,0,0,0.00,0.6,913000,"[0,0,2,6,6,8,6,43,43,35,43,35]",2026-03-03,"Local pack, Image, People also ask, Related searches",commercial,People also ask
cheap long distance movers,15,15,480,38,6.29,https://www.firstratemovers.com/long-distance-moving/,0,0,0.00,0.13,22000000,"[16,20,31,25,20,16,31,31,37,25,31,37]",2026-03-22,"Local pack, Video, Related searches, Discussions and forums, AI overview",informational,Organic
movers oakville,1,1,390,49,10.41,https://www.firstratemovers.com/local-ottawa-moving-rates/,0,0,0.00,0.87,646000,"[19,15,19,23,29,54,36,67,54,67,67,67]",2026-02-17,"Local pack, Image, People also ask, Related searches",commercial,People also ask
top long distance movers,56,56,210,,9.18,https://www.firstratemovers.com/long-distance-moving/,0,0,0.00,0.04,22300000,"[28,43,66,43,35,43,53,53,43,100,82,66]",2026-03-03,"Sitelinks, Video, Ads bottom, People also ask, Related searches, Discussions and forums, Ads middle, AI overview",commercial,Organic
ottawa moving,28,28,110,37,7.83,https://www.firstratemovers.com/local-ottawa-moving-rates/,0,0,0.00,0.41,0,"[5,5,5,8,5,5,16,16,10,8,10,8]",2026-03-06,"Local pack, Sitelinks, Video, Image, Related searches",commercial,Organic
ottawa moving,49,49,110,37,7.83,https://www.firstratemovers.com/local-ottawa-moving-rates/,0,0,0.00,0.41,0,"[5,5,5,8,5,5,16,16,10,8,10,8]",2026-03-06,"Local pack, Sitelinks, Video, Image, Related searches",commercial,Organic
ottawa moving,52,52,110,37,7.83,https://www.firstratemovers.com/local-ottawa-moving-rates/,0,0,0.00,0.41,0,"[5,5,5,8,5,5,16,16,10,8,10,8]",2026-03-06,"Local pack, Sitelinks, Video, Image, Related searches",commercial,Organic
ottawa moving,87,87,110,37,7.83,https://www.firstratemovers.com/ottawa-packing-services/,0,0,0.00,0.41,0,"[5,5,5,8,5,5,16,16,10,8,10,8]",2026-03-06,"Local pack, Sitelinks, Video, Image, Related searches",commercial,Organic
cheapest moving companies,12,12,90,24,4.58,https://www.firstratemovers.com/local-ottawa-moving-rates/,0,0,0.00,0.93,356000000,"[11,26,26,19,26,26,26,53,42,53,53,65]",2026-02-27,"Sitelinks, Video, People also ask, Related searches, Discussions and forums, AI overview",commercial,Organic
cheapest moving companies,96,96,90,24,4.58,https://www.firstratemovers.com/,0,0,0.00,0.93,356000000,"[11,26,26,19,26,26,26,53,42,53,53,65]",2026-02-27,"Sitelinks, Video, People also ask, Related searches, Discussions and forums, AI overview",commercial,Organic
ottawa residential moving,56,56,210,44,0.00,https://www.firstratemovers.com/local-ottawa-moving-rates/,0,0,0.00,0.33,7680000,"[42,19,80,80,100,100,80,100,53,42,65,80]",2026-02-07,"Local pack, People also ask, Related searches",commercial,Organic
ottawa residential moving,98,98,210,44,0.00,https://www.firstratemovers.com/ottawa-packing-services/,0,0,0.00,0.33,7680000,"[42,19,80,80,100,100,80,100,53,42,65,80]",2026-02-07,"Local pack, People also ask, Related searches",commercial,Organic
moving boxes packages,83,83,320,13,1.41,https://www.firstratemovers.com/moving-boxes-and-supplies/,0,0,0.00,0.63,56200000,"[43,66,54,66,66,66,66,66,66,100,81,29]",2026-02-13,"Sitelinks, Video, Image, Ads bottom, Popular products, Related searches, Discussions and forums, AI overview",commercial,Organic
furniture movers,31,31,1300,14,4.21,https://www.firstratemovers.com/professional-hoisting/,0,0,0.00,0.77,0,"[10,13,20,24,27,24,100,66,36,52,52,36]",2026-03-15,"Local pack, Sitelinks, Popular products, Related searches",commercial,Organic
michael moving,6,6,50,25,3.33,https://www.firstratemovers.com/local-ottawa-moving-rates/,0,0,0.00,0.52,865000000,"[18,63,18,18,18,18,18,100,100,36,63,27]",2026-02-16,"Knowledge panel, Image pack, Sitelinks, Video, Ads bottom, People also ask, Related searches",navigational,People also ask
moving company estimate,10,10,70,7,6.11,https://www.firstratemovers.com/ottawa-moving-estimates/,0,0,0.00,0.7,0,"[52,41,52,41,100,41,41,41,52,29,23,29]",2026-03-09,"Video, Related searches, AI overview",commercial,Organic
storage units ottawa,30,30,1300,39,3.83,https://www.firstratemovers.com/free-storage-ottawa/,0,0,0.00,0.78,17100000,"[54,41,79,36,79,54,36,66,66,66,66,54]",2026-03-25,"Local pack, Image, People also ask, Related searches",commercial,Organic
how much moving company cost,16,16,140,10,2.53,https://www.firstratemovers.com/local-ottawa-moving-rates/,0,0,0.00,0.83,1210000000,"[100,28,2,5,43,17,7,43,43,53,28,23]",2026-02-03,"Sitelinks, Video, People also ask, Related searches, AI overview",informational,Organic
short term storage,24,24,170,40,6.18,https://www.firstratemovers.com/free-storage-ottawa/,0,0,0.00,0.26,653000000,"[33,42,66,66,52,100,100,80,100,80,100,80]",2026-03-24,"Local pack, Video, People also ask, Related searches",commercial,Organic
gatineau movers,74,74,170,32,4.12,https://www.firstratemovers.com/,0,0,0.00,0.47,278000,"[4,4,0,1,1,1,12,23,29,100,44,29]",2026-02-26,"Local pack, Sitelinks, Image, People also ask, Related searches",commercial,Organic
moving a,26,26,70,,0.00,https://www.firstratemovers.com/local-ottawa-moving-rates/,0,0,0.00,0.03,1640000000,"[0,0,0,0,0,0,16,20,0,1,2,0]",2026-02-06,"Image pack, Video, Video Carousel, People also ask, Related searches, AI overview",informational,Organic
medium moving boxes,36,36,90,33,0.58,https://www.firstratemovers.com/moving-boxes-and-supplies/,0,0,0.00,0.87,78900000,"[12,15,15,15,21,28,28,28,15,43,43,28]",2026-02-28,"Image pack, Sitelinks, Video, Image, People also ask, Popular products, Related searches","informational, transactional",Organic
self storage moving,19,19,50,26,8.08,https://www.firstratemovers.com/free-storage-ottawa/,0,0,0.00,0.62,296000000,"[18,100,100,100,100,18,18,18,18,18,18,18]",2026-03-24,"Local pack, Video, Image, Related searches",commercial,Organic
self storage moving,20,20,50,26,8.08,https://www.firstratemovers.com/free-storage-ottawa/,0,0,0.00,0.62,296000000,"[18,100,100,100,100,18,18,18,18,18,18,18]",2026-03-24,"Local pack, Video, Image, Related searches",commercial,Organic
self storage moving,53,53,50,26,8.08,https://www.firstratemovers.com/our-storage/,0,0,0.00,0.62,296000000,"[18,100,100,100,100,18,18,18,18,18,18,18]",2026-03-24,"Local pack, Video, Image, Related searches",commercial,Organic
self storage moving,90,90,50,26,8.08,https://www.firstratemovers.com/our-storage/,0,0,0.00,0.62,296000000,"[18,100,100,100,100,18,18,18,18,18,18,18]",2026-03-24,"Local pack, Video, Image, Related searches",commercial,Organic
best price moving boxes,19,19,320,40,1.66,https://www.firstratemovers.com/moving-boxes-and-supplies/,0,0,0.00,0.5,0,"[20,16,20,20,20,20,20,20,20,20,13,30]",2026-03-13,"Sitelinks, Video, Image, Popular products, Related searches, Discussions and forums",commercial,Organic
movers belleville,2,2,50,25,3.01,https://www.firstratemovers.com/local-ottawa-moving-rates/,0,0,0.00,0.61,463000,"[0,0,0,0,28,21,21,100,100,100,50,50]",2026-02-16,"Local pack, Sitelinks, Image, People also ask, Related searches",commercial,People also ask
ottawa residential movers,83,83,170,,0.00,https://www.firstratemovers.com/local-ottawa-moving-rates/,0,0,0.00,0.21,324000,"[42,19,80,65,100,100,80,100,42,42,80,100]",2026-02-11,"Local pack, Image, People also ask, Related searches",commercial,Organic
moving long distance movers,31,31,70,25,9.22,https://www.firstratemovers.com/long-distance-moving/,0,0,0.00,0.18,11000000,"[10,0,0,0,12,7,2,17,7,5,100,66]",2026-02-21,"Local pack, Sitelinks, Video, People also ask, Related searches, AI overview",commercial,Organic
moving long distance movers,44,44,70,25,9.22,https://www.firstratemovers.com/long-distance-moving/,0,0,0.00,0.18,11000000,"[10,0,0,0,12,7,2,17,7,5,100,66]",2026-02-21,"Local pack, Sitelinks, Video, People also ask, Related searches, AI overview",commercial,Organic
where to sell used furniture,22,22,110,21,1.05,https://www.firstratemovers.com/where-can-i-sell-donate-or-dispose-of-my-belongings-in-ottawa/,0,0,0.00,0.55,316000000,"[9,19,15,15,15,19,12,15,19,15,15,15]",2026-03-01,"Local pack, Sitelinks, Video, People also ask, Related searches, AI overview",informational,Organic
mover company,46,46,390,62,6.74,https://www.firstratemovers.com/,0,0,0.00,0.33,1870000000,"[2,14,7,9,72,59,9,32,39,39,48,100]",2026-02-28,"Local pack, People also ask, Related searches",commercial,Organic
ottawa mover,11,11,110,43,6.95,https://www.firstratemovers.com/,0,0,0.00,0.86,743000,"[16,13,1,1,1,1,1,16,20,13,8,8]",2026-02-02,"Local pack, Sitelinks, Image, People also ask, Related searches",commercial,Organic
ottawa mover,53,53,110,43,6.95,https://www.firstratemovers.com/local-ottawa-moving-rates/,0,0,0.00,0.86,743000,"[16,13,1,1,1,1,1,16,20,13,8,8]",2026-02-02,"Local pack, Sitelinks, Image, People also ask, Related searches",commercial,Organic
ottawa mover,98,98,110,43,6.95,https://www.firstratemovers.com/long-distance-moving/,0,0,0.00,0.86,743000,"[16,13,1,1,1,1,1,16,20,13,8,8]",2026-02-02,"Local pack, Sitelinks, Image, People also ask, Related searches",commercial,Organic
prof movers,70,70,210,44,7.16,https://www.firstratemovers.com/,0,0,0.00,0.21,0,"[0,0,0,0,0,100,100,0,0,0,0,0]",2026-03-02,"Local pack, Video, Related searches",commercial,Organic
housing movers,29,29,70,26,3.41,https://www.firstratemovers.com/local-ottawa-moving-rates/,0,0,0.00,0.41,22600000,"[44,66,0,0,0,0,0,0,0,0,0,4]",2026-02-11,"Local pack, Sitelinks, Video, Ads top, Ads bottom, People also ask, Related searches",informational,Organic
housing movers,88,88,70,26,3.41,https://www.firstratemovers.com/local-ottawa-moving-rates/,0,0,0.00,0.41,22600000,"[44,66,0,0,0,0,0,0,0,0,0,4]",2026-02-11,"Local pack, Sitelinks, Video, Ads top, Ads bottom, People also ask, Related searches",informational,Organic
box moving companies,67,67,390,32,4.84,https://www.firstratemovers.com/ottawa-packing-services/,0,0,0.00,0.93,0,"[24,24,24,24,24,24,30,30,45,30,30,36]",2026-03-08,"Local pack, Video, Image, Related searches",commercial,Organic
moving nepean,7,7,70,10,0.00,https://www.firstratemovers.com/local-ottawa-moving-rates/,0,0,0.00,0,620000,"[4,4,4,0,0,0,0,80,80,66,100,100]",2026-02-17,"Local pack, Video, Image, People also ask, Related searches",commercial,People also ask
moving companies local move,17,17,480,42,5.78,https://www.firstratemovers.com/kanata/,0,0,0.00,0.21,0,"[24,5,5,54,16,41,41,13,8,7,4,7]",2026-03-10,"Local pack, Video, Related searches",commercial,Organic
long haul moving,39,39,390,23,7.59,https://www.firstratemovers.com/long-distance-moving/,0,0,0.00,0.45,115000000,"[35,66,54,66,66,66,66,100,81,100,100,100]",2026-02-11,"Video, People also ask, Related searches",informational,Organic
long haul moving,52,52,390,23,7.59,https://www.firstratemovers.com/long-distance-moving/,0,0,0.00,0.45,115000000,"[35,66,54,66,66,66,66,100,81,100,100,100]",2026-02-11,"Video, People also ask, Related searches",informational,Organic
short term furniture storage,21,21,110,41,5.69,https://www.firstratemovers.com/free-storage-ottawa/,0,0,0.00,0.2,61600000,"[41,41,52,52,64,82,52,52,41,100,82,100]",2026-03-03,"Local pack, Sitelinks, Video, People also ask, Popular products, Related searches, Discussions and forums, AI overview",commercial,Organic
short term furniture storage,85,85,110,41,5.69,https://www.firstratemovers.com/our-storage/,0,0,0.00,0.2,61600000,"[41,41,52,52,64,82,52,52,41,100,82,100]",2026-03-03,"Local pack, Sitelinks, Video, People also ask, Popular products, Related searches, Discussions and forums, AI overview",commercial,Organic
professional packers,16,16,140,10,4.83,https://www.firstratemovers.com/ottawa-packing-services/,0,0,0.00,0.66,211,"[14,9,9,52,80,52,100,100,100,100,100,100]",2026-03-09,"Local pack, Video, Related searches, See results about, AI overview",informational,Organic
who buys used furniture near me,47,47,140,32,0.75,https://www.firstratemovers.com/where-can-i-sell-donate-or-dispose-of-my-belongings-in-ottawa/,0,0,0.00,0.6,144000000,"[4,5,4,4,5,7,7,7,7,5,5,2]",2026-02-06,"Local pack, Sitelinks, People also ask, Related searches",transactional,Organic
moving companies ottawa,23,23,2400,58,9.63,https://www.firstratemovers.com/local-ottawa-moving-rates/,0,0,0.00,0.88,51900000,"[36,66,80,52,100,66,80,44,44,44,66,52]",2026-03-26,"Local pack, Sitelinks, Ads bottom, Related searches",commercial,Organic
moving and storage companies,36,36,210,35,6.60,https://www.firstratemovers.com/,0,0,0.00,0.77,186000000,"[10,12,19,29,5,23,100,23,23,29,12,15]",2026-02-04,"Local pack, Video, People also ask, Related searches",commercial,Organic
moving and storage companies,55,55,210,35,6.60,https://www.firstratemovers.com/,0,0,0.00,0.77,186000000,"[10,12,19,29,5,23,100,23,23,29,12,15]",2026-02-04,"Local pack, Video, People also ask, Related searches",commercial,Organic
storage and shipping services,25,25,320,24,0.00,https://www.firstratemovers.com/free-storage-ottawa/,0,0,0.00,0.33,327000000,"[66,66,54,66,66,66,66,81,66,81,81,35]",2026-02-01,"Local pack, Sitelinks, People also ask, Related searches",commercial,Organic
furniture movement service,1,1,90,14,4.00,https://www.firstratemovers.com/professional-hoisting/,0,0,0.00,0.63,384000000,"[11,11,41,64,64,82,64,41,41,100,29,52]",2026-02-15,"Local pack, Video, Related searches, AI overview",informational,AI overview
furniture movement service,100,100,90,14,4.00,https://www.firstratemovers.com/professional-hoisting/,0,0,0.00,0.63,384000000,"[11,11,41,64,64,82,64,41,41,100,29,52]",2026-02-15,"Local pack, Video, Related searches, AI overview",informational,Organic
moving piano cost,10,10,140,3,2.05,https://www.firstratemovers.com/ottawa-piano-movers/,0,0,0.00,0.22,0,"[28,34,43,43,15,6,43,53,100,34,65,53]",2026-03-15,"Image pack, Sitelinks, Video, Video Carousel, Related searches, Discussions and forums, AI overview",informational,Organic
moving companies long distance movers,35,35,260,27,8.61,https://www.firstratemovers.com/long-distance-moving/,0,0,0.00,0.16,203000000,"[10,16,16,13,30,24,24,16,20,24,6,20]",2026-02-02,"Local pack, People also ask, Related searches, AI overview",commercial,Organic
moving companies long distance movers,41,41,260,27,8.61,https://www.firstratemovers.com/long-distance-moving/,0,0,0.00,0.16,203000000,"[10,16,16,13,30,24,24,16,20,24,6,20]",2026-02-02,"Local pack, People also ask, Related searches, AI overview",commercial,Organic
moving companies long distance movers,53,53,260,27,8.61,https://www.firstratemovers.com/long-distance-moving/,0,0,0.00,0.16,203000000,"[10,16,16,13,30,24,24,16,20,24,6,20]",2026-02-02,"Local pack, People also ask, Related searches, AI overview",commercial,Organic
storage for furniture,31,31,70,22,2.70,https://www.firstratemovers.com/free-storage-ottawa/,0,0,0.00,0.98,336000000,"[35,64,50,50,50,50,64,35,64,64,50,35]",2026-02-26,"Local pack, Sitelinks, Video, Image, People also ask, Popular products, Related searches",commercial,Organic
moving services ottawa,44,44,720,55,6.95,https://www.firstratemovers.com/ottawa-packing-services/,0,0,0.00,0.86,133000000,"[24,27,5,4,7,66,20,10,13,44,16,16]",2026-02-05,"Local pack, Sitelinks, Video, People also ask, Related searches",commercial,Organic
moving services ottawa,52,52,720,55,6.95,https://www.firstratemovers.com/ottawa-packing-services/,0,0,0.00,0.86,133000000,"[24,27,5,4,7,66,20,10,13,44,16,16]",2026-02-05,"Local pack, Sitelinks, Video, People also ask, Related searches",commercial,Organic
r and b moving,74,74,70,9,1.44,https://www.firstratemovers.com/packing-electronics/,0,0,0.00,0.25,1040000000,"[8,1,1,1,1,8,8,5,5,3,6,5]",2026-02-23,"Knowledge panel, Video, People also ask, Related searches",informational,Organic
how much movers charge,15,15,110,18,2.20,https://www.firstratemovers.com/local-ottawa-moving-rates/,0,0,0.00,0.79,24300000,"[78,100,64,78,78,100,78,100,78,100,64,64]",2026-03-03,"Sitelinks, Video, People also ask, Related searches, Discussions and forums, AI overview",informational,Organic
where do i sell,74,74,140,56,6.77,https://www.firstratemovers.com/where-can-i-sell-donate-or-dispose-of-my-belongings-in-ottawa/,0,0,0.00,0.11,3540000000,"[64,82,64,82,64,82,82,82,82,100,64,64]",2026-03-03,"Sitelinks, Video, Video Carousel, People also ask, Related searches, Discussions and forums, AI overview",commercial,Organic
low price moving companies,23,23,170,29,8.46,https://www.firstratemovers.com/,0,0,0.00,0.44,387000000,"[35,43,54,43,35,29,14,22,35,29,29,29]",2026-03-20,"Local pack, Sitelinks, Related searches",commercial,Organic
low price moving companies,35,35,170,29,8.46,https://www.firstratemovers.com/,0,0,0.00,0.44,387000000,"[35,43,54,43,35,29,14,22,35,29,29,29]",2026-03-20,"Local pack, Sitelinks, Related searches",commercial,Organic
low price moving companies,92,92,170,29,8.46,https://www.firstratemovers.com/local-ottawa-moving-rates/,0,0,0.00,0.44,387000000,"[35,43,54,43,35,29,14,22,35,29,29,29]",2026-03-20,"Local pack, Sitelinks, Related searches",commercial,Organic
moving company peterborough,2,2,70,32,4.86,https://www.firstratemovers.com/typical-move-costs-for-2024/,0,0,0.00,0.81,8390000,"[23,33,23,33,23,33,52,33,42,52,33,23]",2026-02-15,"Local pack, Sitelinks, Image, People also ask, Related searches",commercial,People also ask
moving company peterborough,2,2,70,32,4.86,https://www.firstratemovers.com/local-ottawa-moving-rates/,0,0,0.00,0.81,8390000,"[23,33,23,33,23,33,52,33,42,52,33,23]",2026-02-15,"Local pack, Sitelinks, Image, People also ask, Related searches",commercial,People also ask
moving service quote,23,23,720,26,10.30,https://www.firstratemovers.com/local-ottawa-moving-rates/,0,0,0.00,0.6,170000000,"[1,62,100,81,55,62,62,30,13,6,10,20]",2026-03-26,"Local pack, Video, Related searches, Discussions and forums",commercial,Organic
bc moving,5,5,110,21,5.48,https://www.firstratemovers.com/how-to-choose-a-good-moving-company/,0,0,0.00,0.36,157,"[3,3,3,3,3,3,3,18,18,100,23,35]",2026-03-05,"Local pack, Top stories, Video, People also ask, Related searches",commercial,People also ask
bc moving,5,5,110,21,5.48,https://www.firstratemovers.com/,0,0,0.00,0.36,157,"[3,3,3,3,3,3,3,18,18,100,23,35]",2026-03-05,"Local pack, Top stories, Video, People also ask, Related searches",commercial,People also ask
movement furniture,35,35,90,18,4.04,https://www.firstratemovers.com/professional-hoisting/,0,0,0.00,0.55,571000000,"[66,66,66,80,66,80,80,0,0,0,0,0]",2026-02-15,"Sitelinks, Video, Image, Video Carousel, People also ask, Popular products, Related searches",informational,Organic
give away used furniture,75,75,90,29,1.08,https://www.firstratemovers.com/where-can-i-sell-donate-or-dispose-of-my-belongings-in-ottawa/,0,0,0.00,0.6,209000000,"[33,33,33,33,33,33,42,33,42,66,42,42]",2026-02-19,"Local pack, Ads bottom, People also ask, Related searches, AI overview",commercial,Organic
woodstock moving companies,3,3,140,11,3.97,https://www.firstratemovers.com/local-ottawa-moving-rates/,0,0,0.00,0.71,10100000,"[42,65,42,80,42,53,42,42,42,53,65,53]",2026-02-20,"Local pack, Image, People also ask, Related searches",commercial,People also ask
couch pickup for donation,59,59,90,30,1.82,https://www.firstratemovers.com/furniture-donation-disposal/,0,0,0.00,0.69,5800000,"[0,2,0,0,0,0,100,0,0,0,0,1]",2026-03-23,"Local pack, Video, Ads bottom, Related searches, AI overview",informational,Organic
movers in red deer,5,5,320,22,4.09,https://www.firstratemovers.com/local-ottawa-moving-rates/,0,0,0.00,0.9,3190000,"[29,29,23,19,67,54,44,36,36,44,29,29]",2026-03-04,"Local pack, Sitelinks, Image, People also ask, Related searches",commercial,People also ask
long distance movers cheap,58,56,390,32,6.29,https://www.firstratemovers.com/long-distance-moving/,0,0,0.00,0.13,133,"[66,54,66,66,66,54,81,81,100,81,100,100]",2026-03-27,"Local pack, Video, Related searches, AI overview",informational,Organic
moving quotation,1,1,110,31,9.28,https://www.firstratemovers.com/local-ottawa-moving-rates/,0,0,0.00,0.42,149,"[0,0,0,0,0,0,2,100,3,5,4,4]",2026-03-05,"Image pack, Video, People also ask, Related searches, AI overview",informational,AI overview
moving quotation,11,11,110,31,9.28,https://www.firstratemovers.com/local-ottawa-moving-rates/,0,0,0.00,0.42,149,"[0,0,0,0,0,0,2,100,3,5,4,4]",2026-03-05,"Image pack, Video, People also ask, Related searches, AI overview",informational,Organic
regina moving company,8,8,110,24,2.90,https://www.firstratemovers.com/local-ottawa-moving-rates/,0,0,0.00,0.58,24300000,"[12,9,53,12,6,43,81,65,100,53,9,12]",2026-02-20,"Local pack, Sitelinks, Image, People also ask, Related searches",commercial,People also ask
movers for house,31,31,110,64,0.00,https://www.firstratemovers.com/,0,0,0.00,0.03,45000000,"[53,0,0,82,66,82,0,0,2,0,28,28]",2026-03-20,"Local pack, People also ask, Popular products, Related searches, Discussions and forums",commercial,Organic
long distance moving options,41,41,390,23,0.00,https://www.firstratemovers.com/long-distance-moving/,0,0,0.00,0.11,229000000,"[35,54,44,54,54,54,54,81,81,100,81,81]",2026-02-17,"Sitelinks, Video, Ads bottom, People also ask, Related searches, Discussions and forums, AI overview",informational,Organic
long distance moving ottawa,13,13,50,23,7.61,https://www.firstratemovers.com/long-distance-moving/,0,0,0.00,0.53,5320000,"[18,36,18,9,36,0,9,100,81,81,100,81]",2026-02-21,"Local pack, Sitelinks, People also ask, Related searches",commercial,Organic
moving companies ottawa to toronto,4,4,90,5,8.15,https://www.firstratemovers.com/moving-from-ottawa-to-toronto/,0,0,0.00,0.88,8400000,"[50,50,50,100,78,50,78,78,78,64,50,50]",2026-03-03,"People also ask, Related searches, AI overview",informational,AI overview
moving companies ottawa to toronto,23,23,90,5,8.15,https://www.firstratemovers.com/long-distance-moving/,0,0,0.00,0.88,8400000,"[50,50,50,100,78,50,78,78,78,64,50,50]",2026-03-03,"People also ask, Related searches, AI overview",informational,Organic
moving companies ottawa to toronto,47,47,90,5,8.15,https://www.firstratemovers.com/long-distance-moving/,0,0,0.00,0.88,8400000,"[50,50,50,100,78,50,78,78,78,64,50,50]",2026-03-03,"People also ask, Related searches, AI overview",informational,Organic
movers barrhaven,28,71,110,14,6.84,https://www.firstratemovers.com/,0,0,0.00,0.76,115,"[3,7,7,7,11,11,80,80,65,100,100,100]",2026-03-27,"Local pack, Video, Image, Related searches",commercial,Organic
relocation companies,80,80,260,42,5.05,https://www.firstratemovers.com/,0,0,0.00,0.16,88300000,"[6,9,12,15,23,19,100,54,44,44,44,36]",2026-02-27,"Local pack, Ads bottom, Related searches, AI overview",informational,Organic
moving service,15,15,1000,68,6.50,https://www.firstratemovers.com/,0,0,0.00,0.1,1500000000,"[34,20,24,55,16,24,55,30,30,44,30,100]",2026-02-26,"Local pack, Sitelinks, Video, Image, People also ask, Related searches",commercial,Organic
moving service,21,21,1000,68,6.50,https://www.firstratemovers.com/,0,0,0.00,0.1,1500000000,"[34,20,24,55,16,24,55,30,30,44,30,100]",2026-02-26,"Local pack, Sitelinks, Video, Image, People also ask, Related searches",commercial,Organic
sell unused items,46,46,70,27,1.39,https://www.firstratemovers.com/where-can-i-sell-donate-or-dispose-of-my-belongings-in-ottawa/,0,0,0.00,0.31,45000000,"[33,42,33,33,33,33,9,33,33,33,23,33]",2026-03-05,"Sitelinks, Video, Video Carousel, People also ask, Related searches, AI overview",informational,Organic
top rated moving companies near me,11,11,70,16,7.10,https://www.firstratemovers.com/stittsville/,0,0,0.00,0.64,122,"[42,33,42,33,52,52,42,9,9,9,9,42]",2026-03-21,"Knowledge panel, Related searches, AI overview","informational, transactional",Organic
mover quotation,38,38,590,22,9.28,https://www.firstratemovers.com/,0,0,0.00,0.42,492000000,"[36,45,62,100,81,55,62,0,0,0,0,0]",2026-02-18,"Image pack, Video, Ads bottom, People also ask, Related searches, AI overview","commercial, informational",Organic
mover quotation,50,50,590,22,9.28,https://www.firstratemovers.com/moving-quotes/,0,0,0.00,0.42,492000000,"[36,45,62,100,81,55,62,0,0,0,0,0]",2026-02-18,"Image pack, Video, Ads bottom, People also ask, Related searches, AI overview","commercial, informational",Organic
best place to buy moving supplies,34,34,320,40,0.91,https://www.firstratemovers.com/moving-boxes-and-supplies/,0,0,0.00,0.89,156000000,"[29,36,29,44,36,36,36,36,36,54,44,44]",2026-02-03,"Local pack, Sitelinks, Video, Image, People also ask, Popular products, Related searches, AI overview",commercial,Organic
ontario moving companies,52,52,110,61,7.00,https://www.firstratemovers.com/,0,0,0.00,0.66,134,"[52,19,52,33,42,23,66,66,66,80,100,80]",2026-03-23,"Local pack, Video, People also ask, Related searches",commercial,Organic
moving companies peterborough,2,2,390,27,4.86,https://www.firstratemovers.com/local-ottawa-moving-rates/,0,0,0.00,0.81,14600000,"[81,81,66,81,81,66,66,54,66,44,66,54]",2026-02-14,"Local pack, Sitelinks, Video, Image, People also ask, Related searches",commercial,People also ask
movers with storage,29,29,260,61,6.22,https://www.firstratemovers.com/free-storage-ottawa/,0,0,0.00,0.21,38000000,"[44,100,5,5,9,5,9,54,36,81,66,23]",2026-02-14,"Local pack, Video, People also ask, Related searches, Discussions and forums",commercial,Organic
movers with storage,70,70,260,61,6.22,https://www.firstratemovers.com/free-storage-ottawa/,0,0,0.00,0.21,38000000,"[44,100,5,5,9,5,9,54,36,81,66,23]",2026-02-14,"Local pack, Video, People also ask, Related searches, Discussions and forums",commercial,Organic
storage locker ottawa,34,34,1000,34,3.65,https://www.firstratemovers.com/free-storage-ottawa/,0,0,0.00,0.71,1660000,"[54,30,30,41,66,100,30,36,36,54,41,36]",2026-02-06,"Local pack, Sitelinks, Image, People also ask, Related searches",commercial,Organic
moving companies sault ste marie ontario,4,4,70,14,1.68,https://www.firstratemovers.com/local-ottawa-moving-rates/,0,0,0.00,0.57,1080000,"[78,78,50,50,35,50,14,78,50,64,64,64]",2026-03-03,"Local pack, Image, People also ask, Related searches",commercial,People also ask
moving companies sault ste marie ontario,4,4,70,14,1.68,https://www.firstratemovers.com/local-ottawa-moving-rates/,0,0,0.00,0.57,1080000,"[78,78,50,50,35,50,14,78,50,64,64,64]",2026-03-03,"Local pack, Image, People also ask, Related searches",commercial,People also ask
affordable movers near me,19,19,210,41,5.57,https://www.firstratemovers.com/,0,0,0.00,0.92,0,"[44,35,28,23,28,35,28,35,44,44,28,23]",2026-03-07,"Local pack, Sitelinks, Video, Related searches, Discussions and forums",transactional,Organic
affordable movers near me,52,52,210,41,5.57,https://www.firstratemovers.com/,0,0,0.00,0.92,0,"[44,35,28,23,28,35,28,35,44,44,28,23]",2026-03-07,"Local pack, Sitelinks, Video, Related searches, Discussions and forums",transactional,Organic
affordable movers near me,65,65,210,41,5.57,https://www.firstratemovers.com/,0,0,0.00,0.92,0,"[44,35,28,23,28,35,28,35,44,44,28,23]",2026-03-07,"Local pack, Sitelinks, Video, Related searches, Discussions and forums",transactional,Organic
peterborough movers,5,5,320,36,4.86,https://www.firstratemovers.com/local-ottawa-moving-rates/,0,0,0.00,0.81,450000,"[66,44,66,28,66,66,66,66,66,35,54,28]",2026-02-12,"Local pack, Sitelinks, Image, People also ask, Related searches",commercial,People also ask
fitness equipment moving companies,8,8,90,5,3.04,https://www.firstratemovers.com/how-to-choose-a-good-moving-company/,0,0,0.00,0.8,208,"[42,34,34,34,26,26,34,26,19,42,26,42]",2026-03-05,"Local pack, Sitelinks, Video, Image, People also ask, Related searches",commercial,People also ask
fitness equipment moving companies,8,8,90,5,3.04,https://www.firstratemovers.com/,0,0,0.00,0.8,208,"[42,34,34,34,26,26,34,26,19,42,26,42]",2026-03-05,"Local pack, Sitelinks, Video, Image, People also ask, Related searches",commercial,People also ask
big day movers,45,45,90,13,3.68,https://www.firstratemovers.com/,0,0,0.00,0.37,0,"[0,14,78,78,78,78,78,100,100,78,50,21]",2026-03-08,"Knowledge panel, Video, Related searches, AI overview",navigational,Organic
123 moving,9,9,170,17,0.00,https://www.firstratemovers.com/local-ottawa-moving-rates/,0,0,0.00,0.01,823000000,"[100,81,53,43,53,53,43,43,65,65,43,43]",2026-02-10,"Video, People also ask, AI overview",informational,People also ask
absolutely moving,29,29,50,22,3.37,https://www.firstratemovers.com/local-ottawa-moving-rates/,0,0,0.00,0.42,492000000,"[18,18,18,18,18,18,100,63,63,81,63,63]",2026-02-16,"Local pack, Sitelinks, Video, Video Carousel, People also ask, Related searches",commercial,Organic
movers piano,26,26,390,14,3.50,https://www.firstratemovers.com/ottawa-piano-movers/,0,0,0.00,0.84,0,"[45,36,5,13,13,24,30,16,36,45,13,10]",2026-03-13,"Local pack, Video, Video Carousel, Related searches",commercial,Organic
boxes moving,26,26,70,30,0.82,https://www.firstratemovers.com/moving-boxes-and-supplies/,0,0,0.00,1,0,"[3,7,7,7,11,7,65,53,65,65,34,7]",2026-03-09,"Local pack, Sitelinks, Video, Image, Ads top, Video Carousel, Popular products, Related searches, Ads middle",commercial,Organic
best deal on moving boxes,44,44,320,35,1.42,https://www.firstratemovers.com/moving-boxes-and-supplies/,0,0,0.00,0.94,316000000,"[26,32,26,32,32,32,32,32,32,39,39,32]",2026-02-01,"Sitelinks, Image, People also ask, Popular products, Related searches, Discussions and forums",commercial,Organic
movers in ottawa ontario,66,66,1000,49,6.95,https://www.firstratemovers.com/ottawa-packing-services/,0,0,0.00,0.86,544000,"[82,55,4,5,20,65,30,16,24,24,24,20]",2026-02-21,"Local pack, Sitelinks, Image, People also ask, Related searches",commercial,Organic
movers in ottawa ontario,95,95,1000,49,6.95,https://www.firstratemovers.com/long-distance-moving/,0,0,0.00,0.86,544000,"[82,55,4,5,20,65,30,16,24,24,24,20]",2026-02-21,"Local pack, Sitelinks, Image, People also ask, Related searches",commercial,Organic
cheap moving companies long distance,26,26,70,33,4.65,https://www.firstratemovers.com/long-distance-moving/,0,0,0.00,0.14,305000000,"[0,0,66,100,0,0,8,2,2,2,2,2]",2026-02-04,"Video, People also ask, Related searches, Discussions and forums, AI overview",commercial,Organic
long distance moving services,25,25,1300,25,10.30,https://www.firstratemovers.com/long-distance-moving/,0,0,0.00,0.22,319000000,"[55,81,55,62,81,81,100,62,81,81,81,81]",2026-03-25,"Video, People also ask, Related searches, Ads middle, AI overview",informational,Organic
local moving companies ottawa,85,85,90,43,8.77,https://www.firstratemovers.com/local-ottawa-moving-rates/,0,0,0.00,0.72,0,"[17,12,23,23,23,28,23,28,17,17,17,12]",2026-03-17,"Local pack, Video, Related searches",commercial,Organic
local moving companies ottawa,91,91,90,43,8.77,https://www.firstratemovers.com/local-ottawa-moving-rates/,0,0,0.00,0.72,0,"[17,12,23,23,23,28,23,28,17,17,17,12]",2026-03-17,"Local pack, Video, Related searches",commercial,Organic
best moving company in ottawa,5,5,50,41,4.10,https://www.firstratemovers.com/,0,0,0.00,0.59,11300000,"[81,63,18,27,100,36,45,45,45,27,81,18]",2026-02-21,"Local pack, Sitelinks, People also ask, Related searches, Discussions and forums",commercial,Organic
best moving company in ottawa,33,33,50,41,4.10,https://www.firstratemovers.com/ottawa-packing-services/,0,0,0.00,0.59,11300000,"[81,63,18,27,100,36,45,45,45,27,81,18]",2026-02-21,"Local pack, Sitelinks, People also ask, Related searches, Discussions and forums",commercial,Organic
best moving company in ottawa,49,49,50,41,4.10,https://www.firstratemovers.com/ottawa-packing-services/,0,0,0.00,0.59,11300000,"[81,63,18,27,100,36,45,45,45,27,81,18]",2026-02-21,"Local pack, Sitelinks, People also ask, Related searches, Discussions and forums",commercial,Organic
storage rate,26,26,110,20,3.88,https://www.firstratemovers.com/free-storage-ottawa/,0,0,0.00,0.7,1240000000,"[100,12,23,12,12,12,28,17,23,35,35,35]",2026-03-23,"Video, People also ask, Related searches, AI overview",informational,Organic
storage rate,78,78,110,20,3.88,https://www.firstratemovers.com/ottawa-self-storage/,0,0,0.00,0.7,1240000000,"[100,12,23,12,12,12,28,17,23,35,35,35]",2026-03-23,"Video, People also ask, Related searches, AI overview",informational,Organic
where do you get rid of old furniture,14,14,90,23,1.77,https://www.firstratemovers.com/furniture-donation-disposal/,0,0,0.00,0.8,97200000,"[26,26,7,34,34,34,42,26,34,42,34,34]",2026-02-04,"Sitelinks, Video, People also ask, Related searches, Discussions and forums, AI overview",transactional,Organic
cheap storage ottawa,16,16,110,45,4.21,https://www.firstratemovers.com/free-storage-ottawa/,0,0,0.00,0.91,56900000,"[50,50,50,78,78,78,100,78,100,78,78,64]",2026-02-26,"Local pack, Sitelinks, People also ask, Related searches",commercial,Organic
appliances movers,48,48,110,11,2.67,https://www.firstratemovers.com/preparing-appliances/,0,0,0.00,1,0,"[22,10,22,29,35,29,35,35,22,22,22,29]",2026-03-18,"Local pack, Sitelinks, Video, Related searches, AI overview",informational,Organic
cost to move household,56,56,50,,1.91,https://www.firstratemovers.com/typical-move-costs-for-2024/,0,0,0.00,0.51,907000000,"[5,0,0,0,0,0,0,52,82,64,64,52]",2026-02-16,"Sitelinks, Video, Ads bottom, People also ask, Related searches, Discussions and forums, AI overview",informational,Organic
movers peterborough ontario,2,2,390,38,4.86,https://www.firstratemovers.com/local-ottawa-moving-rates/,0,0,0.00,0.81,192000,"[66,66,66,81,81,66,66,66,54,44,54,44]",2026-03-02,"Local pack, Sitelinks, People also ask, Related searches",commercial,People also ask
piano moving services near me,8,8,210,24,2.61,https://www.firstratemovers.com/ottawa-piano-movers/,0,0,0.00,0.56,88100000,"[66,82,100,43,53,28,43,43,43,23,23,66]",2026-03-03,"Local pack, People also ask, Related searches, AI overview",transactional,Organic
tv movers,8,8,50,8,2.00,https://www.firstratemovers.com/how-to-safely-move-your-big-screen-tv/,0,0,0.00,0.51,131000000,"[52,52,29,29,29,41,5,41,23,11,11,5]",2026-02-24,"Sitelinks, Video, Image, Video Carousel, People also ask, Related searches, AI overview",informational,Organic
tv movers,15,15,50,8,2.00,https://www.firstratemovers.com/how-to-safely-move-your-big-screen-tv/,0,0,0.00,0.51,131000000,"[52,52,29,29,29,41,5,41,23,11,11,5]",2026-02-24,"Sitelinks, Video, Image, Video Carousel, People also ask, Related searches, AI overview",informational,Organic
tv movers,34,34,50,8,2.00,https://www.firstratemovers.com/preparing-appliances/,0,0,0.00,0.51,131000000,"[52,52,29,29,29,41,5,41,23,11,11,5]",2026-02-24,"Sitelinks, Video, Image, Video Carousel, People also ask, Related searches, AI overview",informational,Organic
tv movers,49,49,50,8,2.00,https://www.firstratemovers.com/preparing-appliances/,0,0,0.00,0.51,131000000,"[52,52,29,29,29,41,5,41,23,11,11,5]",2026-02-24,"Sitelinks, Video, Image, Video Carousel, People also ask, Related searches, AI overview",informational,Organic
tv movers,57,57,50,8,2.00,https://www.firstratemovers.com/preparing-appliances/,0,0,0.00,0.51,131000000,"[52,52,29,29,29,41,5,41,23,11,11,5]",2026-02-24,"Sitelinks, Video, Image, Video Carousel, People also ask, Related searches, AI overview",informational,Organic
binbrook moving,9,9,50,14,0.00,https://www.firstratemovers.com/local-ottawa-moving-rates/,0,0,0.00,0.05,416000,"[7,7,7,7,65,42,42,7,7,7,7,7]",2026-03-02,"Knowledge panel, Sitelinks, Video, Image, People also ask",informational,People also ask
moving companies ottawa prices,32,32,70,12,6.38,https://www.firstratemovers.com/local-moving-in-ottawa/,0,0,0.00,0.88,0,"[14,10,10,10,14,10,18,29,22,18,18,18]",2026-03-14,"Local pack, Sitelinks, Related searches, AI overview",commercial,Organic
moving companies ottawa prices,45,45,70,12,6.38,https://www.firstratemovers.com/moving-quotes/,0,0,0.00,0.88,0,"[14,10,10,10,14,10,18,29,22,18,18,18]",2026-03-14,"Local pack, Sitelinks, Related searches, AI overview",commercial,Organic
moving companies ottawa prices,88,88,70,12,6.38,https://www.firstratemovers.com/value-for-money/,0,0,0.00,0.88,0,"[14,10,10,10,14,10,18,29,22,18,18,18]",2026-03-14,"Local pack, Sitelinks, Related searches, AI overview",commercial,Organic
moving service hire,22,22,50,55,5.44,https://www.firstratemovers.com/,0,0,0.00,0.83,133000000,"[63,81,63,81,18,18,100,18,18,18,27,36]",2026-02-27,"Local pack, Ads bottom, People also ask, Related searches",commercial,Organic
moving service hire,37,37,50,55,5.44,https://www.firstratemovers.com/,0,0,0.00,0.83,133000000,"[63,81,63,81,18,18,100,18,18,18,27,36]",2026-02-27,"Local pack, Ads bottom, People also ask, Related searches",commercial,Organic
best ottawa movers,5,5,70,45,4.10,https://www.firstratemovers.com/,0,0,0.00,0.59,931000,"[0,0,6,100,8,1,1,28,6,1,5,5]",2026-02-20,"Knowledge panel, Sitelinks, People also ask, Related searches, Discussions and forums, AI overview",commercial,Organic
happy ending movers,33,33,110,19,0.00,https://www.firstratemovers.com/,0,0,0.00,0,21300000,"[43,43,35,35,35,18,4,14,18,14,14,10]",2026-02-07,"Knowledge panel, Sitelinks, Video, People also ask, Related searches",informational,Organic
commercial mover,1,1,320,23,8.18,https://www.firstratemovers.com/local-ottawa-moving-rates/,0,0,0.00,0.01,1620000000,"[2,10,7,10,10,12,19,67,67,100,67,81]",2026-02-20,"Local pack, Video, People also ask, Related searches",commercial,People also ask
where to sell second hand furniture,31,31,90,32,1.05,https://www.firstratemovers.com/where-can-i-sell-donate-or-dispose-of-my-belongings-in-ottawa/,0,0,0.00,0.55,177000000,"[50,78,50,78,64,100,64,50,78,64,64,64]",2026-02-10,"Local pack, Sitelinks, Video, Video Carousel, People also ask, Related searches, AI overview",commercial,Organic
moving insurance,63,63,70,16,5.38,https://www.firstratemovers.com/moving-company-insurance-coverage/,0,0,0.00,0.52,911000000,"[19,7,15,26,26,26,34,65,53,42,7,7]",2026-02-26,"Knowledge panel, Sitelinks, Video, People also ask, Related searches, AI overview",informational,Organic
moving companies burlington,1,1,320,25,10.41,https://www.firstratemovers.com/local-ottawa-moving-rates/,0,0,0.00,0.81,9500000,"[29,54,54,29,44,66,54,54,36,66,44,44]",2026-02-19,"Local pack, People also ask, Related searches",commercial,People also ask
movers quotes,37,37,110,29,10.31,https://www.firstratemovers.com/local-ottawa-moving-rates/,0,0,0.00,0.6,148,"[17,17,28,23,23,35,35,35,35,35,35,35]",2026-03-12,"Image pack, Video, Image, Related searches, AI overview","commercial, informational",Organic
how much does a moving company cost,28,28,260,13,2.60,https://www.firstratemovers.com/typical-move-costs-for-2024/,0,0,0.00,0.8,1290000000,"[43,14,66,18,14,43,100,100,66,54,54,29]",2026-03-27,"Sitelinks, Video, People also ask, Related searches, AI overview",informational,Organic
how much does a moving company cost,94,94,260,13,2.60,https://www.firstratemovers.com/typical-move-costs-for-2024/,0,0,0.00,0.8,1290000000,"[43,14,66,18,14,43,100,100,66,54,54,29]",2026-03-27,"Sitelinks, Video, People also ask, Related searches, AI overview",informational,Organic
moving companies oshawa ontario,1,1,140,19,8.27,https://www.firstratemovers.com/local-ottawa-moving-rates/,0,0,0.00,0.6,651000,"[0,17,10,23,35,7,28,28,28,82,100,53]",2026-03-03,"Local pack, Image, People also ask, Related searches",commercial,People also ask
moving companies oshawa ontario,1,1,140,19,8.27,https://www.firstratemovers.com/local-ottawa-moving-rates/,0,0,0.00,0.6,651000,"[0,17,10,23,35,7,28,28,28,82,100,53]",2026-03-03,"Local pack, Image, People also ask, Related searches",commercial,People also ask
movers comox valley,3,3,90,9,3.35,https://www.firstratemovers.com/local-ottawa-moving-rates/,0,0,0.00,0.83,32300,"[33,42,42,52,52,52,52,52,42,42,52,42]",2026-03-03,"Local pack, Sitelinks, Image, People also ask, Related searches",commercial,People also ask
moving companies with packing services,23,23,110,21,5.27,https://www.firstratemovers.com/ottawa-packing-services/,0,0,0.00,0.94,19600000,"[80,100,80,65,53,100,53,7,3,0,3,3]",2026-02-28,"Local pack, People also ask, Related searches",commercial,Organic
ontario moving company,78,78,50,41,7.22,https://www.firstratemovers.com/,0,0,0.00,0.66,50900000,"[0,0,2,0,2,10,0,5,7,100,10,10]",2026-02-21,"Local pack, Video, Image, People also ask, Related searches",commercial,Organic
local moving,87,87,210,64,5.44,https://www.firstratemovers.com/local-ottawa-moving-rates/,0,0,0.00,0.15,1350000000,"[1,10,2,5,3,5,7,20,20,16,13,10]",2026-03-01,"Local pack, Video, Image, People also ask, Related searches",commercial,Organic
local moving,93,93,210,64,5.44,https://www.firstratemovers.com/local-ottawa-moving-rates/,0,0,0.00,0.15,1350000000,"[1,10,2,5,3,5,7,20,20,16,13,10]",2026-03-01,"Local pack, Video, Image, People also ask, Related searches",commercial,Organic
storage units for rent in ottawa,33,33,70,36,4.79,https://www.firstratemovers.com/free-storage-ottawa/,0,0,0.00,1,0,"[63,81,81,81,81,18,63,45,63,45,63,36]",2026-03-17,"Local pack, Related searches",commercial,Organic
moving service ottawa,75,75,260,50,6.95,https://www.firstratemovers.com/local-ottawa-moving-rates/,0,0,0.00,0.86,18600000,"[81,36,1,1,2,67,4,15,100,10,10,7]",2026-03-03,"Local pack, Image, People also ask, Related searches",commercial,Organic
how much does a moving company charge,31,31,320,12,2.20,https://www.firstratemovers.com/local-ottawa-moving-rates/,0,0,0.00,0.79,512000000,"[54,54,54,54,54,54,54,54,54,54,28,28]",2026-03-04,"Sitelinks, Video, People also ask, Related searches, AI overview",informational,Organic
top ten moving companies,35,35,90,34,7.44,https://www.firstratemovers.com/,0,0,0.00,0.74,0,"[28,28,23,23,28,28,35,35,17,17,23,17]",2026-03-02,"Local pack, Sitelinks, Related searches, Discussions and forums, AI overview",commercial,Organic
newmarket moving company,2,2,70,18,8.76,https://www.firstratemovers.com/local-ottawa-moving-rates/,0,0,0.00,0.74,1110000,"[28,3,6,9,9,12,9,43,43,34,28,28]",2026-03-05,"Local pack, Image, People also ask, Related searches",commercial,People also ask
furniture bank donations,49,49,50,35,1.24,https://www.firstratemovers.com/furniture-donation-disposal/,0,0,0.00,0.37,66400000,"[11,11,11,11,11,11,11,29,100,29,64,41]",2026-02-16,"Knowledge panel, Local pack, Video, Ads top, Ads bottom, People also ask, Related searches, AI overview",navigational,Organic
movers quotation,32,32,260,31,9.28,https://www.firstratemovers.com/local-ottawa-moving-rates/,0,0,0.00,0.42,38700000,"[0,1,1,1,2,3,2,3,36,100,36,30]",2026-02-27,"Video, People also ask, Related searches, AI overview",commercial,Organic
get movers toronto on,68,68,170,23,6.53,https://www.firstratemovers.com/moving-to-ottawa-from-toronto/,0,0,0.00,0.1,16900000,"[2,0,0,0,59,39,0,1,0,1,100,11]",2026-02-02,"Local pack, Image, People also ask, Related searches",transactional,Organic
where to sell used items,54,54,70,62,1.59,https://www.firstratemovers.com/where-can-i-sell-donate-or-dispose-of-my-belongings-in-ottawa/,0,0,0.00,0.42,153,"[26,26,26,19,26,26,26,34,26,26,26,19]",2026-03-05,"Sitelinks, Video, People also ask, Related searches, AI overview",commercial,Organic
moving manotick,8,8,90,,0.00,https://www.firstratemovers.com/local-ottawa-moving-rates/,0,0,0.00,0,553000,"[0,0,0,0,4,4,4,80,80,66,100,100]",2026-02-13,"Local pack, Sitelinks, Video, Image, People also ask, Related searches",commercial,People also ask
where to sell used stuff,84,84,70,59,1.59,https://www.firstratemovers.com/where-can-i-sell-donate-or-dispose-of-my-belongings-in-ottawa/,0,0,0.00,0.42,1160000000,"[63,81,63,63,63,63,63,81,63,63,63,45]",2026-02-10,"Local pack, Sitelinks, Video, Ads bottom, Video Carousel, People also ask, Related searches, Discussions and forums, AI overview",informational,Organic
moving prices,77,77,720,20,3.27,https://www.firstratemovers.com/typical-move-costs-for-2024/,0,0,0.00,0.61,1260000000,"[55,67,100,76,36,36,30,67,67,55,30,30]",2026-03-21,"Sitelinks, Video, Related searches, AI overview",informational,Organic
