Keyword,Position,Previous position,Search Volume,Keyword Difficulty,CPC,URL,Traffic,Traffic (%),Traffic Cost,Competition,Number of Results,Trends,Timestamp,SERP Features by Keyword,Keyword Intents,Position Type
commercial movers,3,3,1600,27,12.52,https://prestigemoving.ca/commercial-movers-ottawa,56,19.17,701.00,0.01,0,"[3,8,5,7,10,24,29,29,44,44,53,100]",2026-03-13,"Local pack, Video, Image, Related searches",commercial,Organic
prestige moving,1,1,50,34,2.76,https://prestigemoving.ca/,40,13.69,110.00,0.25,0,"[14,14,7,78,0,50,50,100,21,28,28,35]",2026-03-18,"Local pack, Sitelinks, Video, Image, Related searches",navigational,Local pack
long distance movers ottawa,1,1,260,24,8.43,https://prestigemoving.ca/,34,11.64,286.00,0.4,0,"[35,43,81,29,43,29,54,66,66,81,81,100]",2026-03-12,"Local pack, Video, Related searches",commercial,Local pack
ottawa long distance moving,1,1,210,24,7.61,https://prestigemoving.ca/,27,9.24,205.00,0.53,5120000,"[28,23,53,43,66,66,53,100,53,43,53,66]",2026-01-31,"Local pack, Sitelinks, Video, People also ask, Related searches",commercial,Local pack
full service movers,5,5,320,37,7.74,https://prestigemoving.ca/moving-company-ottawa,14,4.79,108.00,0.14,0,"[10,10,10,10,16,100,20,24,20,24,24,30]",2026-03-12,"Local pack, Video, Ads bottom, Related searches, See results about",commercial,Organic
after hours moving company,5,5,880,17,2.25,https://prestigemoving.ca/,11,3.76,24.00,0.02,506000000,"[81,81,81,100,100,8,13,30,62,13,8,13]",2026-03-01,"Local pack, Video, People also ask, Related searches",commercial,Organic
mover in ottawa,1,1,70,44,6.95,https://prestigemoving.ca/,9,3.08,62.00,0.86,40100000,"[0,0,7,0,0,100,2,17,23,23,7,5]",2026-01-25,"Local pack, Sitelinks, Image, People also ask, Related searches",commercial,Local pack
long distance moving company ottawa,1,1,110,23,7.61,https://prestigemoving.ca/,9,3.08,68.00,0.53,2420000,"[0,15,18,28,15,11,11,28,28,28,28,28]",2026-02-06,"Local pack, Sitelinks, Video, People also ask, Related searches, AI overview",commercial,Local pack
student moving services,1,1,260,6,2.88,https://prestigemoving.ca/services/student-moving,9,3.08,25.00,0.46,0,"[5,5,5,10,10,6,100,20,16,16,16,16]",2026-03-09,"Knowledge panel, Related searches, AI overview",informational,AI overview
nepean movers,1,1,90,8,0.00,https://prestigemoving.ca/,7,2.39,0.00,0.32,0,"[14,35,28,14,78,28,100,100,100,100,100,100]",2026-03-16,"Local pack, Image, Related searches",commercial,Local pack
student moving services,8,8,260,6,2.88,https://prestigemoving.ca/services/student-moving,6,2.05,17.00,0.46,0,"[5,5,5,10,10,6,100,20,16,16,16,16]",2026-03-09,"Knowledge panel, Related searches, AI overview",informational,Organic
long distance movers ottawa,7,7,260,24,8.43,https://prestigemoving.ca/stress-free-long-distance-moves-from-ottawa-prestiges-proven-process/,5,1.71,42.00,0.4,0,"[35,43,81,29,43,29,54,66,66,81,81,100]",2026-03-12,"Local pack, Video, Related searches",commercial,Organic
long distance moving companies ottawa,5,5,210,15,8.43,https://prestigemoving.ca/,5,1.71,42.00,0.4,0,"[29,66,54,43,35,29,54,54,43,35,35,35]",2026-03-10,"Local pack, Video, Related searches",commercial,Organic
moving companies in ottawa canada,7,7,590,26,6.95,https://prestigemoving.ca/top-10-ottawa-movers-reviewed-who-deserves-your-trust/,4,1.36,27.00,0.86,14000000,"[0,0,0,0,100,65,5,1,55,2,4,3]",2026-01-21,"Local pack, Sitelinks, People also ask, Related searches",commercial,Organic
long distance moving ottawa,1,1,50,23,7.61,https://prestigemoving.ca/,4,1.36,30.00,0.53,5320000,"[18,36,18,9,36,0,9,100,81,81,100,81]",2026-02-21,"Local pack, Sitelinks, People also ask, Related searches",commercial,Local pack
best moving company canada,2,2,390,47,5.13,http://prestigemoving.ca/moving-companies-near-me-the-ultimate-guide-to-choosing-the-best-movers-in-your-area/,4,1.36,20.00,0.94,431000000,"[54,54,54,66,54,54,54,66,66,100,66,66]",2026-02-09,"Local pack, Sitelinks, Video, People also ask, Related searches, Discussions and forums, AI overview",commercial,People also ask
canadian association of movers,1,1,390,,2.61,http://prestigemoving.ca/moving-companies-near-me-the-ultimate-guide-to-choosing-the-best-movers-in-your-area/,3,1.02,7.00,0.19,5390000,"[36,54,44,54,54,54,54,66,81,54,44,44]",2026-02-09,"Knowledge panel, Sitelinks, Video, People also ask, Related searches",navigational,People also ask
piano moving service near me,2,2,140,10,2.61,https://prestigemoving.ca/piano-moving-services-in-ottawa-prestige-moving/,3,1.02,7.00,0.56,98900000,"[65,65,53,43,21,34,43,65,53,34,28,43]",2026-03-03,"Local pack, People also ask, Related searches",transactional,Organic
5 star movers,3,3,110,11,0.00,http://prestigemoving.ca/moving-companies-near-me-the-ultimate-guide-to-choosing-the-best-movers-in-your-area/,3,1.02,0.00,0.33,75300000,"[42,42,26,42,53,65,53,53,42,53,53,7]",2026-02-10,"Knowledge panel, Sitelinks, Image, People also ask, Related searches",informational,People also ask
movers near me,29,29,4400,25,6.28,https://prestigemoving.ca/moving-companies-near-me-ottawa,3,1.02,18.00,0.67,0,"[16,16,19,16,19,16,44,54,29,24,19,24]",2026-03-18,"Local pack, Video, Related searches, AI overview",transactional,Organic
moving companies ottawa,20,20,2400,52,9.63,https://prestigemoving.ca/,3,1.02,28.00,0.88,0,"[36,66,80,52,100,66,80,44,44,44,66,52]",2026-03-19,"Local pack, Sitelinks, Related searches",commercial,Organic
student moving company,9,9,140,5,2.88,https://prestigemoving.ca/services/student-moving,3,1.02,8.00,0.46,0,"[41,41,64,64,64,64,100,100,82,82,100,100]",2026-03-09,"Knowledge panel, Video, Related searches, AI overview",informational,Organic
ottawa to toronto ride share,6,6,210,10,0.52,https://prestigemoving.ca/long-distance-movers-from-ottawa-to-toronto/,2,0.68,1.00,0.7,6330000,"[0,0,43,43,43,66,43,66,100,66,22,29]",2026-02-11,"Sitelinks, Video, Image, Ads bottom, People also ask, Related searches, Discussions and forums","informational, transactional",People also ask
long distance movers,22,22,1900,26,10.30,https://prestigemoving.ca/long-distance-movers-ottawa,2,0.68,20.00,0.22,0,"[36,20,24,24,52,52,52,52,66,66,80,100]",2026-03-13,"Local pack, Video, Related searches",commercial,Organic
movers ottawa,25,25,1600,49,9.64,https://prestigemoving.ca/,2,0.68,19.00,0.88,0,"[30,65,44,44,55,44,65,55,55,55,55,55]",2026-03-13,"Local pack, Video, Image, Related searches",commercial,Organic
ottawa moving companies,11,11,880,39,6.95,https://prestigemoving.ca/top-10-ottawa-movers-reviewed-who-deserves-your-trust/,2,0.68,13.00,0.86,38100000,"[5,10,8,10,35,16,24,16,13,13,13,16]",2026-02-03,"Local pack, Sitelinks, Video, People also ask, Related searches, Discussions and forums",commercial,Organic
ottawa movers,18,18,1600,49,9.63,https://prestigemoving.ca/,2,0.68,19.00,0.88,0,"[10,13,24,66,35,24,35,35,35,44,35,35]",2026-03-13,"Local pack, Video, Image, Related searches",commercial,Organic
ottawa movers,24,24,1600,49,9.63,https://prestigemoving.ca/,2,0.68,19.00,0.88,0,"[10,13,24,66,35,24,35,35,35,44,35,35]",2026-03-13,"Local pack, Video, Image, Related searches",commercial,Organic
movers orleans,9,9,170,11,6.52,https://prestigemoving.ca/professional-movers-orleans,2,0.68,13.00,0.47,0,"[18,14,18,22,22,43,43,43,43,29,35,43]",2026-03-18,"Local pack, Image, Related searches",commercial,Organic
moving companies ottawa to toronto,3,3,90,5,8.15,https://prestigemoving.ca/long-distance-movers-from-ottawa-to-toronto/,2,0.68,16.00,0.88,8400000,"[50,50,50,100,78,50,78,78,78,64,50,50]",2026-03-03,"People also ask, Related searches, AI overview",informational,People also ask
timmins movers,2,2,140,13,1.94,http://prestigemoving.ca/moving-companies-near-me-the-ultimate-guide-to-choosing-the-best-movers-in-your-area/,1,0.34,1.00,0.33,123000,"[42,80,66,33,23,52,33,66,100,80,100,66]",2026-02-10,"Local pack, Image, People also ask, Related searches",commercial,People also ask
ottawa to vancouver distance,9,9,170,15,0.00,https://prestigemoving.ca/blog/ottawa-to-vancouver-long-distance-moving-guide,1,0.34,0.00,0,13800000,"[53,65,53,65,65,65,65,80,80,80,65,65]",2026-02-19,"Image, People also ask, Related searches",informational,Organic
ottawa long distance moving,9,9,210,24,7.61,https://prestigemoving.ca/,1,0.34,7.00,0.53,5120000,"[28,23,53,43,66,66,53,100,53,43,53,66]",2026-01-31,"Local pack, Sitelinks, Video, People also ask, Related searches",commercial,Organic
commercial movers,32,32,1600,27,12.52,https://prestigemoving.ca/commercial-movers-orleans,1,0.34,12.00,0.01,0,"[3,8,5,7,10,24,29,29,44,44,53,100]",2026-03-13,"Local pack, Video, Image, Related searches",commercial,Organic
best movers moving company,7,7,390,21,5.79,http://prestigemoving.ca/moving-companies-near-me-the-ultimate-guide-to-choosing-the-best-movers-in-your-area/,1,0.34,5.00,0.57,31000000,"[54,54,44,19,67,54,36,36,54,29,44,19]",2026-02-07,"Local pack, Sitelinks, Video, People also ask, Related searches, Discussions and forums",commercial,Organic
best movers ottawa,10,10,260,38,5.89,https://prestigemoving.ca/best-movers-ottawa,1,0.34,5.00,0.48,0,"[26,5,5,39,14,39,26,26,39,32,32,32]",2026-03-19,"Knowledge panel, Sitelinks, Video, Related searches, Discussions and forums, AI overview",commercial,Organic
office movers near me,12,12,260,30,9.87,https://prestigemoving.ca/moving-companies-near-me-ottawa,1,0.34,9.00,0.46,0,"[66,44,28,28,44,28,66,54,44,35,54,54]",2026-03-18,"Local pack, Related searches",transactional,Organic
student moving services,13,13,260,6,2.88,https://prestigemoving.ca/services/student-moving,1,0.34,2.00,0.46,0,"[5,5,5,10,10,6,100,20,16,16,16,16]",2026-03-09,"Knowledge panel, Related searches, AI overview",informational,Organic
moving ottawa,8,8,320,35,6.95,https://prestigemoving.ca/top-10-ottawa-movers-reviewed-who-deserves-your-trust/,1,0.34,6.00,0.86,133000000,"[81,54,12,15,100,19,36,29,81,29,19,29]",2026-01-31,"Local pack, Sitelinks, Video, Image, People also ask, Related searches",commercial,Organic
moving companies ottawa ontario,7,7,90,46,9.64,https://prestigemoving.ca/,1,0.34,9.00,0.88,0,"[100,0,0,19,7,26,26,53,80,26,15,26]",2026-03-16,"Local pack, Related searches",commercial,Organic
best moving companies winnipeg,2,2,140,39,2.48,http://prestigemoving.ca/moving-companies-near-me-the-ultimate-guide-to-choosing-the-best-movers-in-your-area/,1,0.34,2.00,0.87,31000000,"[4,11,11,5,9,11,11,26,26,21,21,21]",2026-02-09,"Local pack, Sitelinks, People also ask, Related searches, Discussions and forums",commercial,People also ask
long distance movers vancouver,1,0,320,24,15.29,https://vancouver.prestigemoving.ca/services/long-distance-moving,1,0.34,15.00,0.12,999000,"[15,36,23,29,19,6,54,54,54,100,100,81]",2026-03-20,"Knowledge panel, Sitelinks, Related searches, AI overview",informational,AI overview
123 moving,9,9,170,17,0.00,http://prestigemoving.ca/moving-companies-near-me-the-ultimate-guide-to-choosing-the-best-movers-in-your-area/,1,0.34,0.00,0.01,823000000,"[100,81,53,43,53,53,43,43,65,65,43,43]",2026-02-10,"Video, People also ask, AI overview",informational,People also ask
piano moving companies,9,9,110,11,3.51,https://prestigemoving.ca/piano-moving-services-in-ottawa-prestige-moving/,1,0.34,3.00,0.84,0,"[3,9,9,6,6,6,53,53,34,53,81,65]",2026-03-17,"Local pack, Video, Image, Related searches",commercial,Organic
moving from ottawa to vancouver,2,2,50,5,8.23,https://prestigemoving.ca/blog/ottawa-to-vancouver-long-distance-moving-guide,0,0,0.00,0.73,8230000,"[18,18,18,18,18,18,18,100,100,100,100,100]",2026-02-16,"Sitelinks, Video, Ads bottom, Video Carousel, People also ask, Related searches, Discussions and forums, AI overview",informational,People also ask
moving from ottawa to vancouver,13,13,50,5,8.23,https://prestigemoving.ca/blog/ottawa-to-vancouver-long-distance-moving-guide,0,0,0.00,0.73,8230000,"[18,18,18,18,18,18,18,100,100,100,100,100]",2026-02-16,"Sitelinks, Video, Ads bottom, Video Carousel, People also ask, Related searches, Discussions and forums, AI overview",informational,Organic
moving from ottawa to vancouver,22,22,50,5,8.23,https://prestigemoving.ca/blog/ottawa-to-vancouver-long-distance-moving-guide,0,0,0.00,0.73,8230000,"[18,18,18,18,18,18,18,100,100,100,100,100]",2026-02-16,"Sitelinks, Video, Ads bottom, Video Carousel, People also ask, Related searches, Discussions and forums, AI overview",informational,Organic
how far is toronto to calgary,41,41,170,25,0.00,https://prestigemoving.ca/toronto-to-calgary-long-distance-moving-experts-affordable-professional-stress-free-relocation/,0,0,0.00,0,159000000,"[42,42,42,53,53,53,65,80,80,65,53,65]",2026-02-06,"Sitelinks, Video, People also ask, Related searches",informational,Organic
ottawa piano moving,15,15,210,20,2.15,https://prestigemoving.ca/services/piano-moving,0,0,0.00,0.4,998000,"[34,21,65,53,81,100,65,100,53,53,43,53]",2026-02-28,"Local pack, Sitelinks, Image, People also ask, Related searches",commercial,Organic
ottawa piano moving,32,32,210,20,2.15,https://prestigemoving.ca/piano-moving-services-in-ottawa-prestige-moving/,0,0,0.00,0.4,998000,"[34,21,65,53,81,100,65,100,53,53,43,53]",2026-02-28,"Local pack, Sitelinks, Image, People also ask, Related searches",commercial,Organic
business relocation,50,50,140,32,0.00,https://prestigemoving.ca/commercial-movers-ottawa,0,0,0.00,0.02,91000000,"[3,7,7,7,19,65,80,65,65,65,80,100]",2026-03-12,"Local pack, Video, Related searches, AI overview",informational,Organic
business relocation,80,80,140,32,0.00,https://prestigemoving.ca/ottawa-commercial-relocation-services-customized-solutions-for-every-industry/,0,0,0.00,0.02,91000000,"[3,7,7,7,19,65,80,65,65,65,80,100]",2026-03-12,"Local pack, Video, Related searches, AI overview",informational,Organic
senior relocation services,21,21,210,31,2.13,https://prestigemoving.ca/services/senior-moving,0,0,0.00,0.37,58900000,"[26,53,65,80,65,65,65,100,100,100,80,100]",2026-02-27,"Local pack, Video, People also ask, Related searches, See results about, AI overview",informational,Organic
moving companies montreal to toronto,75,75,50,13,8.11,https://prestigemoving.ca/blog/montreal-long-distance-movers-guide,0,0,0.00,0.79,10300000,"[18,18,18,63,18,18,36,81,100,63,63,45]",2026-02-21,"Sitelinks, Video, People also ask, Related searches, AI overview",commercial,Organic
cheapest moving,32,32,70,35,4.49,https://prestigemoving.ca/affordable-movers-ottawa,0,0,0.00,0.8,210,"[15,11,23,15,15,5,8,11,5,5,6,6]",2026-03-10,"Local pack, Video, Popular products, Related searches, AI overview",commercial,Organic
office moving companies vancouver,99,99,70,18,18.74,https://vancouver.prestigemoving.ca/,0,0,0.00,0.62,13900000,"[33,33,33,42,33,33,9,23,23,100,23,42]",2026-01-31,"Local pack, People also ask, Related searches",commercial,Organic
ottawa best movers,4,4,110,31,4.10,https://prestigemoving.ca/blog/top-10-ottawa-movers-reviewed-who-deserves-your-trust,0,0,0.00,0.59,120,"[0,43,2,12,5,66,28,66,100,7,7,43]",2026-03-05,"Knowledge panel, Sitelinks, People also ask, Related searches","commercial, navigational",Organic
ottawa best movers,9,9,110,31,4.10,https://prestigemoving.ca/blog/ottawa-moving-companies-ranked,0,0,0.00,0.59,120,"[0,43,2,12,5,66,28,66,100,7,7,43]",2026-03-05,"Knowledge panel, Sitelinks, People also ask, Related searches","commercial, navigational",Organic
ottawa best movers,45,45,110,31,4.10,https://prestigemoving.ca/,0,0,0.00,0.59,120,"[0,43,2,12,5,66,28,66,100,7,7,43]",2026-03-05,"Knowledge panel, Sitelinks, People also ask, Related searches","commercial, navigational",Organic
hot tub movers,47,47,590,6,2.02,https://prestigemoving.ca/blog/your-hot-tub-in-ottawa-professional-movers-you-can-trust,0,0,0.00,0.66,3820000,"[24,24,20,8,55,36,67,55,55,76,67,45]",2026-02-18,"Local pack, Video, Image, Ads bottom, People also ask, Related searches, Discussions and forums",commercial,Organic
senior moving,76,76,390,18,2.90,https://prestigemoving.ca/senior-moving-services-in-ottawa-prestige-moving/,0,0,0.00,0.32,890000000,"[7,4,13,13,20,25,16,37,31,25,25,25]",2026-01-28,"Knowledge panel, Video, People also ask, Related searches, AI overview",informational,Organic
senior moving,86,86,390,18,2.90,https://prestigemoving.ca/senior-moving-services-in-ottawa-prestige-moving/,0,0,0.00,0.32,890000000,"[7,4,13,13,20,25,16,37,31,25,25,25]",2026-01-28,"Knowledge panel, Video, People also ask, Related searches, AI overview",informational,Organic
top rated removal companies,34,34,110,37,5.79,https://prestigemoving.ca/top-10-ottawa-movers-reviewed-who-deserves-your-trust/,0,0,0.00,0.57,239000000,"[30,30,0,0,0,6,3,0,2,0,0,3]",2026-01-23,"Local pack, Ads bottom, People also ask, Related searches, Discussions and forums, AI overview",commercial,Organic
barrhaven movers,40,40,110,14,5.43,https://prestigemoving.ca/service/residential-moving-service-in-ottawa/,0,0,0.00,0.65,241000,"[5,5,28,28,53,23,5,17,17,100,28,43]",2026-01-22,"Local pack, Video, Image, People also ask, Related searches",commercial,Organic
professional packers and movers,29,29,110,31,2.15,https://prestigemoving.ca/services/packing-services,0,0,0.00,0.77,9040000,"[7,7,7,26,42,19,100,80,53,65,65,65]",2026-03-08,"Local pack, Video, Related searches, Discussions and forums, AI overview",informational,Organic
professional packers and movers,34,34,110,31,2.15,https://prestigemoving.ca/services/packing-services,0,0,0.00,0.77,9040000,"[7,7,7,26,42,19,100,80,53,65,65,65]",2026-03-08,"Local pack, Video, Related searches, Discussions and forums, AI overview",informational,Organic
canada long distance movers,64,64,590,26,8.01,https://prestigemoving.ca/long-distance-movers-ottawa,0,0,0.00,0.16,0,"[44,67,100,44,44,54,67,81,100,81,100,100]",2026-03-09,"Local pack, Sitelinks, Video, Related searches, AI overview",commercial,Organic
moving companies courtenay,4,4,110,13,3.30,https://prestigemoving.ca/blog/the-best-day-of-the-week-to-move,0,0,0.00,0.94,1030000,"[66,80,52,9,66,66,66,66,52,52,42,42]",2026-02-27,"Local pack, Sitelinks, Image, People also ask, Related searches",commercial,People also ask
address change move,50,50,110,45,0.00,https://prestigemoving.ca/blog/post-move-to-do-list-ottawa,0,0,0.00,0.01,1800000000,"[17,28,23,35,28,35,35,35,35,35,23,23]",2026-02-27,"Video, Featured snippet, People also ask, Related searches",informational,Organic
address change move,55,55,110,45,0.00,https://prestigemoving.ca/blog/post-move-to-do-list-ottawa,0,0,0.00,0.01,1800000000,"[17,28,23,35,28,35,35,35,35,35,23,23]",2026-02-27,"Video, Featured snippet, People also ask, Related searches",informational,Organic
address change move,62,62,110,45,0.00,https://prestigemoving.ca/blog/post-move-to-do-list-ottawa,0,0,0.00,0.01,1800000000,"[17,28,23,35,28,35,35,35,35,35,23,23]",2026-02-27,"Video, Featured snippet, People also ask, Related searches",informational,Organic
moving cost estimator,66,66,140,18,2.90,https://prestigemoving.ca/calculator,0,0,0.00,0.53,54800000,"[23,28,35,35,17,35,100,23,28,43,28,35]",2026-03-03,"Video, People also ask, Related searches, Discussions and forums, AI overview",commercial,Organic
ottawa piano movers,25,25,140,35,2.30,https://prestigemoving.ca/services/piano-moving,0,0,0.00,0.94,268000,"[15,19,34,42,42,42,80,80,80,65,80,100]",2026-02-28,"Local pack, Image, People also ask, Related searches, Discussions and forums",commercial,Organic
ottawa piano movers,37,37,140,35,2.30,https://prestigemoving.ca/piano-moving-services-in-ottawa-prestige-moving/,0,0,0.00,0.94,268000,"[15,19,34,42,42,42,80,80,80,65,80,100]",2026-02-28,"Local pack, Image, People also ask, Related searches, Discussions and forums",commercial,Organic
ottawa piano movers,41,41,140,35,2.30,https://prestigemoving.ca/piano-moving-services-in-ottawa-prestige-moving/,0,0,0.00,0.94,268000,"[15,19,34,42,42,42,80,80,80,65,80,100]",2026-02-28,"Local pack, Image, People also ask, Related searches, Discussions and forums",commercial,Organic
ottawa piano movers,72,72,140,35,2.30,https://prestigemoving.ca/blog/piano-moving-ottawa-specialists,0,0,0.00,0.94,268000,"[15,19,34,42,42,42,80,80,80,65,80,100]",2026-02-28,"Local pack, Image, People also ask, Related searches, Discussions and forums",commercial,Organic
corporate moving service,68,68,70,44,8.11,https://prestigemoving.ca/services/commercial-moving-services,0,0,0.00,0.33,383000000,"[14,14,78,78,78,14,78,14,14,100,50,35]",2026-02-27,"Local pack, Image, People also ask, Related searches, AI overview",informational,Organic
corporate moving service,88,88,70,44,8.11,https://prestigemoving.ca/services/commercial-moving-services,0,0,0.00,0.33,383000000,"[14,14,78,78,78,14,78,14,14,100,50,35]",2026-02-27,"Local pack, Image, People also ask, Related searches, AI overview",informational,Organic
distance from montreal to ottawa canada,72,72,260,11,0.00,https://prestigemoving.ca/ottawa-to-montreal-movers,0,0,0.00,0,0,"[81,35,66,54,23,28,54,81,35,15,35,54]",2026-03-17,"Video, Related searches",informational,Organic
long distance moving pointe claire,74,74,90,5,0.00,https://prestigemoving.ca/blog,0,0,0.00,0,19300000,"[0,0,0,0,0,4,0,80,80,80,100,100]",2026-02-21,"Local pack, Video, People also ask, Related searches, AI overview",commercial,Organic
vernon movers,4,4,110,5,2.70,https://prestigemoving.ca/blog/the-best-day-of-the-week-to-move,0,0,0.00,0.92,1890000,"[33,33,52,66,66,33,14,52,42,80,66,80]",2026-02-28,"Local pack, Image, People also ask, Related searches",commercial,People also ask
moving companies whitehorse,77,77,110,9,3.84,https://prestigemoving.ca/service/long-distance-moving-service-in-ottawa/,0,0,0.00,0.46,287000,"[9,9,9,23,29,19,15,19,19,15,15,12]",2026-02-09,"Local pack, Image, People also ask, Related searches",commercial,Organic
moving companies whitehorse,91,91,110,9,3.84,https://prestigemoving.ca/service/long-distance-moving-service-in-ottawa/,0,0,0.00,0.46,287000,"[9,9,9,23,29,19,15,19,19,15,15,12]",2026-02-09,"Local pack, Image, People also ask, Related searches",commercial,Organic
commercial office moving companies,67,67,70,25,0.00,https://prestigemoving.ca/commercial-movers-ottawa,0,0,0.00,0,0,"[14,14,14,64,50,35,100,78,78,64,64,78]",2026-03-12,"Local pack, Related searches",commercial,Organic
ottawa to vancouver distance,14,14,170,15,0.00,https://prestigemoving.ca/blog/ottawa-to-vancouver-long-distance-moving-guide,0,0,0.00,0,13800000,"[53,65,53,65,65,65,65,80,80,80,65,65]",2026-02-19,"Image, People also ask, Related searches",informational,Organic
movers kanata,55,55,140,14,6.26,https://prestigemoving.ca/,0,0,0.00,0.78,258000,"[9,43,15,15,15,15,15,81,81,65,81,100]",2026-02-14,"Local pack, Image, People also ask, Related searches",commercial,Organic
furniture movers ottawa,13,13,260,22,5.18,https://prestigemoving.ca/furniture-moving-services-in-ottawa/,0,0,0.00,0.99,0,"[5,5,7,7,11,11,59,39,32,39,39,32]",2026-03-14,"Local pack, Sitelinks, Video, Related searches",commercial,Organic
furniture movers ottawa,37,37,260,22,5.18,https://prestigemoving.ca/service/student-moving-service-in-ottawa/,0,0,0.00,0.99,0,"[5,5,7,7,11,11,59,39,32,39,39,32]",2026-03-14,"Local pack, Sitelinks, Video, Related searches",commercial,Organic
packing services,22,0,590,28,3.47,https://prestigemoving.ca/service/packing-service-in-ottawa/,0,0,0.00,0.18,148,"[11,11,25,13,16,20,37,37,25,37,52,52]",2026-03-20,"Knowledge panel, Video, Image, Related searches, AI overview",commercial,Organic
packing services,69,0,590,28,3.47,https://prestigemoving.ca/service/packing-service-in-ottawa/,0,0,0.00,0.18,148,"[11,11,25,13,16,20,37,37,25,37,52,52]",2026-03-20,"Knowledge panel, Video, Image, Related searches, AI overview",commercial,Organic
storage leaside toronto,81,81,110,31,5.37,https://prestigemoving.ca/blog/leaside-davisville-village-movers-guide,0,0,0.00,1,63800,"[33,42,42,42,33,42,33,66,66,100,80,80]",2026-03-03,"Local pack, Video, Image, Ads bottom, Related searches",commercial,Organic
medicine hat movers,2,2,90,9,2.43,https://prestigemoving.ca/blog/the-best-day-of-the-week-to-move,0,0,0.00,0.61,2940000,"[6,6,12,6,9,9,12,12,12,15,15,36]",2026-02-28,"Local pack, Sitelinks, Image, People also ask, Related searches",commercial,People also ask
calgary student movers,16,16,70,12,4.82,https://prestigemoving.ca/blog/capitol-hill-banff-trail-student-movers-ucalgary,0,0,0.00,0.43,191000,"[11,11,11,11,17,29,11,64,64,64,100,100]",2026-02-21,"Local pack, Video, Related searches",informational,Organic
do tip movers,49,49,110,6,0.07,https://prestigemoving.ca/tipping-movers-ottawa/,0,0,0.00,0.02,25400000,"[53,65,81,81,100,0,0,0,81,0,0,0]",2026-02-11,"Sitelinks, Video, Video Carousel, People also ask, Related searches, Discussions and forums, AI overview",informational,Organic
office moves,35,35,140,19,17.42,https://prestigemoving.ca/services/commercial-moving,0,0,0.00,0.3,138,"[65,43,28,34,15,12,21,34,28,43,53,100]",2026-03-05,"Local pack, Video, Image, People also ask, Related searches",commercial,Organic
best long distance moving companies,44,44,480,22,9.18,https://prestigemoving.ca/best-rated-ottawa-movers-2025/,0,0,0.00,0.04,206000000,"[7,8,7,8,8,13,13,13,13,16,16,16]",2026-01-29,"Sitelinks, Video, Ads bottom, People also ask, Related searches, Discussions and forums, AI overview",commercial,Organic
ottawa long distance moving,10,10,210,24,7.61,https://prestigemoving.ca/,0,0,0.00,0.53,5120000,"[28,23,53,43,66,66,53,100,53,43,53,66]",2026-01-31,"Local pack, Sitelinks, Video, People also ask, Related searches",commercial,Organic
ottawa long distance moving,27,27,210,24,7.61,https://prestigemoving.ca/service/long-distance-moving-service-in-ottawa/,0,0,0.00,0.53,5120000,"[28,23,53,43,66,66,53,100,53,43,53,66]",2026-01-31,"Local pack, Sitelinks, Video, People also ask, Related searches",commercial,Organic
ottawa long distance moving,39,39,210,24,7.61,https://prestigemoving.ca/service/long-distance-moving-service-in-ottawa/,0,0,0.00,0.53,5120000,"[28,23,53,43,66,66,53,100,53,43,53,66]",2026-01-31,"Local pack, Sitelinks, Video, People also ask, Related searches",commercial,Organic
ottawa long distance moving,55,55,210,24,7.61,https://prestigemoving.ca/,0,0,0.00,0.53,5120000,"[28,23,53,43,66,66,53,100,53,43,53,66]",2026-01-31,"Local pack, Sitelinks, Video, People also ask, Related searches",commercial,Organic
recommended moving companies,40,40,260,31,5.79,https://prestigemoving.ca/top-10-ottawa-movers-reviewed-who-deserves-your-trust/,0,0,0.00,0.57,342000000,"[19,0,5,5,54,36,23,44,66,54,54,36]",2026-01-22,"Local pack, Sitelinks, Video, Ads bottom, People also ask, Related searches, Ads middle, AI overview",commercial,Organic
how much does it cost for movers to move,80,80,210,12,2.19,https://prestigemoving.ca/how-much-does-it-cost-to-hire-movers-in-ottawa/,0,0,0.00,0.76,27300000,"[11,11,11,15,11,15,18,54,81,100,54,54]",2026-01-24,"Sitelinks, Video, Ads bottom, Related searches, AI overview",informational,Organic
moving companies north vancouver,84,84,390,27,11.52,https://vancouver.prestigemoving.ca/,0,0,0.00,0.54,99600000,"[44,54,66,66,66,66,66,54,44,81,66,66]",2026-02-05,"Local pack, Video, People also ask, Related searches",commercial,Organic
packing moving company,85,85,110,25,2.96,https://prestigemoving.ca/service/packing-service-in-ottawa/,0,0,0.00,0.89,89000000,"[54,66,43,100,22,4,4,4,4,4,4,4]",2026-01-28,"Local pack, Video, People also ask, Related searches",commercial,Organic
rental truck movers,37,37,90,70,1.58,https://prestigemoving.ca/blog/diy-truck-rental-vs-professional-movers-ottawa,0,0,0.00,0.69,0,"[11,11,7,7,7,26,53,100,34,42,100,19]",2026-03-17,"Local pack, Video, Related searches",commercial,Organic
rental truck movers,45,45,90,70,1.58,https://prestigemoving.ca/blog/diy-truck-rental-vs-professional-movers-ottawa,0,0,0.00,0.69,0,"[11,11,7,7,7,26,53,100,34,42,100,19]",2026-03-17,"Local pack, Video, Related searches",commercial,Organic
rental truck movers,52,52,90,70,1.58,https://prestigemoving.ca/diy-truck-rental-vs-professional-movers-ottawa/,0,0,0.00,0.69,0,"[11,11,7,7,7,26,53,100,34,42,100,19]",2026-03-17,"Local pack, Video, Related searches",commercial,Organic
piano mover ottawa,8,8,70,19,1.67,https://prestigemoving.ca/blog/piano-moving-ottawa-specialists,0,0,0.00,0.57,276000,"[21,7,14,14,14,14,21,100,100,50,78,100]",2026-02-16,"Local pack, Sitelinks, Video, Image, People also ask, Related searches",commercial,Organic
piano mover ottawa,19,19,70,19,1.67,https://prestigemoving.ca/piano-moving-services-in-ottawa-prestige-moving/,0,0,0.00,0.57,276000,"[21,7,14,14,14,14,21,100,100,50,78,100]",2026-02-16,"Local pack, Sitelinks, Video, Image, People also ask, Related searches",commercial,Organic
piano mover ottawa,33,33,70,19,1.67,https://prestigemoving.ca/blog/piano-moving-ottawa-specialists,0,0,0.00,0.57,276000,"[21,7,14,14,14,14,21,100,100,50,78,100]",2026-02-16,"Local pack, Sitelinks, Video, Image, People also ask, Related searches",commercial,Organic
moving companies in red deer,4,4,70,14,4.09,https://prestigemoving.ca/blog/the-best-day-of-the-week-to-move,0,0,0.00,0.9,34200000,"[19,23,100,19,23,23,23,23,23,19,14,23]",2026-02-28,"Local pack, Sitelinks, People also ask, Related searches",commercial,People also ask
best moving company ottawa,16,16,70,53,4.10,https://prestigemoving.ca/,0,0,0.00,0.59,36300000,"[15,19,3,3,19,7,100,65,11,11,42,7]",2026-02-26,"Local pack, Sitelinks, People also ask, Related searches, Discussions and forums",commercial,Organic
best moving company ottawa,32,32,70,53,4.10,https://prestigemoving.ca/best-movers-ottawa,0,0,0.00,0.59,36300000,"[15,19,3,3,19,7,100,65,11,11,42,7]",2026-02-26,"Local pack, Sitelinks, People also ask, Related searches, Discussions and forums",commercial,Organic
best moving company ottawa,92,92,70,53,4.10,https://prestigemoving.ca/blog/ottawa-moving-companies-ranked,0,0,0.00,0.59,36300000,"[15,19,3,3,19,7,100,65,11,11,42,7]",2026-02-26,"Local pack, Sitelinks, People also ask, Related searches, Discussions and forums",commercial,Organic
cheap moving companies ottawa,27,27,110,41,4.63,https://prestigemoving.ca/affordable-movers-in-ottawa/,0,0,0.00,0.86,78200000,"[26,26,34,42,42,34,42,34,42,65,42,65]",2026-01-26,"Local pack, Sitelinks, People also ask, Related searches, Discussions and forums",commercial,Organic
cheap moving companies ottawa,71,71,110,41,4.63,https://prestigemoving.ca/top-10-ottawa-movers-reviewed-who-deserves-your-trust/,0,0,0.00,0.86,78200000,"[26,26,34,42,42,34,42,34,42,65,42,65]",2026-01-26,"Local pack, Sitelinks, People also ask, Related searches, Discussions and forums",commercial,Organic
hire moving service,6,6,50,15,5.44,https://prestigemoving.ca/how-much-does-it-cost-to-hire-movers-in-ottawa/,0,0,0.00,0.83,166000000,"[63,81,63,81,18,18,100,18,18,18,18,18]",2026-01-25,"Local pack, Video, Ads bottom, People also ask, Related searches",commercial,Organic
hire moving service,49,49,50,15,5.44,https://prestigemoving.ca/hire-professional-movers-in-ottawa/,0,0,0.00,0.83,166000000,"[63,81,63,81,18,18,100,18,18,18,18,18]",2026-01-25,"Local pack, Video, Ads bottom, People also ask, Related searches",commercial,Organic
hire moving service,56,56,50,15,5.44,https://prestigemoving.ca/how-much-does-it-cost-to-hire-movers-in-ottawa/,0,0,0.00,0.83,166000000,"[63,81,63,81,18,18,100,18,18,18,18,18]",2026-01-25,"Local pack, Video, Ads bottom, People also ask, Related searches",commercial,Organic
piano moving service,70,70,140,7,3.20,https://prestigemoving.ca/services/piano-moving,0,0,0.00,0.13,95100000,"[53,21,21,43,43,43,43,65,81,43,53,65]",2026-02-24,"Local pack, Video, Image, People also ask, Related searches, See results about, AI overview",informational,Organic
piano moving service,88,88,140,7,3.20,https://prestigemoving.ca/services/piano-moving,0,0,0.00,0.13,95100000,"[53,21,21,43,43,43,43,65,81,43,53,65]",2026-02-24,"Local pack, Video, Image, People also ask, Related searches, See results about, AI overview",informational,Organic
moving and changing address,87,87,110,34,1.97,https://prestigemoving.ca/blog/post-move-to-do-list-ottawa,0,0,0.00,0.03,1160000000,"[33,52,52,52,66,52,66,66,66,52,42,42]",2026-02-26,"Sitelinks, Video, People also ask, Related searches, AI overview",informational,Organic
moving companies for long distance moves,44,44,1300,39,9.22,https://prestigemoving.ca/long-distance-movers-ottawa/,0,0,0.00,0.18,194000000,"[34,44,100,44,82,65,44,44,34,3,4,8]",2026-02-04,"Sitelinks, Video, Featured snippet, People also ask, Related searches, Discussions and forums","commercial, informational",Organic
village colonnade,94,94,90,15,0.00,https://prestigemoving.ca/blog/king-west-liberty-village-movers,0,0,0.00,0.01,843000,"[14,14,14,78,78,78,78,64,100,78,50,64]",2026-02-26,"Knowledge panel, Video, Image, People also ask, Related searches",informational,Organic
canadian tire boxes,5,5,590,32,0.22,https://prestigemoving.ca/moving-boxes-ottawa-where-to-buy-rent-or-get-free-boxes/,0,0,0.00,1,7210000,"[59,48,48,14,14,72,100,72,59,72,59,39]",2026-02-17,"Image pack, Sitelinks, Video, Image, Video Carousel, People also ask, Popular products, Related searches",commercial,People also ask
hire movers,15,15,210,62,4.49,https://prestigemoving.ca/hire-professional-movers-in-ottawa/,0,0,0.00,0.97,16300000,"[53,53,53,81,81,65,53,100,100,65,65,65]",2026-01-27,"Local pack, Sitelinks, Video, People also ask, Related searches",commercial,Organic
moving companies province to province,41,41,50,18,9.60,https://prestigemoving.ca/best-rated-ottawa-movers-2025/,0,0,0.00,0.88,45300000,"[18,18,18,18,18,18,18,100,100,100,63,81]",2026-02-16,"Local pack, Sitelinks, People also ask, Related searches, Ads middle, AI overview",commercial,Organic
moving companies province to province,70,70,50,18,9.60,https://prestigemoving.ca/best-rated-ottawa-movers-2025/,0,0,0.00,0.88,45300000,"[18,18,18,18,18,18,18,100,100,100,63,81]",2026-02-16,"Local pack, Sitelinks, People also ask, Related searches, Ads middle, AI overview",commercial,Organic
moving companies province to province,95,95,50,18,9.60,https://prestigemoving.ca/best-rated-ottawa-movers-2025/,0,0,0.00,0.88,45300000,"[18,18,18,18,18,18,18,100,100,100,63,81]",2026-02-16,"Local pack, Sitelinks, People also ask, Related searches, Ads middle, AI overview",commercial,Organic
best ottawa moving companies,16,16,50,40,4.10,https://prestigemoving.ca/,0,0,0.00,0.59,6010000,"[100,63,0,0,45,18,81,63,81,45,63,63]",2026-02-26,"Local pack, Sitelinks, Video, People also ask, Related searches, Discussions and forums",commercial,Organic
best ottawa moving companies,37,37,50,40,4.10,https://prestigemoving.ca/,0,0,0.00,0.59,6010000,"[100,63,0,0,45,18,81,63,81,45,63,63]",2026-02-26,"Local pack, Sitelinks, Video, People also ask, Related searches, Discussions and forums",commercial,Organic
best ottawa moving companies,85,85,50,40,4.10,https://prestigemoving.ca/blog/best-rated-ottawa-movers-2025,0,0,0.00,0.59,6010000,"[100,63,0,0,45,18,81,63,81,45,63,63]",2026-02-26,"Local pack, Sitelinks, Video, People also ask, Related searches, Discussions and forums",commercial,Organic
ottawa movers reviews,16,16,70,5,3.32,https://prestigemoving.ca/blog/ottawa-moving-companies-ranked,0,0,0.00,0.91,125,"[14,14,28,28,35,78,78,100,50,64,35,35]",2026-03-17,"Sitelinks, Related searches, Discussions and forums, AI overview",commercial,Organic
ottawa movers reviews,48,48,70,5,3.32,https://prestigemoving.ca/top-10-ottawa-movers-reviewed-who-deserves-your-trust/,0,0,0.00,0.91,125,"[14,14,28,28,35,78,78,100,50,64,35,35]",2026-03-17,"Sitelinks, Related searches, Discussions and forums, AI overview",commercial,Organic
moving services in ottawa,38,38,170,50,6.95,https://prestigemoving.ca/,0,0,0.00,0.86,20800000,"[37,20,1,0,3,2,0,8,8,5,4,4]",2026-02-13,"Local pack, People also ask, Related searches",commercial,Organic
long distance moving cote saint luc,17,17,90,6,0.00,https://prestigemoving.ca/blog/cote-saint-luc-movers-seniors-downsizing,0,0,0.00,0,1520000,"[0,0,9,33,42,4,4,80,80,66,100,100]",2026-02-21,"Local pack, People also ask, Related searches",commercial,Organic
piano mover richmond,86,86,70,5,2.69,https://vancouver.prestigemoving.ca/services/piano-moving,0,0,0.00,0.94,184000,"[5,0,0,0,0,0,0,100,100,82,100,100]",2026-02-16,"Local pack, Image, People also ask, Related searches",commercial,Organic
top rated long distance movers,20,20,210,23,9.18,https://prestigemoving.ca/blog/best-rated-ottawa-movers-2025,0,0,0.00,0.04,14500000,"[28,35,53,43,35,43,53,43,43,100,82,43]",2026-03-03,"Sitelinks, People also ask, Related searches, Discussions and forums, AI overview",commercial,Organic
local it companies near me,55,55,90,36,3.54,https://prestigemoving.ca/moving-companies-near-me-ottawa,0,0,0.00,0.56,0,"[9,6,9,6,6,9,81,100,53,15,15,21]",2026-03-17,"Local pack, Related searches",transactional,Organic
burnaby moving services,6,6,50,13,8.97,http://prestigemoving.ca/moving-companies-near-me-the-ultimate-guide-to-choosing-the-best-movers-in-your-area/,0,0,0.00,0.55,1690000,"[21,1,1,1,1,2,1,7,14,2,5,3]",2026-02-10,"Local pack, Sitelinks, Image, People also ask, Related searches",commercial,People also ask
ottawa nova scotia,67,67,210,24,0.17,https://prestigemoving.ca/ottawa-to-nova-scotia-movers,0,0,0.00,0.27,127,"[28,35,35,66,53,66,53,100,53,28,23,28]",2026-03-05,"Video, Image, People also ask, Flights, Related searches, AI overview",informational,Organic
best rated moving companies,34,34,110,21,7.44,https://prestigemoving.ca/top-10-ottawa-movers-reviewed-who-deserves-your-trust/,0,0,0.00,0.74,608000000,"[34,43,34,28,43,43,43,43,28,28,28,21]",2026-02-04,"Local pack, Sitelinks, Video, People also ask, Related searches, Discussions and forums, AI overview",commercial,Organic
ultimate movers,31,31,70,21,0.81,https://prestigemoving.ca/blog/best-movers-in-ottawa-the-ultimate-guide-to-choosing-the-right-moving-company,0,0,0.00,0.22,21900000,"[28,35,28,64,64,64,78,78,64,28,50,21]",2026-02-15,"Local pack, Video, People also ask, Related searches",commercial,Organic
long range movers,36,36,590,25,9.22,https://prestigemoving.ca/long-distance-movers-ottawa/,0,0,0.00,0.18,56300000,"[44,44,0,0,0,0,0,0,0,100,30,0]",2026-01-30,"Local pack, Sitelinks, People also ask, Related searches, Ads middle, AI overview",commercial,Organic
student moving service,12,12,90,5,2.89,https://prestigemoving.ca/services/student-moving,0,0,0.00,0.46,597000000,"[0,0,29,23,29,29,82,82,82,100,82,100]",2026-03-17,"Knowledge panel, Related searches",informational,Organic
student moving service,23,23,90,5,2.89,https://prestigemoving.ca/services/student-moving,0,0,0.00,0.46,597000000,"[0,0,29,23,29,29,82,82,82,100,82,100]",2026-03-17,"Knowledge panel, Related searches",informational,Organic
student moving service,58,58,90,5,2.89,https://prestigemoving.ca/service/student-moving-service-in-ottawa/,0,0,0.00,0.46,597000000,"[0,0,29,23,29,29,82,82,82,100,82,100]",2026-03-17,"Knowledge panel, Related searches",informational,Organic
student moving service,96,96,90,5,2.89,https://prestigemoving.ca/student-moving-services-in-ottawa-prestige-moving/,0,0,0.00,0.46,597000000,"[0,0,29,23,29,29,82,82,82,100,82,100]",2026-03-17,"Knowledge panel, Related searches",informational,Organic
local moving services,1,1,140,34,5.68,http://prestigemoving.ca/moving-companies-near-me-the-ultimate-guide-to-choosing-the-best-movers-in-your-area/,0,0,0.00,0.32,1090000000,"[5,5,5,28,28,28,100,43,53,43,53,53]",2026-02-09,"Knowledge panel, Video, Ads bottom, People also ask, Related searches, AI overview",commercial,People also ask
movers in ottawa,29,0,880,50,9.63,https://prestigemoving.ca/,0,0,0.00,0.88,123,"[41,20,54,100,54,16,30,30,41,24,20,30]",2026-03-20,"Local pack, Sitelinks, Image, Related searches",commercial,Organic
movers in ottawa,82,36,880,50,9.63,https://prestigemoving.ca/top-10-ottawa-movers-reviewed-who-deserves-your-trust/,0,0,0.00,0.88,123,"[41,20,54,100,54,16,30,30,41,24,20,30]",2026-03-20,"Local pack, Sitelinks, Image, Related searches",commercial,Organic
quote moving service,96,96,110,23,9.28,https://prestigemoving.ca/need-urgent-moving-services-in-ottawa-get-a-free-quote-fast/,0,0,0.00,0.42,155000000,"[67,67,0,0,0,0,0,4,1,1,1,1]",2026-02-10,"Local pack, Image pack, Ads bottom, People also ask, Related searches, AI overview",informational,Organic
ottawa senior movers,22,22,170,20,2.90,https://prestigemoving.ca/blog/alta-vista-senior-estate-movers,0,0,0.00,0.32,198000,"[42,26,80,80,100,100,80,100,34,26,65,65]",2026-02-17,"Knowledge panel, Sitelinks, Video, Image, Related searches",informational,Organic
ottawa senior movers,45,45,170,20,2.90,https://prestigemoving.ca/best-rated-ottawa-movers-2025/,0,0,0.00,0.32,198000,"[42,26,80,80,100,100,80,100,34,26,65,65]",2026-02-17,"Knowledge panel, Sitelinks, Video, Image, Related searches",informational,Organic
ottawa senior movers,59,59,170,20,2.90,https://prestigemoving.ca/best-rated-ottawa-movers-2025/,0,0,0.00,0.32,198000,"[42,26,80,80,100,100,80,100,34,26,65,65]",2026-02-17,"Knowledge panel, Sitelinks, Video, Image, Related searches",informational,Organic
ottawa senior movers,66,66,170,20,2.90,https://prestigemoving.ca/blog/trusted-orleans-movers-for-retirement-community-relocations,0,0,0.00,0.32,198000,"[42,26,80,80,100,100,80,100,34,26,65,65]",2026-02-17,"Knowledge panel, Sitelinks, Video, Image, Related searches",informational,Organic
ottawa senior movers,98,98,170,20,2.90,https://prestigemoving.ca/moving-company-ottawa,0,0,0.00,0.32,198000,"[42,26,80,80,100,100,80,100,34,26,65,65]",2026-02-17,"Knowledge panel, Sitelinks, Video, Image, Related searches",informational,Organic
business moving companies,88,88,70,30,9.13,https://prestigemoving.ca/services/commercial-moving,0,0,0.00,0.08,1280000000,"[7,15,3,7,11,26,100,34,26,26,34,34]",2026-02-26,"Local pack, Video, People also ask, Related searches",commercial,Organic
domestic moves,64,64,50,15,3.69,https://prestigemoving.ca/blog/barrhaven-family-movers-school-calendar-guide,0,0,0.00,0.44,635000000,"[0,0,9,9,0,0,0,100,80,42,19,19]",2026-02-21,"Local pack, Video, People also ask, Related searches, AI overview",informational,Organic
piano movers coquitlam,43,43,140,8,4.74,https://vancouver.prestigemoving.ca/services/piano-moving,0,0,0.00,0.93,21100,"[6,6,34,34,34,6,6,81,65,81,100,81]",2026-02-27,"Local pack, Image, People also ask, Related searches",commercial,Organic
nepean movers,11,11,90,8,0.00,https://prestigemoving.ca/movers-in-nepean,0,0,0.00,0.32,0,"[14,35,28,14,78,28,100,100,100,100,100,100]",2026-03-16,"Local pack, Image, Related searches",commercial,Organic
nepean movers,29,29,90,8,0.00,https://prestigemoving.ca/movers-in-nepean,0,0,0.00,0.32,0,"[14,35,28,14,78,28,100,100,100,100,100,100]",2026-03-16,"Local pack, Image, Related searches",commercial,Organic
nepean movers,57,57,90,8,0.00,https://prestigemoving.ca/commercial-movers-nepean,0,0,0.00,0.32,0,"[14,35,28,14,78,28,100,100,100,100,100,100]",2026-03-16,"Local pack, Image, Related searches",commercial,Organic
moving long distance canada,86,86,480,29,8.01,https://prestigemoving.ca/long-distance-movers-ottawa,0,0,0.00,0.16,0,"[44,81,100,44,44,44,66,66,81,66,66,66]",2026-03-07,"Local pack, Sitelinks, Video, Related searches, AI overview",commercial,Organic
appliances moving,46,46,50,11,2.39,https://prestigemoving.ca/blog/moving-appliances-guide,0,0,0.00,0.98,146000000,"[14,19,14,19,23,33,80,23,19,9,14,14]",2026-02-27,"Local pack, Sitelinks, Video, People also ask, Popular products, Related searches",commercial,Organic
moving company ottawa,26,26,1000,52,6.95,https://prestigemoving.ca/,0,0,0.00,0.86,79000000,"[13,16,24,30,24,30,30,54,79,100,41,54]",2026-01-21,"Local pack, Sitelinks, Image, People also ask, Related searches",commercial,Organic
moving company ottawa,37,37,1000,52,6.95,https://prestigemoving.ca/,0,0,0.00,0.86,79000000,"[13,16,24,30,24,30,30,54,79,100,41,54]",2026-01-21,"Local pack, Sitelinks, Image, People also ask, Related searches",commercial,Organic
furniture assembly,38,38,390,12,2.96,https://prestigemoving.ca/furniture-assembly-ottawa,0,0,0.00,0.43,0,"[81,66,81,28,54,44,81,81,66,66,66,54]",2026-03-15,"Local pack, Video, Image, Related searches",commercial,Organic
moving and delivery services,30,30,50,18,3.42,https://prestigemoving.ca/parcels-and-small-or-medium-or-large-deliveries/,0,0,0.00,0.47,566000000,"[14,14,14,14,14,78,14,14,78,78,78,28]",2026-02-16,"Local pack, Video, Ads bottom, People also ask, Related searches",commercial,Organic
moving and delivery services,57,57,50,18,3.42,https://prestigemoving.ca/parcels-and-small-or-medium-or-large-deliveries/,0,0,0.00,0.47,566000000,"[14,14,14,14,14,78,14,14,78,78,78,28]",2026-02-16,"Local pack, Video, Ads bottom, People also ask, Related searches",commercial,Organic
mover in ottawa,46,46,70,44,6.95,https://prestigemoving.ca/top-10-ottawa-movers-reviewed-who-deserves-your-trust/,0,0,0.00,0.86,40100000,"[0,0,7,0,0,100,2,17,23,23,7,5]",2026-01-25,"Local pack, Sitelinks, Image, People also ask, Related searches",commercial,Organic
orleans storage,11,11,70,30,3.03,https://prestigemoving.ca/reliable-orleans-movers-with-storage-options-available/,0,0,0.00,0.69,225000000,"[45,45,45,63,81,100,63,63,63,63,100,81]",2026-01-27,"Local pack, Image, Related searches",commercial,Organic
canada moving companies long distance,70,70,110,28,7.73,https://prestigemoving.ca/long-distance-movers-ottawa,0,0,0.00,0.12,41400000,"[0,3,1,3,3,3,1,100,81,8,8,6]",2026-02-26,"Local pack, Sitelinks, Video, Ads bottom, People also ask, Related searches",commercial,Organic
long distance moving cote-saint-luc,20,20,90,,0.00,https://prestigemoving.ca/blog/cote-saint-luc-movers-seniors-downsizing,0,0,0.00,0,770000,"[0,0,9,33,42,4,0,80,66,66,100,100]",2026-02-16,"Local pack, Video, People also ask, AI overview",commercial,Organic
local vancouver movers,86,86,70,30,9.03,https://vancouver.prestigemoving.ca/,0,0,0.00,0.6,2120000,"[0,0,7,7,11,3,3,34,42,42,80,100]",2026-02-21,"Local pack, Sitelinks, People also ask, Related searches",commercial,Organic
local vancouver movers,90,90,70,30,9.03,https://vancouver.prestigemoving.ca/,0,0,0.00,0.6,2120000,"[0,0,7,7,11,3,3,34,42,42,80,100]",2026-02-21,"Local pack, Sitelinks, People also ask, Related searches",commercial,Organic
moving companies cross canada,92,92,390,46,10.50,https://prestigemoving.ca/long-distance-movers-ottawa,0,0,0.00,0.81,92100000,"[54,54,54,66,54,66,54,81,81,100,81,66]",2026-03-05,"Local pack, Sitelinks, Video, Image, Related searches, AI overview",informational,Organic
long distance movers montreal,79,79,210,18,6.08,https://prestigemoving.ca/blog/montreal-long-distance-movers-guide,0,0,0.00,0.26,514000,"[15,18,44,44,35,44,35,54,44,35,44,54]",2026-02-21,"Local pack, Sitelinks, People also ask, Related searches",commercial,Organic
long distance movers montreal,80,80,210,18,6.08,https://prestigemoving.ca/blog/montreal-long-distance-movers-guide,0,0,0.00,0.26,514000,"[15,18,44,44,35,44,35,54,44,35,44,54]",2026-02-21,"Local pack, Sitelinks, People also ask, Related searches",commercial,Organic
moving long distance tips,48,48,390,20,0.00,https://prestigemoving.ca/the-ultimate-checklist-for-long-distance-moving-from-ottawa/,0,0,0.00,0.01,169000000,"[32,32,26,39,32,32,32,32,32,100,39,39]",2026-02-06,"Sitelinks, Video, Video Carousel, People also ask, Related searches, Discussions and forums, AI overview",informational,Organic
ottawa moving services,35,35,260,43,6.95,https://prestigemoving.ca/blog/ottawa-moving-companies-ranked,0,0,0.00,0.86,124,"[24,13,4,4,5,7,7,13,16,10,13,13]",2026-03-05,"Local pack, Video, Image, People also ask, Related searches",commercial,Organic
moving companies st albert,2,2,170,10,6.97,https://prestigemoving.ca/blog/the-best-day-of-the-week-to-move,0,0,0.00,0.95,50600000,"[19,26,53,53,53,53,34,80,80,80,80,100]",2026-02-28,"Local pack, Video, People also ask, Related searches",commercial,People also ask
movers ottawa,94,94,1600,49,9.64,https://prestigemoving.ca/moving-company-ottawa,0,0,0.00,0.88,0,"[30,65,44,44,55,44,65,55,55,55,55,55]",2026-03-13,"Local pack, Video, Image, Related searches",commercial,Organic
tvs prestige,27,27,90,23,0.00,https://prestigemoving.ca/blog/packing-electronics-tvs-pcs-smart-devices-cable-management,0,0,0.00,0,3900000,"[33,52,66,100,66,52,52,42,52,0,0,0]",2026-03-02,"Knowledge panel, Image pack, Sitelinks, Video, People also ask, Related searches",informational,Organic
tvs prestige,29,29,90,23,0.00,https://prestigemoving.ca/blog/packing-electronics-tvs-pcs-smart-devices-cable-management,0,0,0.00,0,3900000,"[33,52,66,100,66,52,52,42,52,0,0,0]",2026-03-02,"Knowledge panel, Image pack, Sitelinks, Video, People also ask, Related searches",informational,Organic
movers ottawa ontario,31,31,390,43,6.95,https://prestigemoving.ca/,0,0,0.00,0.86,585000,"[3,21,32,11,32,26,26,72,48,59,100,48]",2026-01-27,"Local pack, Image, People also ask, Related searches",commercial,Organic
prestige canada,49,49,70,38,0.00,https://prestigemoving.ca/,0,0,0.00,0.02,103000000,"[33,52,52,52,52,52,23,19,9,14,19,23]",2026-02-15,"Sitelinks, Video, Image, People also ask, Related searches",informational,Organic
commercial movers company,58,58,260,25,0.00,https://prestigemoving.ca/commercial-movers-ottawa,0,0,0.00,0.41,34400000,"[4,9,6,5,5,5,15,44,44,100,66,100]",2026-03-02,"Local pack, Related searches",commercial,Organic
commercial movers company,81,81,260,25,0.00,https://prestigemoving.ca/commercial-movers-ottawa,0,0,0.00,0.41,34400000,"[4,9,6,5,5,5,15,44,44,100,66,100]",2026-03-02,"Local pack, Related searches",commercial,Organic
how much do i tip movers,47,47,140,23,0.00,https://prestigemoving.ca/tipping-movers-ottawa/,0,0,0.00,0.03,17600000,"[52,64,82,82,82,82,100,82,100,100,64,64]",2026-01-24,"Sitelinks, Video, People also ask, Related searches, Discussions and forums, AI overview",informational,Organic
best moving company vancouver,29,29,210,41,8.29,https://vancouver.prestigemoving.ca/,0,0,0.00,0.93,121000000,"[12,12,23,29,19,12,10,19,23,67,23,29]",2026-02-10,"Local pack, Sitelinks, People also ask, Related searches, Discussions and forums",commercial,Organic
moving service in vancouver,83,83,140,24,12.13,https://vancouver.prestigemoving.ca/services/residential-moving,0,0,0.00,0.81,0,"[0,0,0,0,0,0,0,59,100,0,0,0]",2026-03-17,"Local pack, Sitelinks, Featured snippet, Related searches",commercial,Organic
fitness equipment movers,62,62,90,7,3.04,https://prestigemoving.ca/services/specialty-item-moving,0,0,0.00,0.8,12100000,"[78,64,64,64,50,50,50,50,50,100,50,78]",2026-03-03,"Local pack, Video, Popular products, Related searches, See results about, AI overview",commercial,Organic
piano moving,23,23,880,13,3.08,https://prestigemoving.ca/blog/piano-moving-ottawa-specialists,0,0,0.00,0.8,212000000,"[3,2,7,7,11,13,11,100,82,30,24,34]",2026-02-23,"Local pack, Sitelinks, Video, Image, Video Carousel, People also ask, Popular products, Related searches",commercial,Organic
move service,76,76,260,15,6.38,https://prestigemoving.ca/services/residential-moving,0,0,0.00,0.18,0,"[54,35,29,35,22,43,35,54,66,100,100,54]",2026-03-10,"Local pack, Video, Related searches",commercial,Organic
best moving companies vancouver,29,29,260,29,8.29,https://vancouver.prestigemoving.ca/,0,0,0.00,0.93,83400000,"[28,65,81,81,81,65,53,100,100,81,100,100]",2026-02-28,"Local pack, Sitelinks, People also ask, Related searches, Discussions and forums",commercial,Organic
address change list,63,63,90,37,0.00,https://prestigemoving.ca/blog/post-move-to-do-list-ottawa,0,0,0.00,0.02,2810000000,"[64,50,50,78,78,64,35,78,78,78,78,64]",2026-02-18,"Image pack, Sitelinks, Video, People also ask, Related searches, AI overview",informational,Organic
long distance movers london ontario,67,67,70,38,0.00,https://prestigemoving.ca/moving-from-ottawa-to-london-ontario,0,0,0.00,0.35,0,"[29,17,23,17,17,17,29,41,100,52,82,41]",2026-03-17,"Local pack, Video, Related searches",commercial,Organic
movers company,70,70,210,51,10.44,https://prestigemoving.ca/,0,0,0.00,0.19,0,"[1,44,5,5,5,3,28,66,100,81,66,44]",2026-03-08,"Local pack, Video, Image, Related searches",commercial,Organic
ottawa fast movers,24,24,50,22,1.83,https://prestigemoving.ca/blog/ottawa-same-day-movers-how-to-book-fast-without-overpaying,0,0,0.00,0.19,694000,"[19,19,15,15,42,26,7,19,19,11,7,7]",2026-02-25,"Knowledge panel, Sitelinks, Video, Related searches",informational,Organic
ottawa fast movers,48,48,50,22,1.83,https://prestigemoving.ca/,0,0,0.00,0.19,694000,"[19,19,15,15,42,26,7,19,19,11,7,7]",2026-02-25,"Knowledge panel, Sitelinks, Video, Related searches",informational,Organic
movers toronto to ottawa,22,22,110,5,8.14,https://prestigemoving.ca/long-distance-movers-from-ottawa-to-toronto/,0,0,0.00,0.44,1520000,"[64,64,64,100,100,52,52,64,64,64,100,64]",2026-01-24,"Sitelinks, Video, Ads bottom, Related searches",commercial,Organic
movers toronto to ottawa,52,52,110,5,8.14,https://prestigemoving.ca/long-distance-movers-from-ottawa-to-toronto/,0,0,0.00,0.44,1520000,"[64,64,64,100,100,52,52,64,64,64,100,64]",2026-01-24,"Sitelinks, Video, Ads bottom, Related searches",commercial,Organic
movers for students,49,49,50,2,2.93,https://prestigemoving.ca/services/student-moving-service,0,0,0.00,0.22,43200000,"[0,0,0,5,11,29,5,64,52,52,100,82]",2026-02-16,"Ads bottom, People also ask, Related searches, AI overview",informational,Organic
movers for students,57,57,50,2,2.93,https://prestigemoving.ca/blog/student-moving-in-ottawa-ottawa-carleton-move-in-guide,0,0,0.00,0.22,43200000,"[0,0,0,5,11,29,5,64,52,52,100,82]",2026-02-16,"Ads bottom, People also ask, Related searches, AI overview",informational,Organic
movers for students,61,61,50,2,2.93,https://prestigemoving.ca/services/student-moving-service,0,0,0.00,0.22,43200000,"[0,0,0,5,11,29,5,64,52,52,100,82]",2026-02-16,"Ads bottom, People also ask, Related searches, AI overview",informational,Organic
top rated moving,6,6,110,16,7.44,https://prestigemoving.ca/best-movers-ottawa,0,0,0.00,0.74,395000000,"[78,78,78,78,78,100,78,100,50,64,64,50]",2026-02-21,"Sitelinks, Video, People also ask, Popular products, Related searches, Discussions and forums, AI overview",commercial,Organic
top rated moving,17,17,110,16,7.44,https://prestigemoving.ca/best-movers-ottawa,0,0,0.00,0.74,395000000,"[78,78,78,78,78,100,78,100,50,64,64,50]",2026-02-21,"Sitelinks, Video, People also ask, Popular products, Related searches, Discussions and forums, AI overview",commercial,Organic
professional movers vancouver,23,23,140,41,11.64,https://vancouver.prestigemoving.ca/,0,0,0.00,0.7,0,"[5,5,5,5,5,5,43,43,66,82,100,100]",2026-03-16,"Local pack, Related searches, Discussions and forums",commercial,Organic
professional movers vancouver,62,62,140,41,11.64,https://vancouver.prestigemoving.ca/,0,0,0.00,0.7,0,"[5,5,5,5,5,5,43,43,66,82,100,100]",2026-03-16,"Local pack, Related searches, Discussions and forums",commercial,Organic
long distance movers ottawa,45,45,260,24,8.43,https://prestigemoving.ca/services/long-distance-moving,0,0,0.00,0.4,0,"[35,43,81,29,43,29,54,66,66,81,81,100]",2026-03-12,"Local pack, Video, Related searches",commercial,Organic
long distance movers ottawa,53,53,260,24,8.43,https://prestigemoving.ca/long-distance-movers-ottawa,0,0,0.00,0.4,0,"[35,43,81,29,43,29,54,66,66,81,81,100]",2026-03-12,"Local pack, Video, Related searches",commercial,Organic
long distance movers ottawa,67,67,260,24,8.43,https://prestigemoving.ca/stress-free-long-distance-moves-from-ottawa-prestiges-proven-process/,0,0,0.00,0.4,0,"[35,43,81,29,43,29,54,66,66,81,81,100]",2026-03-12,"Local pack, Video, Related searches",commercial,Organic
long distance movers ottawa,95,95,260,24,8.43,https://prestigemoving.ca/service/long-distance-moving-service-in-ottawa/,0,0,0.00,0.4,0,"[35,43,81,29,43,29,54,66,66,81,81,100]",2026-03-12,"Local pack, Video, Related searches",commercial,Organic
best long distance movers,43,43,480,25,9.18,https://prestigemoving.ca/best-rated-ottawa-movers-2025/,0,0,0.00,0.04,16900000,"[7,7,8,7,7,7,16,16,13,16,13,16]",2026-01-22,"Local pack, Sitelinks, Video, Ads bottom, People also ask, Related searches, Discussions and forums, Ads middle, AI overview",commercial,Organic
piano removal,45,45,170,11,7.83,https://prestigemoving.ca/services/piano-moving,0,0,0.00,0.76,0,"[15,23,23,23,28,18,44,44,35,28,23,54]",2026-03-10,"Local pack, Sitelinks, Video, Ads bottom, Related searches, Discussions and forums",commercial,Organic
piano removal,70,70,170,11,7.83,https://prestigemoving.ca/services/piano-moving,0,0,0.00,0.76,0,"[15,23,23,23,28,18,44,44,35,28,23,54]",2026-03-10,"Local pack, Sitelinks, Video, Ads bottom, Related searches, Discussions and forums",commercial,Organic
toronto to ottawa driving time,42,42,70,20,0.00,https://prestigemoving.ca/blog/ottawa-to-toronto-moving-guide-cost-timeline-best-route,0,0,0.00,0,11300000,"[9,9,9,9,52,42,23,42,52,33,52,52]",2026-02-21,"Sitelinks, Video, Image, People also ask, Related searches",informational,Organic
movers from toronto to ottawa,34,34,70,4,8.53,https://prestigemoving.ca/moving-from-ottawa-to-toronto,0,0,0.00,0.4,0,"[4,4,14,23,19,100,33,42,23,42,33,33]",2026-03-16,"Sitelinks, Video, Related searches, AI overview",informational,Organic
movers from toronto to ottawa,48,48,70,4,8.53,https://prestigemoving.ca/ottawa-to-toronto-movers,0,0,0.00,0.4,0,"[4,4,14,23,19,100,33,42,23,42,33,33]",2026-03-16,"Sitelinks, Video, Related searches, AI overview",informational,Organic
office mover,5,5,210,38,17.42,https://prestigemoving.ca/blog/the-best-day-of-the-week-to-move,0,0,0.00,0.3,2630000000,"[66,28,12,12,23,35,43,82,100,66,66,100]",2026-02-27,"Knowledge panel, Local pack, Video, Image, Video Carousel, People also ask, Related searches",commercial,People also ask
what to change when moving address,82,82,70,31,0.00,https://prestigemoving.ca/blog/post-move-to-do-list-ottawa,0,0,0.00,0.01,1170000000,"[18,100,18,100,100,100,81,81,63,63,63,63]",2026-02-26,"Sitelinks, Video, People also ask, Related searches, AI overview",informational,Organic
long distance movers vancouver bc,24,24,110,32,15.29,https://vancouver.prestigemoving.ca/services/long-distance-moving,0,0,0.00,0.12,0,"[34,81,53,53,43,6,15,15,100,28,12,15]",2026-03-09,"Local pack, Image, Related searches",commercial,Organic
moving supplies,70,70,1900,41,2.02,https://prestigemoving.ca/services/moving-supplies,0,0,0.00,0.78,0,"[36,36,36,36,36,52,66,66,66,80,80,100]",2026-03-19,"Local pack, Sitelinks, Video, Image, Popular products, Related searches",commercial,Organic
does one tip movers,51,51,140,12,0.07,https://prestigemoving.ca/tipping-movers-ottawa/,0,0,0.00,0.02,25600000,"[53,65,81,81,100,0,0,0,81,0,0,0]",2026-02-11,"Sitelinks, Video, Featured snippet, People also ask, Related searches, Short videos",informational,Organic
how much tip mover,38,38,210,14,0.76,https://prestigemoving.ca/tipping-movers-ottawa/,0,0,0.00,0.01,51800000,"[66,54,66,54,81,100,0,2,100,0,0,2]",2026-02-02,"Sitelinks, Video, Video Carousel, People also ask, Related searches, Short videos, AI overview",informational,Organic
how much tip mover,39,39,210,14,0.76,https://prestigemoving.ca/tipping-movers-ottawa/,0,0,0.00,0.01,51800000,"[66,54,66,54,81,100,0,2,100,0,0,2]",2026-02-02,"Sitelinks, Video, Video Carousel, People also ask, Related searches, Short videos, AI overview",informational,Organic
residential moving service,16,16,110,56,12.12,https://prestigemoving.ca/,0,0,0.00,0.03,0,"[5,8,8,8,8,5,28,18,15,23,11,81]",2026-03-16,"Local pack, Video, Related searches",commercial,Organic
furniture movers edmonton alberta,85,85,110,31,4.89,https://prestigemoving.ca/moving-from-ottawa-to-edmonton,0,0,0.00,0.71,0,"[82,64,82,82,100,82,52,52,100,82,41,29]",2026-03-16,"Local pack, Sitelinks, Video, Image, Related searches",commercial,Organic
condo moving companies,33,33,110,13,5.25,https://prestigemoving.ca/blog/best-ottawa-moving-company-for-condo-relocation-services,0,0,0.00,0.2,22500000,"[6,6,6,34,34,34,34,34,28,34,34,100]",2026-02-26,"Knowledge panel, Sitelinks, Video, People also ask, Related searches, Discussions and forums",commercial,Organic
best long distance moving company,55,55,390,34,9.18,https://prestigemoving.ca/best-rated-ottawa-movers-2025/,0,0,0.00,0.04,360000000,"[54,54,54,54,54,54,54,81,81,100,100,100]",2026-02-13,"Sitelinks, Video, People also ask, Related searches, Discussions and forums, AI overview",commercial,Organic
climate controlled storage,44,44,2900,21,3.60,https://vancouver.prestigemoving.ca/services/storage-solutions,0,0,0.00,0.37,0,"[35,29,44,35,44,44,66,66,81,81,66,81]",2026-03-19,"Knowledge panel, Video, Image, Video Carousel, Related searches, AI overview",informational,Organic
elevator move in,10,10,140,6,0.00,https://prestigemoving.ca/blog/ottawa-high-rise-moves,0,0,0.00,0,76500000,"[100,0,0,0,0,0]",2026-02-18,"Video, People also ask, Related searches, AI overview",informational,Organic
elevator move in,11,11,140,6,0.00,https://prestigemoving.ca/blog/ottawa-high-rise-moves,0,0,0.00,0,76500000,"[100,0,0,0,0,0]",2026-02-18,"Video, People also ask, Related searches, AI overview",informational,Organic
elevator move in,50,50,140,6,0.00,https://prestigemoving.ca/downtown-toronto-movers-guide/,0,0,0.00,0,76500000,"[100,0,0,0,0,0]",2026-02-18,"Video, People also ask, Related searches, AI overview",informational,Organic
best moving companies vancouver bc,81,81,170,38,8.29,https://vancouver.prestigemoving.ca/,0,0,0.00,0.93,26600000,"[34,42,80,80,42,65,53,53,65,100,53,42]",2026-03-03,"Local pack, People also ask, Related searches, Discussions and forums",commercial,Organic
student moving,26,26,70,4,3.98,https://prestigemoving.ca/service/student-moving-service-in-ottawa/,0,0,0.00,0.29,1400000000,"[0,0,0,9,14,23,9,66,66,66,100,100]",2026-02-05,"Video, Related searches, AI overview",informational,Organic
student moving,68,68,70,4,3.98,https://prestigemoving.ca/student-moving-services-in-ottawa-prestige-moving/,0,0,0.00,0.29,1400000000,"[0,0,0,9,14,23,9,66,66,66,100,100]",2026-02-05,"Video, Related searches, AI overview",informational,Organic
university moving services,99,99,170,14,0.00,https://prestigemoving.ca/services/student-moving,0,0,0.00,0,0,"[0,1,1,1,1,1,100,5,3,0,0,1]",2026-03-07,"Local pack, Video, Related searches",commercial,Organic
long distance moving companies ottawa,24,24,210,15,8.43,https://prestigemoving.ca/long-distance-movers-ottawa,0,0,0.00,0.4,0,"[29,66,54,43,35,29,54,54,43,35,35,35]",2026-03-10,"Local pack, Video, Related searches",commercial,Organic
long distance moving companies ottawa,31,31,210,15,8.43,https://prestigemoving.ca/stress-free-long-distance-moves-from-ottawa-prestiges-proven-process/,0,0,0.00,0.4,0,"[29,66,54,43,35,29,54,54,43,35,35,35]",2026-03-10,"Local pack, Video, Related searches",commercial,Organic
long distance moving companies ottawa,95,95,210,15,8.43,https://prestigemoving.ca/service/long-distance-moving-service-in-ottawa/,0,0,0.00,0.4,0,"[29,66,54,43,35,29,54,54,43,35,35,35]",2026-03-10,"Local pack, Video, Related searches",commercial,Organic
moving rate calculator,72,72,140,19,2.90,https://prestigemoving.ca/calculator,0,0,0.00,0.53,102000000,"[82,100,82,82,82,64,64,41,64,100,64,82]",2026-03-03,"Video, Ads top, People also ask, Related searches, Ads middle",commercial,Organic
cheapest movers in vancouver,28,28,50,21,6.52,https://vancouver.prestigemoving.ca/,0,0,0.00,1,152000,"[0,0,100,100,100,64,64,0,7,0,0,0]",2026-02-22,"Local pack, Sitelinks, People also ask, Related searches, Discussions and forums",commercial,Organic
cheapest movers in vancouver,36,36,50,21,6.52,https://vancouver.prestigemoving.ca/,0,0,0.00,1,152000,"[0,0,100,100,100,64,64,0,7,0,0,0]",2026-02-22,"Local pack, Sitelinks, People also ask, Related searches, Discussions and forums",commercial,Organic
moving companies long distance best,64,64,210,27,9.18,https://prestigemoving.ca/blog/best-rated-ottawa-movers-2025,0,0,0.00,0.04,150,"[28,43,53,43,35,35,53,53,35,100,82,43]",2026-03-05,"Local pack, Sitelinks, Video, People also ask, Related searches, Discussions and forums",commercial,Organic
best moving companies in calgary,2,2,70,48,7.18,http://prestigemoving.ca/moving-companies-near-me-the-ultimate-guide-to-choosing-the-best-movers-in-your-area/,0,0,0.00,0.91,65700000,"[12,12,12,15,21,15,53,12,15,21,28,15]",2026-02-09,"Local pack, Sitelinks, Video, People also ask, Related searches, Discussions and forums",commercial,People also ask
do you tip movers canada,25,25,110,,0.49,https://prestigemoving.ca/tipping-movers-ottawa/,0,0,0.00,0.03,3750000,"[42,42,34,42,42,42,53,53,53,53,42,34]",2026-01-24,"Sitelinks, Video, People also ask, Related searches, AI overview",informational,Organic
long distance moving company ottawa,1,1,110,23,7.61,https://prestigemoving.ca/best-rated-ottawa-movers-2025/,0,0,0.00,0.53,2420000,"[0,15,18,28,15,11,11,28,28,28,28,28]",2026-02-06,"Local pack, Sitelinks, Video, People also ask, Related searches, AI overview",commercial,AI overview
long distance moving company ottawa,9,9,110,23,7.61,https://prestigemoving.ca/,0,0,0.00,0.53,2420000,"[0,15,18,28,15,11,11,28,28,28,28,28]",2026-02-06,"Local pack, Sitelinks, Video, People also ask, Related searches, AI overview",commercial,Organic
long distance moving company ottawa,36,36,110,23,7.61,https://prestigemoving.ca/service/long-distance-moving-service-in-ottawa/,0,0,0.00,0.53,2420000,"[0,15,18,28,15,11,11,28,28,28,28,28]",2026-02-06,"Local pack, Sitelinks, Video, People also ask, Related searches, AI overview",commercial,Organic
long distance moving company ottawa,72,72,110,23,7.61,https://prestigemoving.ca/top-10-ottawa-movers-reviewed-who-deserves-your-trust/,0,0,0.00,0.53,2420000,"[0,15,18,28,15,11,11,28,28,28,28,28]",2026-02-06,"Local pack, Sitelinks, Video, People also ask, Related searches, AI overview",commercial,Organic
local movers ottawa,25,25,140,46,5.40,https://prestigemoving.ca/top-10-ottawa-movers-reviewed-who-deserves-your-trust/,0,0,0.00,0.72,744000,"[12,35,12,23,23,23,28,66,53,43,53,53]",2026-01-27,"Local pack, People also ask, Related searches",commercial,Organic
local movers ottawa,51,51,140,46,5.40,https://prestigemoving.ca/local-movers-in-ottawa/,0,0,0.00,0.72,744000,"[12,35,12,23,23,23,28,66,53,43,53,53]",2026-01-27,"Local pack, People also ask, Related searches",commercial,Organic
piano movers ottawa ontario,10,10,210,30,2.30,https://prestigemoving.ca/services/piano-moving,0,0,0.00,0.94,68600,"[43,66,53,43,66,53,43,43,53,66,43,43]",2026-02-22,"Local pack, Image, People also ask, Related searches",commercial,Organic
piano movers ottawa ontario,93,93,210,30,2.30,https://prestigemoving.ca/blog/piano-moving-ottawa-specialists,0,0,0.00,0.94,68600,"[43,66,53,43,66,53,43,43,53,66,43,43]",2026-02-22,"Local pack, Image, People also ask, Related searches",commercial,Organic
what to change address when moving,76,76,70,33,0.00,https://prestigemoving.ca/blog/post-move-to-do-list-ottawa,0,0,0.00,0.01,1170000000,"[18,100,18,100,100,100,81,81,63,63,63,63]",2026-02-26,"Sitelinks, Video, People also ask, Related searches, Discussions and forums, AI overview",informational,Organic
moving company residential,82,82,720,44,8.61,https://prestigemoving.ca/services/residential-moving,0,0,0.00,0.03,0,"[45,67,67,45,36,36,30,30,100,100,100,67]",2026-03-14,"Local pack, Video, Related searches",commercial,Organic
packing help for seniors,83,83,170,8,1.81,https://vancouver.prestigemoving.ca/services/senior-moving,0,0,0.00,0.58,25800000,"[7,11,15,42,65,42,80,80,80,100,100,100]",2026-03-19,"Local pack, Video, Related searches, Discussions and forums, AI overview",informational,Organic
packing help for seniors,99,99,170,8,1.81,https://vancouver.prestigemoving.ca/services/senior-moving,0,0,0.00,0.58,25800000,"[7,11,15,42,65,42,80,80,80,100,100,100]",2026-03-19,"Local pack, Video, Related searches, Discussions and forums, AI overview",informational,Organic
professional movers ottawa,15,15,590,54,5.19,https://prestigemoving.ca/top-10-ottawa-movers-reviewed-who-deserves-your-trust/,0,0,0.00,0.38,1030000,"[48,59,39,39,48,72,100,72,59,59,48,72]",2026-01-26,"Knowledge panel, Sitelinks, People also ask, Related searches",informational,Organic
professional movers ottawa,77,77,590,54,5.19,https://prestigemoving.ca/hire-professional-movers-in-ottawa/,0,0,0.00,0.38,1030000,"[48,59,39,39,48,72,100,72,59,59,48,72]",2026-01-26,"Knowledge panel, Sitelinks, People also ask, Related searches",informational,Organic
moving company furniture,66,66,70,19,4.04,https://prestigemoving.ca/furniture-moving-services-in-ottawa/,0,0,0.00,0.55,172000000,"[64,100,28,35,35,35,64,35,50,50,64,64]",2026-01-25,"Local pack, Related searches",commercial,Organic
long distance moving vancouver,65,65,90,26,33.88,https://vancouver.prestigemoving.ca/,0,0,0.00,0.25,8690000,"[21,50,100,64,35,78,35,50,64,100,50,100]",2026-02-22,"Local pack, Sitelinks, Related searches",commercial,Organic
long distance moving vancouver,70,70,90,26,33.88,https://vancouver.prestigemoving.ca/,0,0,0.00,0.25,8690000,"[21,50,100,64,35,78,35,50,64,100,50,100]",2026-02-22,"Local pack, Sitelinks, Related searches",commercial,Organic
piano mover near me,55,55,110,13,2.95,https://prestigemoving.ca/services/piano-moving,0,0,0.00,0.67,0,"[23,42,33,19,19,14,66,80,42,66,80,100]",2026-03-08,"Local pack, Video, Image, Related searches",transactional,Organic
montreal to toronto movers,48,48,110,12,4.79,https://prestigemoving.ca/montreal-to-toronto-professional-movers-reliable-long-distance-moving-services/,0,0,0.00,0.55,2800000,"[23,23,19,42,100,23,19,80,100,66,66,42]",2026-01-28,"Sitelinks, People also ask, Related searches",commercial,Organic
ottawa best movers reviews,8,8,50,15,2.90,https://prestigemoving.ca/blog/best-rated-ottawa-movers-2025,0,0,0.00,0.61,1100000,"[0,7,7,100,7,7,7,7]",2026-02-17,"Knowledge panel, Sitelinks, People also ask, Related searches, Discussions and forums, AI overview",commercial,Organic
ottawa best movers reviews,23,23,50,15,2.90,https://prestigemoving.ca/best-movers-ottawa,0,0,0.00,0.61,1100000,"[0,7,7,100,7,7,7,7]",2026-02-17,"Knowledge panel, Sitelinks, People also ask, Related searches, Discussions and forums, AI overview",commercial,Organic
ottawa best movers reviews,61,61,50,15,2.90,https://prestigemoving.ca/blog/best-movers-in-ottawa-the-ultimate-guide-to-choosing-the-right-moving-company,0,0,0.00,0.61,1100000,"[0,7,7,100,7,7,7,7]",2026-02-17,"Knowledge panel, Sitelinks, People also ask, Related searches, Discussions and forums, AI overview",commercial,Organic
ottawa best movers reviews,93,93,50,15,2.90,https://prestigemoving.ca/blog/best-movers-in-ottawa-the-ultimate-guide-to-choosing-the-right-moving-company,0,0,0.00,0.61,1100000,"[0,7,7,100,7,7,7,7]",2026-02-17,"Knowledge panel, Sitelinks, People also ask, Related searches, Discussions and forums, AI overview",commercial,Organic
taylor moving & storage,1,1,170,32,2.60,https://prestigemoving.ca/blog/the-best-day-of-the-week-to-move,0,0,0.00,0.21,34500000,"[43,43,43,43,43,43,34,65,81,81,81,81]",2026-02-27,"Local pack, Sitelinks, Video, Image, People also ask, Related searches","commercial, navigational",People also ask
urgent moving service,26,26,50,10,6.65,https://prestigemoving.ca/need-urgent-moving-services-in-ottawa-get-a-free-quote-fast/,0,0,0.00,0.58,76700000,"[14,14,14,14,21,28,14,64,64,64,100,78]",2026-02-16,"Local pack, Video, Image, Ads bottom, People also ask, Related searches, AI overview",informational,Organic
same day moving services,32,32,170,25,7.80,https://prestigemoving.ca/need-urgent-moving-services-in-ottawa-get-a-free-quote-fast/,0,0,0.00,0.53,1590000000,"[17,12,10,12,35,28,12,66,53,53,100,100]",2026-02-06,"Local pack, Video, Related searches",commercial,Organic
same day moving services,94,94,170,25,7.80,https://prestigemoving.ca/top-rated-ottawa-movers-for-same-day-moving-services/,0,0,0.00,0.53,1590000000,"[17,12,10,12,35,28,12,66,53,53,100,100]",2026-02-06,"Local pack, Video, Related searches",commercial,Organic
best long distance moving services,35,35,210,26,9.18,https://prestigemoving.ca/blog/best-rated-ottawa-movers-2025,0,0,0.00,0.04,181000000,"[28,35,66,43,66,53,53,53,35,100,82,43]",2026-03-03,"Local pack, Sitelinks, Video, Featured snippet, People also ask, Related searches, Discussions and forums",commercial,Organic
long distance moving companies canada reviews,56,56,320,16,7.52,https://prestigemoving.ca/blog/best-rated-ottawa-movers-2025,0,0,0.00,0.33,6720000,"[66,66,54,66,66,66,66,66,66,100,81,81]",2026-02-19,"Sitelinks, Video, People also ask, Related searches, Discussions and forums, AI overview",commercial,Organic
long distance moving companies canada reviews,75,75,320,16,7.52,https://prestigemoving.ca/blog/best-rated-ottawa-movers-2025,0,0,0.00,0.33,6720000,"[66,66,54,66,66,66,66,66,66,100,81,81]",2026-02-19,"Sitelinks, Video, People also ask, Related searches, Discussions and forums, AI overview",commercial,Organic
exercise equipment movers,56,56,90,5,3.04,https://vancouver.prestigemoving.ca/services/specialty-item-moving,0,0,0.00,0.8,8000000,"[78,64,64,64,50,50,50,50,50,100,50,78]",2026-03-03,"Local pack, Sitelinks, Video, People also ask, Related searches, See results about, Discussions and forums",commercial,Organic
exercise equipment movers,65,65,90,5,3.04,https://vancouver.prestigemoving.ca/services/specialty-item-moving,0,0,0.00,0.8,8000000,"[78,64,64,64,50,50,50,50,50,100,50,78]",2026-03-03,"Local pack, Sitelinks, Video, People also ask, Related searches, See results about, Discussions and forums",commercial,Organic
moving from ottawa to toronto,1,1,110,6,8.15,https://prestigemoving.ca/long-distance-movers-from-ottawa-to-toronto/,0,0,0.00,0.88,81500000,"[33,33,33,66,9,9,9,100,100,100,100,80]",2026-01-23,"Sitelinks, Video, Ads bottom, People also ask, Related searches, Discussions and forums, AI overview","commercial, informational",AI overview
moving from ottawa to toronto,5,5,110,6,8.15,https://prestigemoving.ca/long-distance-movers-from-ottawa-to-toronto/,0,0,0.00,0.88,81500000,"[33,33,33,66,9,9,9,100,100,100,100,80]",2026-01-23,"Sitelinks, Video, Ads bottom, People also ask, Related searches, Discussions and forums, AI overview","commercial, informational",People also ask
moving from ottawa to toronto,11,11,110,6,8.15,https://prestigemoving.ca/long-distance-movers-from-ottawa-to-toronto/,0,0,0.00,0.88,81500000,"[33,33,33,66,9,9,9,100,100,100,100,80]",2026-01-23,"Sitelinks, Video, Ads bottom, People also ask, Related searches, Discussions and forums, AI overview","commercial, informational",Organic
moving from ottawa to toronto,80,80,110,6,8.15,https://prestigemoving.ca/ottawa-to-toronto-movers-service/,0,0,0.00,0.88,81500000,"[33,33,33,66,9,9,9,100,100,100,100,80]",2026-01-23,"Sitelinks, Video, Ads bottom, People also ask, Related searches, Discussions and forums, AI overview","commercial, informational",Organic
your friend with a cube van,6,6,140,33,1.98,http://prestigemoving.ca/moving-companies-near-me-the-ultimate-guide-to-choosing-the-best-movers-in-your-area/,0,0,0.00,0.1,29000000,"[22,22,18,29,29,29,29,29,35,29,29,35]",2026-02-10,"Knowledge panel, Image pack, Sitelinks, Video, People also ask, Related searches",navigational,People also ask
music box piano movers,65,65,110,19,2.23,https://vancouver.prestigemoving.ca/services/piano-moving,0,0,0.00,0.29,3350000,"[41,52,52,82,82,82,82,82,82,100,64,52]",2026-03-05,"Local pack, Video, People also ask, Related searches",commercial,Organic
assemble the furniture,94,94,110,8,2.83,https://prestigemoving.ca/furniture-assembly-ottawa,0,0,0.00,0.89,38000000,"[66,0,42,52,52,52,52,42,52,66,42,52]",2026-03-03,"Sitelinks, Video, Video Carousel, People also ask, Popular products, Related searches, AI overview",informational,Organic
movers from vancouver to calgary,79,79,90,2,0.00,https://vancouver.prestigemoving.ca/services/long-distance-moving,0,0,0.00,0.17,390000,"[14,78,78,14,14,14,64,64,78,78,100,100]",2026-03-17,"Sitelinks, Video, Related searches",informational,Organic
best canadian moving companies,39,39,390,47,4.78,https://prestigemoving.ca/best-rated-ottawa-movers-2025/,0,0,0.00,0.8,236000000,"[54,54,54,66,54,66,54,66,81,81,81,81]",2026-02-08,"Local pack, Sitelinks, Video, People also ask, Related searches, Discussions and forums, AI overview",commercial,Organic
what to change address on when moving,85,85,110,30,0.00,https://prestigemoving.ca/blog/post-move-to-do-list-ottawa,0,0,0.00,0.01,1120000000,"[11,42,26,80,42,100,34,34,26,34,34,26]",2026-02-19,"Sitelinks, Video, People also ask, Related searches, AI overview",informational,Organic
what to change address on when moving,97,97,110,30,0.00,https://prestigemoving.ca/blog/post-move-to-do-list-ottawa,0,0,0.00,0.01,1120000000,"[11,42,26,80,42,100,34,34,26,34,34,26]",2026-02-19,"Sitelinks, Video, People also ask, Related searches, AI overview",informational,Organic
moving companies in ottawa ontario,53,53,390,47,6.95,https://prestigemoving.ca/,0,0,0.00,0.86,7560000,"[30,34,3,3,3,3,4,24,5,16,7,3]",2026-01-29,"Local pack, People also ask, Related searches",commercial,Organic
vancouver commercial movers,32,32,90,27,13.74,https://vancouver.prestigemoving.ca/services/commercial-moving,0,0,0.00,0.58,0,"[0,64,64,64,11,11,64,64,64,41,64,100]",2026-03-16,"Local pack, Related searches",commercial,Organic
moving company affordable,50,50,390,36,4.58,https://prestigemoving.ca/affordable-movers-in-ottawa/,0,0,0.00,0.93,260000000,"[81,81,54,100,29,44,19,36,23,54,54,29]",2026-02-10,"Local pack, Sitelinks, Video, People also ask, Related searches, Discussions and forums",commercial,Organic
montreal to toronto moving company,21,21,140,14,0.00,https://prestigemoving.ca/montreal-to-toronto-professional-movers-reliable-long-distance-moving-services/,0,0,0.00,0,9950000,"[33,52,66,66,52,52,33,100,100,80,100,80]",2026-02-03,"Sitelinks, People also ask, Related searches",commercial,Organic
fast moving services,97,97,70,15,2.01,https://prestigemoving.ca/local-movers-ottawa,0,0,0.00,0.11,639000000,"[81,63,63,63,63,63,100,63,63,81,63,63]",2026-02-27,"Local pack, People also ask, Related searches, AI overview",commercial,Organic
moving from montreal to ottawa,10,10,90,4,5.65,https://prestigemoving.ca/moving-from-montreal-to-ottawa,0,0,0.00,0.37,0,"[1,1,1,1,1,1,8,8,8,7,5,8]",2026-03-17,"Sitelinks, Video, Video Carousel, Related searches, Discussions and forums, AI overview",informational,Organic
moving from montreal to ottawa,31,31,90,4,5.65,https://prestigemoving.ca/long-distance-moving-from-ottawa-to-toronto-montreal-and-beyond/,0,0,0.00,0.37,0,"[1,1,1,1,1,1,8,8,8,7,5,8]",2026-03-17,"Sitelinks, Video, Video Carousel, Related searches, Discussions and forums, AI overview",informational,Organic
moving from montreal to ottawa,43,43,90,4,5.65,https://prestigemoving.ca/long-distance-moving-from-ottawa-to-toronto-montreal-and-beyond/,0,0,0.00,0.37,0,"[1,1,1,1,1,1,8,8,8,7,5,8]",2026-03-17,"Sitelinks, Video, Video Carousel, Related searches, Discussions and forums, AI overview",informational,Organic
moving from montreal to ottawa,49,49,90,4,5.65,https://prestigemoving.ca/ottawa-to-montreal-movers,0,0,0.00,0.37,0,"[1,1,1,1,1,1,8,8,8,7,5,8]",2026-03-17,"Sitelinks, Video, Video Carousel, Related searches, Discussions and forums, AI overview",informational,Organic
moving jacuzzi,91,91,590,23,2.02,https://prestigemoving.ca/blog/your-hot-tub-in-ottawa-professional-movers-you-can-trust,0,0,0.00,0.66,38300000,"[21,21,26,48,100,88,88,32,48,100,48,48]",2026-02-22,"Local pack, Sitelinks, Video, Image, Video Carousel, People also ask, Related searches, Short videos, Discussions and forums, AI overview",informational,Organic
faster moving services,29,29,50,12,2.01,https://prestigemoving.ca/need-urgent-moving-services-in-ottawa-get-a-free-quote-fast/,0,0,0.00,0.11,1450000000,"[81,63,63,81,0,63,0,81,63,81,63,9]",2026-02-09,"Knowledge panel, Related searches",navigational,Organic
moving vancouver,3,3,390,40,11.54,https://prestigemoving.ca/blog/the-best-day-of-the-week-to-move,0,0,0.00,0.76,160000000,"[24,6,8,6,100,8,8,30,30,24,30,67]",2026-02-28,"Local pack, Video, Image, People also ask, Related searches",commercial,People also ask
ottawa piano moving services,51,51,110,17,2.15,https://prestigemoving.ca/expert-piano-movers-in-ottawa/,0,0,0.00,0.4,696000,"[7,7,100,65,80,53,34,26,26,100,34,26]",2026-02-17,"Local pack, Image, People also ask, Related searches",commercial,Organic
ottawa piano moving services,62,62,110,17,2.15,https://prestigemoving.ca/piano-moving-services-in-ottawa-prestige-moving/,0,0,0.00,0.4,696000,"[7,7,100,65,80,53,34,26,26,100,34,26]",2026-02-17,"Local pack, Image, People also ask, Related searches",commercial,Organic
ottawa piano moving services,99,99,110,17,2.15,https://prestigemoving.ca/blog/piano-moving-ottawa-specialists,0,0,0.00,0.4,696000,"[7,7,100,65,80,53,34,26,26,100,34,26]",2026-02-17,"Local pack, Image, People also ask, Related searches",commercial,Organic
best moving companies etobicoke,6,6,70,14,9.05,http://prestigemoving.ca/moving-companies-near-me-the-ultimate-guide-to-choosing-the-best-movers-in-your-area/,0,0,0.00,0.57,195000,"[7,7,19,34,42,26,7,19,15,42,42,34]",2026-02-10,"Local pack, Sitelinks, People also ask, Related searches, Discussions and forums",commercial,People also ask
ottawa senior moves,19,19,170,16,0.00,https://prestigemoving.ca/,0,0,0.00,0,14400000,"[42,19,80,65,100,100,80,100,34,15,65,65]",2026-02-24,"Knowledge panel, Sitelinks, Video, People also ask, Related searches",informational,Organic
same day movers,20,20,260,15,7.80,https://prestigemoving.ca/top-rated-ottawa-movers-for-same-day-moving-services/,0,0,0.00,0.53,86000000,"[16,13,13,20,20,24,16,13,20,24,30,36]",2026-02-03,"Local pack, Video, People also ask, Related searches",informational,Organic
first rate movers inc,24,24,140,18,2.62,https://prestigemoving.ca/top-10-ottawa-movers-reviewed-who-deserves-your-trust/,0,0,0.00,0.37,33400000,"[42,53,53,26,53,65,65,53,53,53,53,42]",2026-02-11,"Knowledge panel, Sitelinks, Video, Image, People also ask, Related searches",navigational,Organic
first rate movers inc,68,68,140,18,2.62,https://prestigemoving.ca/,0,0,0.00,0.37,33400000,"[42,53,53,26,53,65,65,53,53,53,53,42]",2026-02-11,"Knowledge panel, Sitelinks, Video, Image, People also ask, Related searches",navigational,Organic
top rated movers,29,29,110,23,5.86,https://prestigemoving.ca/top-10-ottawa-movers-reviewed-who-deserves-your-trust/,0,0,0.00,0.7,0,"[43,28,28,43,34,43,43,21,28,43,28,15]",2026-03-15,"Knowledge panel, Sitelinks, Related searches, AI overview","commercial, informational",Organic
student movers london ontario,31,31,70,7,3.11,https://prestigemoving.ca/services/student-moving,0,0,0.00,0.35,25600000,"[14,14,18,6,6,4,14,18,18,8,18,22]",2026-03-17,"Local pack, Video, Image, Related searches",commercial,Organic
student movers london ontario,95,95,70,7,3.11,https://prestigemoving.ca/services/student-moving,0,0,0.00,0.35,25600000,"[14,14,18,6,6,4,14,18,18,8,18,22]",2026-03-17,"Local pack, Video, Image, Related searches",commercial,Organic
local moving company vancouver,82,82,110,39,11.64,https://vancouver.prestigemoving.ca/,0,0,0.00,0.65,0,"[2,12,12,7,2,2,15,19,15,15,29,29]",2026-03-07,"Local pack, Sitelinks, Related searches",commercial,Organic
local moving company vancouver,91,91,110,39,11.64,https://vancouver.prestigemoving.ca/,0,0,0.00,0.65,0,"[2,12,12,7,2,2,15,19,15,15,29,29]",2026-03-07,"Local pack, Sitelinks, Related searches",commercial,Organic
university movers,71,71,110,12,0.00,https://prestigemoving.ca/services/student-moving,0,0,0.00,0.03,43000000,"[3,3,3,3,3,5,18,100,23,11,6,18]",2026-02-27,"Knowledge panel, Image, People also ask, Related searches, AI overview",informational,Organic
moving company for hire,56,56,90,36,4.49,https://prestigemoving.ca/hire-professional-movers-in-ottawa/,0,0,0.00,0.97,149000000,"[0,0,0,0,0,100,0,100,65,42,42,42]",2026-02-06,"Local pack, Sitelinks, Video, Ads top, People also ask, Related searches, Ads middle",commercial,Organic
affordable movers,29,29,260,35,5.64,https://prestigemoving.ca/affordable-movers-ottawa,0,0,0.00,0.86,22200000,"[22,29,29,43,54,54,29,81,81,54,100,66]",2026-02-25,"Local pack, Sitelinks, Video, People also ask, Related searches, Discussions and forums",commercial,Organic
low cost long distance moving companies,79,79,260,22,4.65,https://prestigemoving.ca/,0,0,0.00,0.14,213000000,"[15,23,54,81,66,44,23,23,23,100,18,15]",2026-03-05,"Video, People also ask, Related searches, AI overview",commercial,Organic
movers manotick,10,10,70,,0.00,https://prestigemoving.ca/blog/manotick-movers-waterfront-estate-village,0,0,0.00,0,180000,"[4,0,0,0,4,0,4,80,80,66,100,100]",2026-02-21,"Knowledge panel, Image pack, Sitelinks, Video, Image, People also ask",informational,Organic
movers manotick,78,78,70,,0.00,https://prestigemoving.ca/,0,0,0.00,0,180000,"[4,0,0,0,4,0,4,80,80,66,100,100]",2026-02-21,"Knowledge panel, Image pack, Sitelinks, Video, Image, People also ask",informational,Organic
piano movers burnaby,21,21,50,,2.15,https://vancouver.prestigemoving.ca/services/piano-moving,0,0,0.00,0.69,27000,"[18,18,18,18,18,18,18,81,63,100,100,100]",2026-02-16,"Knowledge panel, Video, Image, People also ask, Related searches, AI overview",informational,Organic
piano movers burnaby,35,35,50,,2.15,https://vancouver.prestigemoving.ca/services/piano-moving,0,0,0.00,0.69,27000,"[18,18,18,18,18,18,18,81,63,100,100,100]",2026-02-16,"Knowledge panel, Video, Image, People also ask, Related searches, AI overview",informational,Organic
ottawa calgary distance,18,18,90,16,0.00,https://prestigemoving.ca/moving-from-ottawa-to-calgary,0,0,0.00,0,103,"[50,50,50,64,78,78,64,64,50,64,50,50]",2026-03-17,"Related searches, AI overview",informational,Organic
college movers,19,19,90,,0.00,https://prestigemoving.ca/services/student-moving,0,0,0.00,0.38,0,"[3,3,3,3,5,5,11,100,15,11,3,3]",2026-02-27,"Video, Related searches, AI overview",informational,Organic
college movers,25,25,90,,0.00,https://prestigemoving.ca/,0,0,0.00,0.38,0,"[3,3,3,3,5,5,11,100,15,11,3,3]",2026-02-27,"Video, Related searches, AI overview",informational,Organic
college movers,57,57,90,,0.00,https://prestigemoving.ca/,0,0,0.00,0.38,0,"[3,3,3,3,5,5,11,100,15,11,3,3]",2026-02-27,"Video, Related searches, AI overview",informational,Organic
moving companies in ottawa canada,27,27,590,26,6.95,https://prestigemoving.ca/top-10-ottawa-movers-reviewed-who-deserves-your-trust/,0,0,0.00,0.86,14000000,"[0,0,0,0,100,65,5,1,55,2,4,3]",2026-01-21,"Local pack, Sitelinks, People also ask, Related searches",commercial,Organic
moving companies in ottawa canada,55,55,590,26,6.95,https://prestigemoving.ca/,0,0,0.00,0.86,14000000,"[0,0,0,0,100,65,5,1,55,2,4,3]",2026-01-21,"Local pack, Sitelinks, People also ask, Related searches",commercial,Organic
moving companies that move pianos,97,97,320,6,3.19,https://prestigemoving.ca/piano-moving-services-in-ottawa-prestige-moving/,0,0,0.00,0.59,4370000,"[44,54,23,19,15,100,19,67,54,29,36,12]",2026-02-02,"Local pack, People also ask, Related searches",commercial,Organic
licensed insured,42,42,70,15,0.93,https://prestigemoving.ca/blog/licensed-insured-choose-legit-moving-company,0,0,0.00,0.14,32900000,"[0,0,0,0,12,100,81,12,9,6,12,0]",2026-02-27,"Sitelinks, Video Carousel, People also ask, Related searches, AI overview",informational,Organic
vancouver moves,92,92,70,,11.54,https://vancouver.prestigemoving.ca/,0,0,0.00,0.76,231000000,"[5,5,0,0,0,0,0,100,100,100,100,82]",2026-02-21,"Video, People also ask, Related searches, AI overview",commercial,Organic
moving service prices,73,73,260,15,3.40,https://prestigemoving.ca/local-ottawa-moving-rates,0,0,0.00,0.68,148,"[100,54,54,66,54,43,54,54,35,29,22,29]",2026-03-18,"Sitelinks, Video, Related searches, AI overview",transactional,Organic
commercial moves,20,20,170,7,8.18,https://prestigemoving.ca/commercial-movers-ottawa,0,0,0.00,0.01,1430000000,"[14,21,26,26,5,11,14,32,14,11,14,21]",2026-03-03,"Knowledge panel, Video, People also ask, AI overview","commercial, informational",Organic
commercial moves,26,26,170,7,8.18,https://prestigemoving.ca/commercial-movers-ottawa,0,0,0.00,0.01,1430000000,"[14,21,26,26,5,11,14,32,14,11,14,21]",2026-03-03,"Knowledge panel, Video, People also ask, AI overview","commercial, informational",Organic
same day moving service,35,35,210,20,7.80,https://prestigemoving.ca/need-urgent-moving-services-in-ottawa-get-a-free-quote-fast/,0,0,0.00,0.53,1480000000,"[35,29,29,54,43,54,43,29,43,100,29,54]",2026-02-11,"Local pack, Video, People also ask, Related searches",commercial,Organic
what change of address when moving,73,73,70,27,0.00,https://prestigemoving.ca/blog/post-move-to-do-list-ottawa,0,0,0.00,0.01,1170000000,"[18,100,18,100,100,100,81,63,63,81,81,63]",2026-02-26,"Sitelinks, Video, People also ask, Related searches, AI overview",informational,Organic
we move you,3,3,50,23,4.46,https://prestigemoving.ca/blog/the-best-day-of-the-week-to-move,0,0,0.00,0.84,2640000000,"[19,26,26,26,26,26,7,65,19,7,7,7]",2026-02-28,"Video, People also ask, Related searches, See results about","commercial, informational",People also ask
piano move,77,77,110,16,3.22,https://prestigemoving.ca/piano-moving-services-in-ottawa-prestige-moving/,0,0,0.00,0.99,0,"[18,10,8,18,100,8,18,18,18,22,18,18]",2026-03-09,"Local pack, Image pack, Video, Image, Video Carousel, Related searches",commercial,Organic
senior moving company,50,50,390,21,2.90,https://prestigemoving.ca/senior-moving-services-in-ottawa-prestige-moving/,0,0,0.00,0.32,598000000,"[54,66,100,54,54,66,35,35,35,100,44,66]",2026-01-27,"Knowledge panel, Video, People also ask, Related searches",commercial,Organic
ottawa professional movers,23,23,90,48,5.19,https://prestigemoving.ca/best-rated-ottawa-movers-2025/,0,0,0.00,0.38,622000,"[0,3,1,1,1,3,5,8,8,100,44,11]",2026-02-17,"Local pack, Sitelinks, People also ask, Related searches",commercial,Organic
ottawa professional movers,46,46,90,48,5.19,https://prestigemoving.ca/contact,0,0,0.00,0.38,622000,"[0,3,1,1,1,3,5,8,8,100,44,11]",2026-02-17,"Local pack, Sitelinks, People also ask, Related searches",commercial,Organic
last minute movers,63,63,390,23,6.27,https://prestigemoving.ca/last-minute-movers-in-ottawa-emergency-moving-help/,0,0,0.00,0.26,20500000,"[54,35,44,54,44,81,66,44,44,100,100,100]",2026-02-05,"Local pack, Sitelinks, Video, People also ask, Related searches",commercial,Organic
dymon storage industrial ave ottawa,68,68,140,20,0.00,https://prestigemoving.ca/service/storage-solution-service-in-ottawa/,0,0,0.00,0,2630,"[100,0,0,0,0,0]",2026-02-02,"Knowledge panel, Video, Ads bottom, People also ask, Related searches","informational, transactional",Organic
movers port coquitlam,4,4,110,12,6.49,https://prestigemoving.ca/blog/the-best-day-of-the-week-to-move,0,0,0.00,0.66,376000,"[10,15,10,12,12,10,7,10,10,12,12,15]",2026-02-28,"Knowledge panel, Image, People also ask, Related searches",informational,People also ask
moving company orleans,18,18,50,16,4.55,https://prestigemoving.ca/movers-in-orleans,0,0,0.00,0.75,57700000,"[7,14,14,7,7,14,35,78,100,78,64,64]",2026-02-16,"Local pack, People also ask, Related searches",commercial,Organic
moving company orleans,35,35,50,16,4.55,https://prestigemoving.ca/top-orleans-moving-company-with-free-estimates/,0,0,0.00,0.75,57700000,"[7,14,14,7,7,14,35,78,100,78,64,64]",2026-02-16,"Local pack, People also ask, Related searches",commercial,Organic
moving company orleans,45,45,50,16,4.55,https://prestigemoving.ca/reliable-orleans-movers-with-storage-options-available/,0,0,0.00,0.75,57700000,"[7,14,14,7,7,14,35,78,100,78,64,64]",2026-02-16,"Local pack, People also ask, Related searches",commercial,Organic
moving company orleans,75,75,50,16,4.55,https://prestigemoving.ca/blog/compare-top-orleans-moving-companies-before-you-book,0,0,0.00,0.75,57700000,"[7,14,14,7,7,14,35,78,100,78,64,64]",2026-02-16,"Local pack, People also ask, Related searches",commercial,Organic
pack and move boxes,90,90,170,32,1.41,https://prestigemoving.ca/services/moving-supplies,0,0,0.00,0.63,1320000000,"[26,34,42,100,53,53,80,80,65,100,65,34]",2026-02-27,"Local pack, Image pack, Sitelinks, Video, Image, Ads top, Video Carousel, People also ask, Popular products, Related searches, Ads middle",commercial,Organic
household movers,75,75,590,18,3.71,https://prestigemoving.ca/residential-movers-ottawa,0,0,0.00,0.46,0,"[54,54,81,67,54,54,44,44,67,44,100,67]",2026-03-12,"Local pack, Sitelinks, Video, Image, Related searches, AI overview",navigational,Organic
move ottawa,39,39,320,41,6.95,https://prestigemoving.ca/,0,0,0.00,0.86,135000000,"[25,31,11,7,5,13,46,8,31,13,8,5]",2026-02-13,"Knowledge panel, Sitelinks, Video, Related searches","navigational, transactional",Organic
move ottawa,46,46,320,41,6.95,https://prestigemoving.ca/,0,0,0.00,0.86,135000000,"[25,31,11,7,5,13,46,8,31,13,8,5]",2026-02-13,"Knowledge panel, Sitelinks, Video, Related searches","navigational, transactional",Organic
best vancouver moving companies,76,76,50,30,8.29,https://vancouver.prestigemoving.ca/,0,0,0.00,0.93,21000000,"[0,7,0,7,64,64,35,50,50,50,64,7]",2026-02-16,"Local pack, People also ask, Related searches, Discussions and forums",commercial,Organic
moving toronto to ottawa,49,49,50,4,8.53,https://prestigemoving.ca/ottawa-to-toronto-movers-service/,0,0,0.00,0.4,0,"[0,0,0,100,4,2,14,2,2,4,4,4]",2026-03-08,"Sitelinks, Video, Related searches, Discussions and forums, AI overview",informational,Organic
industrial moving services,74,74,50,9,6.35,https://prestigemoving.ca/services/commercial-moving,0,0,0.00,0.25,255000000,"[100,18,18,18,18,18,18,100,100,81,36,100]",2026-02-26,"Local pack, People also ask, Related searches",commercial,Organic
structube merivale road ottawa,43,43,1000,25,0.32,https://prestigemoving.ca/furniture-assembly-ottawa,0,0,0.00,0.24,6160,"[55,45,16,62,62,55,62,100,81,81,45,55]",2026-02-24,"Knowledge panel, Image pack, Sitelinks, Video, Image, People also ask, Related searches","informational, transactional",Organic
moving in vancouver,34,34,170,31,9.64,https://vancouver.prestigemoving.ca/,0,0,0.00,0.39,0,"[5,5,7,7,7,7,66,66,66,82,100,100]",2026-03-08,"Knowledge panel, Video, Image, Related searches","commercial, informational",Organic
moving in vancouver,75,75,170,31,9.64,https://vancouver.prestigemoving.ca/services/residential-moving,0,0,0.00,0.39,0,"[5,5,7,7,7,7,66,66,66,82,100,100]",2026-03-08,"Knowledge panel, Video, Image, Related searches","commercial, informational",Organic
piano moving estimate,87,87,260,5,1.82,https://prestigemoving.ca/services/piano-moving,0,0,0.00,0.18,5870000,"[23,54,81,100,29,23,29,23,29,9,15,54]",2026-02-26,"Image pack, Sitelinks, Video, People also ask, Related searches, AI overview",informational,Organic
professional piano moving,49,49,70,12,2.49,https://prestigemoving.ca/blog/piano-moving-ottawa-specialists,0,0,0.00,0.31,23900000,"[0,0,0,14,21,35,7,100,100,78,100,100]",2026-02-16,"Local pack, Ads bottom, Video Carousel, People also ask, Related searches, AI overview",commercial,Organic
best movers ottawa,22,22,260,38,5.89,https://prestigemoving.ca/blog/top-10-ottawa-movers-reviewed-who-deserves-your-trust,0,0,0.00,0.48,0,"[26,5,5,39,14,39,26,26,39,32,32,32]",2026-03-19,"Knowledge panel, Sitelinks, Video, Related searches, Discussions and forums, AI overview",commercial,Organic
best movers ottawa,58,58,260,38,5.89,https://prestigemoving.ca/moving-companies-near-me-ottawa,0,0,0.00,0.48,0,"[26,5,5,39,14,39,26,26,39,32,32,32]",2026-03-19,"Knowledge panel, Sitelinks, Video, Related searches, Discussions and forums, AI overview",commercial,Organic
best movers ottawa,89,89,260,38,5.89,https://prestigemoving.ca/top-10-ottawa-movers-reviewed-who-deserves-your-trust/,0,0,0.00,0.48,0,"[26,5,5,39,14,39,26,26,39,32,32,32]",2026-03-19,"Knowledge panel, Sitelinks, Video, Related searches, Discussions and forums, AI overview",commercial,Organic
hydro ottawa moving,30,30,110,22,0.00,https://prestigemoving.ca/blog/post-move-to-do-list-ottawa,0,0,0.00,0.01,1500000,"[33,33,33,42,42,52,80,80,66,52,42,42]",2026-02-21,"Sitelinks, Video, Related searches",navigational,Organic
packing moving companies,99,99,70,23,7.22,https://prestigemoving.ca/packing-service-in-ottawa/,0,0,0.00,1,0,"[10,2,100,8,2,0,8,8,4,6,14,14]",2026-03-08,"Local pack, Video, Related searches",commercial,Organic
canadian moving companies reviews,70,70,320,20,2.78,https://prestigemoving.ca/top-10-ottawa-movers-reviewed-who-deserves-your-trust/,0,0,0.00,0.39,122000000,"[44,44,36,44,44,44,44,44,44,44,36,36]",2026-02-03,"Local pack, Sitelinks, Video, People also ask, Related searches, Discussions and forums, AI overview",commercial,Organic
moving services across canada,35,35,480,60,6.82,https://prestigemoving.ca/services/long-distance-moving,0,0,0.00,0.75,0,"[30,62,100,30,8,13,16,30,13,10,13,10]",2026-03-16,"Local pack, Sitelinks, Video, Related searches, AI overview",informational,Organic
international movers winnipeg,56,56,90,7,0.00,https://prestigemoving.ca/international-movers-ottawa,0,0,0.00,0.17,0,"[14,14,14,78,78,78,78,64,100,100,64,78]",2026-03-17,"Knowledge panel, Related searches",commercial,Organic
international movers winnipeg,98,98,90,7,0.00,https://prestigemoving.ca/international-movers-ottawa,0,0,0.00,0.17,0,"[14,14,14,78,78,78,78,64,100,100,64,78]",2026-03-17,"Knowledge panel, Related searches",commercial,Organic
vancouver best movers,65,65,70,38,8.29,https://vancouver.prestigemoving.ca/,0,0,0.00,0.93,3720000,"[0,0,64,50,0,0,7,100,64,78,78,100]",2026-02-21,"Local pack, Sitelinks, Video, People also ask, Related searches, Discussions and forums",commercial,Organic
moving company kanata,14,14,110,9,6.47,https://prestigemoving.ca/residential-movers-kanata,0,0,0.00,0.46,0,"[14,33,42,19,42,23,66,52,100,66,52,42]",2026-03-19,"Local pack, Image, Related searches",commercial,Organic
moving company kanata,40,40,110,9,6.47,https://prestigemoving.ca/residential-movers-kanata,0,0,0.00,0.46,0,"[14,33,42,19,42,23,66,52,100,66,52,42]",2026-03-19,"Local pack, Image, Related searches",commercial,Organic
moving company kanata,81,81,110,9,6.47,https://prestigemoving.ca/,0,0,0.00,0.46,0,"[14,33,42,19,42,23,66,52,100,66,52,42]",2026-03-19,"Local pack, Image, Related searches",commercial,Organic
ottawa moving company,46,46,720,45,6.95,https://prestigemoving.ca/,0,0,0.00,0.86,75000000,"[16,20,81,100,36,30,45,55,45,55,55,45]",2026-02-11,"Local pack, Sitelinks, Video, Image, People also ask, Related searches",commercial,Organic
nanaimo moving services,3,3,880,22,4.95,http://prestigemoving.ca/moving-companies-near-me-the-ultimate-guide-to-choosing-the-best-movers-in-your-area/,0,0,0.00,0.79,624000,"[55,81,62,100,100,55,62,55,20,13,6,16]",2026-02-10,"Local pack, Image, People also ask, Related searches",commercial,People also ask
allied moving services,3,3,210,30,25.69,http://prestigemoving.ca/moving-companies-near-me-the-ultimate-guide-to-choosing-the-best-movers-in-your-area/,0,0,0.00,0.25,78500000,"[28,43,34,43,53,65,53,81,65,65,100,100]",2026-02-09,"Local pack, Video, Ads top, People also ask, Related searches, See results about, Ads middle",commercial,People also ask
corporate relocation services,85,85,260,49,5.05,https://prestigemoving.ca/ottawa-commercial-relocation-services-customized-solutions-for-every-industry/,0,0,0.00,0.16,65800000,"[3,18,18,23,23,35,35,54,100,81,54,66]",2026-02-17,"Local pack, Video, People also ask, Related searches, AI overview",informational,Organic
storage lockers orleans,30,30,90,33,3.03,https://prestigemoving.ca/reliable-orleans-movers-with-storage-options-available/,0,0,0.00,0.69,4440000,"[42,33,33,52,66,52,52,33,42,42,52,42]",2026-02-22,"Local pack, Video, Image, People also ask, Related searches",commercial,Organic
storage lockers orleans,71,71,90,33,3.03,https://prestigemoving.ca/blog/reliable-orleans-movers-with-storage-options-available,0,0,0.00,0.69,4440000,"[42,33,33,52,66,52,52,33,42,42,52,42]",2026-02-22,"Local pack, Video, Image, People also ask, Related searches",commercial,Organic
cheap moving materials,71,71,50,31,1.44,https://prestigemoving.ca/services/moving-supplies,0,0,0.00,0.84,0,"[18,18,100,100,18,100,100,18,100,18,18,18]",2026-03-08,"Local pack, Sitelinks, Video, Image, Popular products, Related searches, Discussions and forums, AI overview",commercial,Organic
cheap affordable movers,92,92,170,26,7.21,https://prestigemoving.ca/affordable-movers-in-ottawa/,0,0,0.00,0.69,36700000,"[43,43,43,54,43,35,29,14,22,35,29,29]",2026-01-27,"Local pack, Sitelinks, Video, People also ask, Related searches, Discussions and forums",commercial,Organic
moving papa toronto,7,7,50,29,8.29,https://prestigemoving.ca/long-distance-movers-from-ottawa-to-toronto/,0,0,0.00,0.68,10300000,"[7,7,5,28,5,5,28,28,28,5,5,5]",2026-02-20,"Knowledge panel, Sitelinks, Video, People also ask, Related searches",navigational,People also ask
moving company in ottawa,28,28,480,50,6.95,https://prestigemoving.ca/top-10-ottawa-movers-reviewed-who-deserves-your-trust/,0,0,0.00,0.86,16500000,"[20,62,1,1,1,10,1,13,20,100,81,6]",2026-01-26,"Local pack, Sitelinks, Image, People also ask, Related searches",commercial,Organic
moving company office,67,67,170,26,11.13,https://prestigemoving.ca/services/commercial-moving,0,0,0.00,0.12,877000000,"[6,34,34,34,34,43,43,21,28,100,100,100]",2026-02-20,"Local pack, Image, People also ask, Related searches",commercial,Organic
compare moving companies,66,66,320,28,5.00,https://prestigemoving.ca/blog/ottawa-moving-companies-ranked,0,0,0.00,0.84,511000000,"[20,24,20,24,24,24,24,24,24,45,30,24]",2026-02-17,"Video, People also ask, Related searches, Discussions and forums, AI overview",informational,Organic
orleans movers,21,21,170,21,4.55,https://prestigemoving.ca/blog/experienced-movers-in-orleans-serving-families-for-years,0,0,0.00,0.75,4310000,"[6,12,12,12,19,15,15,36,36,44,29,36]",2026-02-22,"Knowledge panel, Video, Image, People also ask, Related searches, AI overview",commercial,Organic
orleans movers,39,39,170,21,4.55,https://prestigemoving.ca/blog/best-orleans-moving-company-with-free-on-site-estimates,0,0,0.00,0.75,4310000,"[6,12,12,12,19,15,15,36,36,44,29,36]",2026-02-22,"Knowledge panel, Video, Image, People also ask, Related searches, AI overview",commercial,Organic
student movers,62,62,140,2,3.16,https://prestigemoving.ca/services/student-moving-service,0,0,0.00,0.2,35000000,"[4,4,4,22,18,18,6,100,43,29,35,35]",2026-02-26,"Image, People also ask, Related searches, See results about, AI overview",informational,Organic
student movers,85,85,140,2,3.16,https://prestigemoving.ca/services/student-moving-service,0,0,0.00,0.2,35000000,"[4,4,4,22,18,18,6,100,43,29,35,35]",2026-02-26,"Image, People also ask, Related searches, See results about, AI overview",informational,Organic
tomove,48,48,50,59,3.53,https://prestigemoving.ca/,0,0,0.00,0.07,4560000000,"[18,100,18,100,100,81,81,0,9,0,0,0]",2026-02-25,"Instant answer, Sitelinks, Video, People also ask, Related searches, AI overview",informational,Organic
pool table movers near me,84,84,170,5,3.26,https://prestigemoving.ca/services/specialty-item-moving,0,0,0.00,0.75,8820000,"[65,43,65,43,34,43,53,53,81,43,65,53]",2026-03-11,"Local pack, Video, Ads bottom, Related searches, AI overview","informational, transactional",Organic
boxed wardrobes,54,54,90,22,0.75,https://prestigemoving.ca/packing-wardrobes-moving-tips/,0,0,0.00,1,27300000,"[0,0,0,0,0,0,100,1,1,1,1,1]",2026-01-31,"Sitelinks, Video, Image, People also ask, Popular products, Related searches",transactional,Organic
local office movers,95,95,90,8,0.00,https://prestigemoving.ca/,0,0,0.00,0.33,42400000,"[7,7,7,7,7,7,7,53,65,65,80,80]",2026-02-16,"Local pack, Video, Ads bottom, Related searches, AI overview",commercial,Organic
residential movement,31,31,390,18,8.61,https://prestigemoving.ca/residential-movers-ottawa,0,0,0.00,0.03,0,"[1,0,1,0,0,13,8,8,100,55,62,55]",2026-03-16,"Knowledge panel, Video, Related searches",informational,Organic
move fitness equipment,91,91,50,11,3.04,https://prestigemoving.ca/services/specialty-item-moving,0,0,0.00,0.8,162000000,"[100,81,0,27,63,63,81,63,63,27,36,0]",2026-02-23,"Local pack, Sitelinks, Video, Image, Video Carousel, Related searches, See results about, Short videos, AI overview",commercial,Organic
residential movers fairview,13,13,70,12,0.00,https://prestigemoving.ca/blog/fairview-south-granville-movers,0,0,0.00,0,592000,"[0,0,0,0,0,0,0,80,80,66,100,100]",2026-02-21,"Local pack, People also ask, Related searches",commercial,Organic
top rated moving company,16,16,70,29,5.86,https://prestigemoving.ca/,0,0,0.00,0.7,0,"[28,50,50,64,50,50,50,35,50,35,21,21]",2026-03-11,"Local pack, Sitelinks, Related searches, Discussions and forums",commercial,Organic
small moving companies ottawa,47,47,90,38,2.45,https://prestigemoving.ca/blog/top-10-ottawa-movers-reviewed-who-deserves-your-trust,0,0,0.00,0.92,9220000,"[50,64,64,64,64,64,64,78,100,100,64,64]",2026-03-03,"Local pack, Sitelinks, People also ask, Related searches",commercial,Organic
last minute moving company,70,70,170,14,6.27,https://prestigemoving.ca/last-minute-movers-in-ottawa-emergency-moving-help/,0,0,0.00,0.26,573000000,"[54,43,4,4,4,4,54,29,35,81,54,100]",2026-02-11,"Local pack, Video, People also ask, Related searches, AI overview",informational,Organic
last minute moving company,71,71,170,14,6.27,https://prestigemoving.ca/last-minute-movers-in-ottawa-emergency-moving-help/,0,0,0.00,0.26,573000000,"[54,43,4,4,4,4,54,29,35,81,54,100]",2026-02-11,"Local pack, Video, People also ask, Related searches, AI overview",informational,Organic
moving companies in vancouver,37,37,2400,32,12.13,https://vancouver.prestigemoving.ca/,0,0,0.00,0.81,172000000,"[1,44,66,44,29,29,53,35,100,29,35,24]",2026-03-20,"Local pack, Sitelinks, Related searches",commercial,Organic
best moving companies in vancouver,79,79,70,39,8.29,https://vancouver.prestigemoving.ca/,0,0,0.00,0.93,20300000,"[0,0,10,2,10,10,0,0,43,100,2,2]",2026-02-17,"Local pack, Sitelinks, People also ask, Related searches, Discussions and forums",commercial,Organic
move companies,80,80,170,59,6.74,https://prestigemoving.ca/,0,0,0.00,0.33,1850000000,"[23,15,6,6,15,9,54,44,23,23,44,36]",2026-01-22,"Local pack, People also ask, Related searches",commercial,Organic
piano movers coquitlam bc,19,19,70,8,4.74,https://vancouver.prestigemoving.ca/services/piano-moving,0,0,0.00,0.93,18100,"[7,7,42,42,42,7,7,7,7,100,15,7]",2026-02-17,"Local pack, Image, People also ask, Related searches",commercial,Organic
piano movers coquitlam bc,24,24,70,8,4.74,https://vancouver.prestigemoving.ca/services/piano-moving,0,0,0.00,0.93,18100,"[7,7,42,42,42,7,7,7,7,100,15,7]",2026-02-17,"Local pack, Image, People also ask, Related searches",commercial,Organic
urgent move,55,55,70,16,3.79,https://prestigemoving.ca/need-urgent-moving-services-in-ottawa-get-a-free-quote-fast/,0,0,0.00,0.2,402000000,"[18,18,18,18,27,100,100,81,81,81,100,100]",2026-02-15,"Image pack, Sitelinks, Video, Image, Video Carousel, People also ask, Related searches, AI overview",informational,Organic
moving company whitby,2,2,90,23,9.02,https://prestigemoving.ca/blog/the-best-day-of-the-week-to-move,0,0,0.00,0.6,3320000,"[78,78,35,50,35,50,35,50,64,64,100,64]",2026-02-28,"Local pack, Image, People also ask, Related searches",commercial,People also ask
senior moves,1,1,140,21,2.90,https://prestigemoving.ca/blog/the-best-day-of-the-week-to-move,0,0,0.00,0.32,1390000000,"[43,43,66,54,29,18,4,29,29,54,22,10]",2026-02-28,"Local pack, Video, People also ask, Related searches, See results about, AI overview",informational,People also ask
movers brockville ontario,72,72,140,10,2.39,https://prestigemoving.ca/toronto-to-ottawa-movers-pricing-routes-delivery/,0,0,0.00,0.68,39000,"[52,52,52,100,100,80,100,80,66,66,52,66]",2026-02-11,"Local pack, Video, Related searches",commercial,Organic
allied moving,3,3,260,64,25.69,https://prestigemoving.ca/blog/the-best-day-of-the-week-to-move,0,0,0.00,0.25,113000000,"[15,15,23,28,35,44,66,54,44,54,66,81]",2026-02-28,"Local pack, Sitelinks, Video, People also ask, Related searches, See results about","commercial, navigational",People also ask
professional movers ottawa reviews,42,42,110,14,2.06,https://prestigemoving.ca/blog/what-to-expect-from-professional-movers-in-ottawa-complete-2025-guide,0,0,0.00,0.4,574000,"[5,5,28,28,17,35,53,23,28,43,35,23]",2026-02-17,"Knowledge panel, Sitelinks, People also ask, Related searches, Discussions and forums",commercial,Organic
professional movers ottawa reviews,73,73,110,14,2.06,https://prestigemoving.ca/best-movers-ottawa,0,0,0.00,0.4,574000,"[5,5,28,28,17,35,53,23,28,43,35,23]",2026-02-17,"Knowledge panel, Sitelinks, People also ask, Related searches, Discussions and forums",commercial,Organic
student moving services,69,69,260,6,2.88,https://vancouver.prestigemoving.ca/services/student-moving,0,0,0.00,0.46,0,"[5,5,5,10,10,6,100,20,16,16,16,16]",2026-03-09,"Knowledge panel, Related searches, AI overview",informational,Organic
okotoks moving companies,7,7,210,9,6.54,https://prestigemoving.ca/blog/the-best-day-of-the-week-to-move,0,0,0.00,1,174000,"[15,11,54,81,54,11,35,28,23,81,35,28]",2026-02-28,"Local pack, Image, People also ask, Related searches",commercial,People also ask
moving cross canada,99,99,480,41,6.64,https://prestigemoving.ca/blog/the-complete-guide-to-long-distance-moving-in-canada-from-ottawa,0,0,0.00,0.65,191000000,"[44,44,66,100,66,44,66,81,81,100,81,81]",2026-02-14,"Video, Ads bottom, People also ask, Related searches, AI overview",commercial,Organic
nearby in google maps,66,66,70,55,0.00,https://prestigemoving.ca/blog/movers-near-me-ottawa-google-maps,0,0,0.00,0.33,222000000,"[18,18,18,18,18,100,100,100,100,100,100,100]",2026-02-21,"Sitelinks, Video, People also ask, Related searches, AI overview","navigational, transactional",Organic
best moving companies ottawa,16,16,390,50,5.89,https://prestigemoving.ca/blog/ottawa-moving-companies-ranked,0,0,0.00,0.48,0,"[54,29,54,44,54,44,54,54,54,36,54,44]",2026-03-18,"Local pack, Sitelinks, Video, Related searches, Discussions and forums",commercial,Organic
best moving companies ottawa,24,24,390,50,5.89,https://prestigemoving.ca/,0,0,0.00,0.48,0,"[54,29,54,44,54,44,54,54,54,36,54,44]",2026-03-18,"Local pack, Sitelinks, Video, Related searches, Discussions and forums",commercial,Organic
best moving companies ottawa,42,42,390,50,5.89,https://prestigemoving.ca/best-movers-ottawa,0,0,0.00,0.48,0,"[54,29,54,44,54,44,54,54,54,36,54,44]",2026-03-18,"Local pack, Sitelinks, Video, Related searches, Discussions and forums",commercial,Organic
best moving companies ottawa,65,65,390,50,5.89,https://prestigemoving.ca/blog/ottawa-moving-companies-ranked,0,0,0.00,0.48,0,"[54,29,54,44,54,44,54,54,54,36,54,44]",2026-03-18,"Local pack, Sitelinks, Video, Related searches, Discussions and forums",commercial,Organic
furniture assembly ottawa,15,15,260,5,2.00,https://prestigemoving.ca/furniture-assembly-ottawa,0,0,0.00,0.48,1140000,"[16,100,55,13,24,1,1,3,2,3,1,5]",2026-02-28,"Local pack, Sitelinks, Video, Image, People also ask, Related searches",commercial,Organic
moving and packing companies,66,66,140,30,6.20,https://prestigemoving.ca/,0,0,0.00,0.95,0,"[100,100,100,100,52,66,42,52,52,42,23,52]",2026-03-18,"Local pack, Video, Related searches",commercial,Organic
moving company erin,17,17,90,8,0.00,https://prestigemoving.ca/blog/forest-lawn-erin-woods-movers,0,0,0.00,0.86,20000000,"[0,0,9,9,14,4,4,80,80,80,100,100]",2026-02-13,"Local pack, Video, People also ask, Related searches",commercial,Organic
east van movers,38,38,70,20,7.05,https://prestigemoving.ca/ottawa-to-vancouver-movers,0,0,0.00,0.51,0,"[23,33,33,23,33,42,52,33,33,33,33,33]",2026-03-16,"Knowledge panel, Video, Image, Related searches",informational,Organic
moving ottawa,32,32,320,35,6.95,https://prestigemoving.ca/pricing/,0,0,0.00,0.86,133000000,"[81,54,12,15,100,19,36,29,81,29,19,29]",2026-01-31,"Local pack, Sitelinks, Video, Image, People also ask, Related searches",commercial,Organic
moving ottawa,59,59,320,35,6.95,https://prestigemoving.ca/pricing/,0,0,0.00,0.86,133000000,"[81,54,12,15,100,19,36,29,81,29,19,29]",2026-01-31,"Local pack, Sitelinks, Video, Image, People also ask, Related searches",commercial,Organic
moving ottawa,62,62,320,35,6.95,https://prestigemoving.ca/top-10-ottawa-movers-reviewed-who-deserves-your-trust/,0,0,0.00,0.86,133000000,"[81,54,12,15,100,19,36,29,81,29,19,29]",2026-01-31,"Local pack, Sitelinks, Video, Image, People also ask, Related searches",commercial,Organic
moving ottawa,97,97,320,35,6.95,https://prestigemoving.ca/,0,0,0.00,0.86,133000000,"[81,54,12,15,100,19,36,29,81,29,19,29]",2026-01-31,"Local pack, Sitelinks, Video, Image, People also ask, Related searches",commercial,Organic
furniture moving service,68,68,110,21,4.00,https://prestigemoving.ca/furniture-moving-services-in-ottawa/,0,0,0.00,0.63,276000000,"[21,9,21,21,21,53,43,28,28,81,15,34]",2026-01-28,"Local pack, Sitelinks, Video, People also ask, Related searches",commercial,Organic
elderly movers,86,86,320,29,2.90,https://vancouver.prestigemoving.ca/services/senior-moving,0,0,0.00,0.32,12100000,"[81,100,100,43,35,81,54,54,43,100,66,43]",2026-02-19,"Local pack, Video, People also ask, Related searches",commercial,Organic
moving companies price,61,61,320,12,3.44,https://prestigemoving.ca/how-much-does-it-cost-to-hire-movers-in-ottawa/,0,0,0.00,0.76,811000000,"[44,54,54,54,54,54,44,66,54,66,35,35]",2026-01-31,"Sitelinks, Video, People also ask, Related searches, Ads middle, AI overview",transactional,Organic
moving companies ottawa ontario,64,64,90,46,9.64,https://prestigemoving.ca/moving-companies-near-me-ottawa,0,0,0.00,0.88,0,"[100,0,0,19,7,26,26,53,80,26,15,26]",2026-03-16,"Local pack, Related searches",commercial,Organic
moving companies ottawa ontario,88,88,90,46,9.64,https://prestigemoving.ca/moving-companies-near-me-ottawa,0,0,0.00,0.88,0,"[100,0,0,19,7,26,26,53,80,26,15,26]",2026-03-16,"Local pack, Related searches",commercial,Organic
moving boxes montreal,46,46,170,22,1.38,https://prestigemoving.ca/montreal-to-toronto-professional-movers-reliable-long-distance-moving-services/,0,0,0.00,1,4030000,"[3,3,5,8,8,10,13,20,10,16,20,55]",2026-02-05,"Local pack, Sitelinks, Image, People also ask, Related searches",commercial,Organic
ottawa movers,56,56,1600,49,9.63,https://prestigemoving.ca/blog/ottawa-moving-companies-ranked,0,0,0.00,0.88,0,"[10,13,24,66,35,24,35,35,35,44,35,35]",2026-03-13,"Local pack, Video, Image, Related searches",commercial,Organic
ottawa movers,77,77,1600,49,9.63,https://prestigemoving.ca/service/student-moving-service-in-ottawa/,0,0,0.00,0.88,0,"[10,13,24,66,35,24,35,35,35,44,35,35]",2026-03-13,"Local pack, Video, Image, Related searches",commercial,Organic
relocation company,44,44,90,24,4.55,https://prestigemoving.ca/ottawa-commercial-relocation-services-customized-solutions-for-every-industry/,0,0,0.00,0.16,0,"[1,1,2,2,3,2,7,7,4,4,1,2]",2026-03-08,"Local pack, Video, Related searches, See results about, AI overview",informational,Organic
relocations,30,30,140,14,2.42,https://prestigemoving.ca/mastering-residential-relocations-in-ottawa/,0,0,0.00,0.05,142,"[1,1,1,11,4,14,9,7,2,9,100,1]",2026-03-17,"Local pack, Video, Related searches, AI overview",informational,Organic
relocations,32,32,140,14,2.42,https://prestigemoving.ca/mastering-residential-relocations-in-ottawa/,0,0,0.00,0.05,142,"[1,1,1,11,4,14,9,7,2,9,100,1]",2026-03-17,"Local pack, Video, Related searches, AI overview",informational,Organic
relocations,54,54,140,14,2.42,https://prestigemoving.ca/mastering-residential-relocations-in-ottawa/,0,0,0.00,0.05,142,"[1,1,1,11,4,14,9,7,2,9,100,1]",2026-03-17,"Local pack, Video, Related searches, AI overview",informational,Organic
ontario change address checklist,77,77,110,23,0.00,https://prestigemoving.ca/blog/post-move-to-do-list-ottawa,0,0,0.00,0.02,45000000,"[42,53,53,53,53,53,53,53,3,0,0,34]",2026-02-24,"Sitelinks, Video, People also ask, Related searches, AI overview",informational,Organic
moving companies brockville ontario,44,44,170,10,2.39,https://prestigemoving.ca/toronto-to-ottawa-movers-pricing-routes-delivery/,0,0,0.00,0.68,289000,"[42,42,53,80,80,65,100,53,53,53,42,53]",2026-02-11,"Local pack, People also ask, Related searches",commercial,Organic
moving companies kanata,97,97,210,11,6.26,https://prestigemoving.ca/service/residential-moving-service-in-ottawa/,0,0,0.00,0.78,373000,"[43,43,65,65,43,43,81,81,100,100,43,34]",2026-01-23,"Local pack, People also ask, Related searches",commercial,Organic
cost of a move,77,77,70,23,3.33,https://prestigemoving.ca/how-much-does-it-cost-to-hire-movers-in-ottawa/,0,0,0.00,0.54,2680000000,"[100,80,23,33,19,19,19,33,33,33,19,19]",2026-01-31,"Sitelinks, Video, People also ask, Related searches, AI overview","commercial, informational",Organic
furniture assembly near me,50,50,140,32,2.37,https://prestigemoving.ca/furniture-assembly-ottawa,0,0,0.00,0.69,76000000,"[66,52,66,80,52,66,33,100,66,42,100,80]",2026-03-05,"Local pack, Sitelinks, Video, People also ask, Related searches",transactional,Organic
how to move across country,79,79,320,20,1.99,https://prestigemoving.ca/blog/best-way-to-move-across-canada,0,0,0.00,0.46,1390000000,"[54,66,54,66,66,66,54,66,66,81,66,66]",2026-02-11,"Sitelinks, Video, People also ask, Related searches, Discussions and forums, AI overview",informational,Organic
same day moving,26,26,210,13,8.42,https://prestigemoving.ca/local-movers-ottawa,0,0,0.00,0.66,0,"[18,10,14,29,29,29,35,43,43,66,100,81]",2026-03-17,"Local pack, Video, Related searches",commercial,Organic
moving experts,71,71,140,40,4.12,https://prestigemoving.ca/,0,0,0.00,0.37,1080000000,"[65,80,65,65,42,42,53,42,34,34,26,19]",2026-02-05,"Local pack, Sitelinks, Video, People also ask, Related searches",navigational,Organic
where to change your address when you move,78,78,110,31,0.00,https://prestigemoving.ca/blog/post-move-to-do-list-ottawa,0,0,0.00,0.01,2620000000,"[50,100,100,78,100,100,100,100,78,78,64,64]",2026-02-26,"Sitelinks, People also ask, Related searches, Discussions and forums, AI overview",informational,Organic
where to change your address when you move,88,88,110,31,0.00,https://prestigemoving.ca/blog/post-move-to-do-list-ottawa,0,0,0.00,0.01,2620000000,"[50,100,100,78,100,100,100,100,78,78,64,64]",2026-02-26,"Sitelinks, People also ask, Related searches, Discussions and forums, AI overview",informational,Organic
micro moves toronto,6,6,110,33,2.69,https://prestigemoving.ca/blog/the-best-day-of-the-week-to-move,0,0,0.00,0.5,7630000,"[42,52,42,42,42,33,42,52,52,52,66,52]",2026-02-28,"Knowledge panel, Sitelinks, Video, People also ask, Related searches",navigational,People also ask
ottawa piano mover,15,15,210,23,2.25,https://prestigemoving.ca/services/piano-moving,0,0,0.00,0.38,0,"[21,65,53,81,100,81,100,43,34,65,65,53]",2026-03-16,"Knowledge panel, Sitelinks, Video, Image, Related searches",informational,Organic
ottawa piano mover,26,26,210,23,2.25,https://prestigemoving.ca/piano-moving-services-in-ottawa-prestige-moving/,0,0,0.00,0.38,0,"[21,65,53,81,100,81,100,43,34,65,65,53]",2026-03-16,"Knowledge panel, Sitelinks, Video, Image, Related searches",informational,Organic
ottawa piano mover,48,48,210,23,2.25,https://prestigemoving.ca/piano-moving-in-ottawa-safety-cost-insurance-explained/,0,0,0.00,0.38,0,"[21,65,53,81,100,81,100,43,34,65,65,53]",2026-03-16,"Knowledge panel, Sitelinks, Video, Image, Related searches",informational,Organic
bright movers ottawa,23,23,210,22,0.00,https://prestigemoving.ca/top-10-ottawa-movers-reviewed-who-deserves-your-trust/,0,0,0.00,0.16,349000,"[0,0,100,67,20,1,1,1,1,1,1,1]",2026-02-03,"Knowledge panel, People also ask, Related searches","informational, transactional",Organic
bright movers ottawa,49,49,210,22,0.00,https://prestigemoving.ca/top-rated-ottawa-movers-for-same-day-moving-services/,0,0,0.00,0.16,349000,"[0,0,100,67,20,1,1,1,1,1,1,1]",2026-02-03,"Knowledge panel, People also ask, Related searches","informational, transactional",Organic
bright movers ottawa,65,65,210,22,0.00,https://prestigemoving.ca/,0,0,0.00,0.16,349000,"[0,0,100,67,20,1,1,1,1,1,1,1]",2026-02-03,"Knowledge panel, People also ask, Related searches","informational, transactional",Organic
cheap movers ottawa,14,14,90,38,4.63,https://prestigemoving.ca/affordable-movers-ottawa,0,0,0.00,0.86,2160000,"[3,2,2,4,4,2,2,3,4,5,3,4]",2026-02-25,"Local pack, Sitelinks, People also ask, Related searches",commercial,Organic
cheap movers ottawa,36,36,90,38,4.63,https://prestigemoving.ca/affordable-movers-ottawa,0,0,0.00,0.86,2160000,"[3,2,2,4,4,2,2,3,4,5,3,4]",2026-02-25,"Local pack, Sitelinks, People also ask, Related searches",commercial,Organic
cheap movers ottawa,53,53,90,38,4.63,https://prestigemoving.ca/,0,0,0.00,0.86,2160000,"[3,2,2,4,4,2,2,3,4,5,3,4]",2026-02-25,"Local pack, Sitelinks, People also ask, Related searches",commercial,Organic
cheap movers ottawa,77,77,90,38,4.63,https://prestigemoving.ca/blog/affordable-movers-in-ottawa,0,0,0.00,0.86,2160000,"[3,2,2,4,4,2,2,3,4,5,3,4]",2026-02-25,"Local pack, Sitelinks, People also ask, Related searches",commercial,Organic
movers town of mount royal,21,21,90,,0.00,https://prestigemoving.ca/blog/plateau-mont-royal-movers-walkups-strategy,0,0,0.00,0.33,32200000,"[0,0,9,9,14,0,0,80,80,80,100,100]",2026-02-21,"Local pack, Video, People also ask, Related searches, AI overview",commercial,Organic
furniture assembly service near me,24,24,140,23,2.91,https://prestigemoving.ca/furniture-assembly-ottawa,0,0,0.00,0.87,83300000,"[42,34,80,53,53,42,80,100,65,42,42,42]",2026-03-13,"Knowledge panel, Sitelinks, Video, Ads bottom, Related searches",transactional,Organic
furniture assembly service near me,49,49,140,23,2.91,https://prestigemoving.ca/furniture-assembly-ottawa,0,0,0.00,0.87,83300000,"[42,34,80,53,53,42,80,100,65,42,42,42]",2026-03-13,"Knowledge panel, Sitelinks, Video, Ads bottom, Related searches",transactional,Organic
manotick tree movers inc,51,51,260,10,2.36,https://prestigemoving.ca/ottawa-movers,0,0,0.00,0.31,5530,"[18,18,18,28,66,81,54,54,44,44,23,35]",2026-03-03,"Knowledge panel, Sitelinks, Video, Image, People also ask, Related searches",navigational,Organic
manotick tree movers inc,58,58,260,10,2.36,https://prestigemoving.ca/ottawa-movers,0,0,0.00,0.31,5530,"[18,18,18,28,66,81,54,54,44,44,23,35]",2026-03-03,"Knowledge panel, Sitelinks, Video, Image, People also ask, Related searches",navigational,Organic
best movers vancouver bc,63,63,110,41,8.29,https://vancouver.prestigemoving.ca/,0,0,0.00,0.93,708000,"[65,11,42,42,42,65,34,26,53,100,34,53]",2026-03-03,"Local pack, Sitelinks, People also ask, Related searches, Discussions and forums",commercial,Organic
moving westmount,22,22,90,9,0.00,https://prestigemoving.ca/westmount-fine-art-antiques-moving/,0,0,0.00,0,1010000,"[0,0,52,23,41,0,0,82,82,64,100,100]",2026-02-13,"Knowledge panel, Video, Image, Related searches",commercial,Organic
change of address ontario checklist,95,95,110,29,0.00,https://prestigemoving.ca/blog/post-move-to-do-list-ottawa,0,0,0.00,0.02,5640000,"[64,82,82,41,82,100,100,100,17,17,29,52]",2026-02-15,"Sitelinks, Video, Image, People also ask, Related searches, AI overview",informational,Organic
best movers vancouver,22,22,210,41,7.88,https://vancouver.prestigemoving.ca/,0,0,0.00,0.8,0,"[17,23,28,23,17,17,82,53,66,82,100,82]",2026-03-07,"Local pack, Sitelinks, Video, Related searches, Discussions and forums",commercial,Organic
storage solutions ottawa,32,32,90,35,3.79,https://prestigemoving.ca/service/storage-solution-service-in-ottawa/,0,0,0.00,0.99,22800000,"[28,34,28,28,34,34,21,65,53,28,6,6]",2026-02-07,"Knowledge panel, Sitelinks, Video, Image, Popular products, Related searches",commercial,Organic
ontario change of address checklist,82,82,110,25,0.00,https://prestigemoving.ca/blog/post-move-to-do-list-ottawa,0,0,0.00,0.02,5610000,"[42,53,53,53,53,53,42,53,7,3,7,34]",2026-02-24,"Sitelinks, Video, People also ask, Related searches, AI overview",informational,Organic
senior movers ottawa,13,0,210,16,0.00,https://prestigemoving.ca/services/senior-moving,0,0,0.00,0.05,647000,"[14,43,35,54,54,54,66,22,22,54,54,54]",2026-03-20,"Knowledge panel, Sitelinks, Related searches",informational,Organic
senior movers ottawa,91,0,210,16,0.00,https://prestigemoving.ca/,0,0,0.00,0.05,647000,"[14,43,35,54,54,54,66,22,22,54,54,54]",2026-03-20,"Knowledge panel, Sitelinks, Related searches",informational,Organic
boxes for sale,4,4,590,44,2.03,https://prestigemoving.ca/moving-boxes-ottawa-where-to-buy-rent-or-get-free-boxes/,0,0,0.00,1,2560000000,"[67,67,67,81,67,67,54,67,67,67,67,67]",2026-02-19,"Local pack, Sitelinks, Video, Image, Ads top, People also ask, Popular products, Related searches",transactional,People also ask
storage and moving services,83,83,320,32,6.36,https://prestigemoving.ca/,0,0,0.00,0.56,419000000,"[54,54,44,54,54,54,54,54,54,66,54,54]",2026-01-22,"Local pack, Image, Ads bottom, Related searches",commercial,Organic
piano moving companies vancouver,29,29,140,5,2.32,https://vancouver.prestigemoving.ca/services/piano-moving,0,0,0.00,0.98,1350000,"[64,82,64,82,82,82,64,52,64,100,64,82]",2026-03-03,"Local pack, Image, People also ask, Related searches",commercial,Organic
greater vancouver movers,25,25,590,50,11.54,https://vancouver.prestigemoving.ca/,0,0,0.00,0.76,13100000,"[79,79,7,16,4,8,7,5,66,2,10,2]",2026-01-22,"Local pack, Sitelinks, Video, Related searches","commercial, navigational",Organic
storage orleans,24,24,90,31,3.03,https://prestigemoving.ca/reliable-orleans-movers-with-storage-options-available/,0,0,0.00,0.69,58400000,"[64,50,50,64,100,78,100,50,64,50,78,64]",2026-02-26,"Local pack, Sitelinks, Image, Related searches",commercial,Organic
cheap moving company,32,32,260,47,5.60,https://prestigemoving.ca/blog/cheap-movers-in-ottawa,0,0,0.00,0.99,0,"[9,5,100,100,44,15,66,19,19,23,29,29]",2026-03-16,"Local pack, Video, Related searches",commercial,Organic
storage facilities orleans,68,68,90,20,3.03,https://prestigemoving.ca/reliable-orleans-movers-with-storage-options-available/,0,0,0.00,0.69,0,"[34,26,26,42,53,42,42,26,34,34,42,34]",2026-03-05,"Local pack, Video, Image, Related searches",commercial,Organic
moving companies in ottawa,27,27,260,41,6.95,https://prestigemoving.ca/top-10-ottawa-movers-reviewed-who-deserves-your-trust/,0,0,0.00,0.86,84100000,"[23,67,4,4,44,54,12,36,29,23,36,19]",2026-02-09,"Local pack, Sitelinks, Video, People also ask, Related searches",commercial,Organic
home mover,64,64,110,23,5.25,https://prestigemoving.ca/,0,0,0.00,0.08,97700000,"[0,19,42,34,42,53,53,34,42,80,42,100]",2026-03-05,"Local pack, Image, Video Carousel, People also ask, Related searches",commercial,Organic
how much gratuity for movers,49,49,210,6,0.76,https://prestigemoving.ca/tipping-movers-ottawa/,0,0,0.00,0.01,2050000,"[66,54,66,54,81,100,0,0,100,0,0,0]",2026-01-26,"Sitelinks, Video, People also ask, Related searches, AI overview",informational,Organic
your move ottawa,25,25,50,37,3.35,https://prestigemoving.ca/services/student-moving,0,0,0.00,0.29,0,"[14,14,14,14,14,78,100,78,78,14,14,14]",2026-03-08,"Knowledge panel, Sitelinks, Video",navigational,Organic
your move ottawa,69,69,50,37,3.35,https://prestigemoving.ca/,0,0,0.00,0.29,0,"[14,14,14,14,14,78,100,78,78,14,14,14]",2026-03-08,"Knowledge panel, Sitelinks, Video",navigational,Organic
moving company in vancouver bc,82,82,170,43,11.54,https://vancouver.prestigemoving.ca/,0,0,0.00,0.76,11100000,"[0,0,0,1,0,0,0,12,12,100,100,12]",2026-02-16,"Local pack, People also ask, Related searches",commercial,Organic
moving cost calculator,86,86,140,16,2.90,https://vancouver.prestigemoving.ca/calculator,0,0,0.00,0.53,255000000,"[35,35,28,28,17,28,23,35,35,53,53,43]",2026-02-17,"Video, Ads bottom, People also ask, Related searches, AI overview",informational,Organic
movingwaldo,3,3,480,41,2.26,http://prestigemoving.ca/moving-companies-near-me-the-ultimate-guide-to-choosing-the-best-movers-in-your-area/,0,0,0.00,0.1,12600,"[20,30,20,24,24,30,55,55,45,36,30,20]",2026-02-09,"Knowledge panel, Image pack, Sitelinks, Video, Image, People also ask, Related searches","informational, transactional",People also ask
best cross canada movers,77,77,390,21,8.51,https://prestigemoving.ca/best-rated-ottawa-movers-2025/,0,0,0.00,0.44,9940000,"[54,54,54,66,54,66,54,66,66,81,66,66]",2026-01-23,"Sitelinks, Video, Ads bottom, People also ask, Related searches, Discussions and forums, AI overview",commercial,Organic
low cost moving company,47,47,170,45,7.21,https://prestigemoving.ca/affordable-movers-in-ottawa/,0,0,0.00,0.69,327000000,"[43,43,43,54,43,35,29,14,22,35,29,29]",2026-02-17,"Local pack, Sitelinks, Ads bottom, People also ask, Related searches",commercial,Organic
my ninja movers,3,3,210,31,4.53,https://prestigemoving.ca/blog/the-best-day-of-the-week-to-move,0,0,0.00,0.42,3640000,"[35,53,43,35,66,53,66,82,53,53,53,35]",2026-02-27,"Knowledge panel, Sitelinks, Video, People also ask, Related searches",navigational,People also ask
toronto to ottawa movers,18,18,110,7,8.14,https://prestigemoving.ca/toronto-to-ottawa-movers-pricing-routes-delivery/,0,0,0.00,0.44,2420000,"[82,64,52,82,100,52,41,52,52,41,64,41]",2026-02-05,"Sitelinks, Image, Ads bottom, People also ask, Related searches",commercial,Organic
toronto to ottawa movers,73,73,110,7,8.14,https://prestigemoving.ca/long-distance-movers-from-ottawa-to-toronto/,0,0,0.00,0.44,2420000,"[82,64,52,82,100,52,41,52,52,41,64,41]",2026-02-05,"Sitelinks, Image, Ads bottom, People also ask, Related searches",commercial,Organic
moving companies vancouver,64,64,1600,46,12.13,https://vancouver.prestigemoving.ca/,0,0,0.00,0.81,0,"[13,29,18,18,35,13,24,53,24,29,53,35]",2026-03-13,"Local pack, Sitelinks, Image, Related searches",commercial,Organic
corporate moving,62,62,90,32,0.00,https://prestigemoving.ca/commercial-movers-ottawa,0,0,0.00,0.29,613000000,"[7,7,7,42,42,19,42,80,65,42,26,26]",2026-03-02,"Local pack, Video, Image, People also ask, Related searches",commercial,Organic
corporate moving,72,72,90,32,0.00,https://prestigemoving.ca/commercial-movers-ottawa,0,0,0.00,0.29,613000000,"[7,7,7,42,42,19,42,80,65,42,26,26]",2026-03-02,"Local pack, Video, Image, People also ask, Related searches",commercial,Organic
moving companies quote,69,69,390,47,10.30,https://prestigemoving.ca/top-orleans-moving-company-with-free-estimates/,0,0,0.00,0.6,0,"[54,54,66,66,66,81,66,66,81,66,66,66]",2026-03-07,"Video, Ads bottom, Related searches, AI overview",commercial,Organic
moving a furniture,73,73,210,20,4.04,https://prestigemoving.ca/furniture-moving-services-in-ottawa/,0,0,0.00,0.55,296000000,"[81,65,65,53,100,81,81,9,15,65,43,100]",2026-02-15,"Local pack, Sitelinks, Video, Video Carousel, People also ask, Related searches, Short videos, AI overview",informational,Organic
parkview moving ottawa,47,47,170,31,1.18,https://prestigemoving.ca/top-10-ottawa-movers-reviewed-who-deserves-your-trust/,0,0,0.00,0.43,50500,"[34,42,53,65,65,80,100,80,53,100,65,65]",2026-02-11,"Knowledge panel, Sitelinks, Video, Image, People also ask, Related searches",navigational,Organic
parkview moving ottawa,83,83,170,31,1.18,https://prestigemoving.ca/top-rated-ottawa-movers-for-same-day-moving-services/,0,0,0.00,0.43,50500,"[34,42,53,65,65,80,100,80,53,100,65,65]",2026-02-11,"Knowledge panel, Sitelinks, Video, Image, People also ask, Related searches",navigational,Organic
same day move,42,42,110,7,6.94,https://prestigemoving.ca/top-rated-ottawa-movers-for-same-day-moving-services/,0,0,0.00,0.06,2620000000,"[6,6,6,6,15,28,6,53,43,53,100,81]",2026-01-25,"Video, People also ask, Related searches, AI overview",commercial,Organic
piano movers ottawa,23,23,390,36,2.30,https://prestigemoving.ca/piano-moving-services-in-ottawa-prestige-moving/,0,0,0.00,0.94,193000,"[35,44,44,44,54,54,44,100,100,81,100,100]",2026-02-10,"Local pack, Sitelinks, Image, People also ask, Related searches",commercial,Organic
piano movers ottawa,31,31,390,36,2.30,https://prestigemoving.ca/piano-moving-services-in-ottawa-prestige-moving/,0,0,0.00,0.94,193000,"[35,44,44,44,54,54,44,100,100,81,100,100]",2026-02-10,"Local pack, Sitelinks, Image, People also ask, Related searches",commercial,Organic
orleans moving companies,10,10,170,14,4.55,https://prestigemoving.ca/movers-in-orleans,0,0,0.00,0.75,23800000,"[18,29,29,22,43,29,54,43,35,66,35,35]",2026-02-28,"Local pack, Video, Image, People also ask, Related searches",commercial,Organic
orleans moving companies,63,63,170,14,4.55,https://prestigemoving.ca/movers-in-orleans,0,0,0.00,0.75,23800000,"[18,29,29,22,43,29,54,43,35,66,35,35]",2026-02-28,"Local pack, Video, Image, People also ask, Related searches",commercial,Organic
orleans moving companies,97,97,170,14,4.55,https://prestigemoving.ca/,0,0,0.00,0.75,23800000,"[18,29,29,22,43,29,54,43,35,66,35,35]",2026-02-28,"Local pack, Video, Image, People also ask, Related searches",commercial,Organic
walnut grove insurance,33,33,50,22,1.82,https://prestigemoving.ca/blog/langley-walnut-grove-movers,0,0,0.00,0.65,4010000,"[63,63,36,36,27,63,63,45,63,36,27,36]",2026-02-09,"Local pack, Related searches",commercial,Organic
movers sault ste marie,2,2,140,15,1.68,https://prestigemoving.ca/blog/the-best-day-of-the-week-to-move,0,0,0.00,0.57,76500,"[23,23,18,35,23,23,18,28,28,23,23,23]",2026-02-28,"Local pack, Image, People also ask, Related searches",commercial,People also ask
amj campbell ottawa,21,21,210,14,1.94,https://prestigemoving.ca/blog/top-10-ottawa-movers-reviewed-who-deserves-your-trust,0,0,0.00,0.34,26800,"[35,35,28,35,28,44,44,54,35,35,35,28]",2026-02-27,"Knowledge panel, Video, Image, People also ask, Related searches",informational,Organic
office movers ottawa,23,23,50,40,10.39,https://prestigemoving.ca/commercial-movers-ottawa,0,0,0.00,0.79,1430000,"[18,18,18,18,18,18,18,81,81,81,100,100]",2026-02-21,"Local pack, Image, Related searches",commercial,Organic
long distance movers bc,79,79,110,26,9.40,https://vancouver.prestigemoving.ca/services/long-distance-moving,0,0,0.00,0.9,2200000,"[9,21,15,15,28,15,28,65,65,53,53,43]",2026-02-20,"Local pack, Video, Image, People also ask, Related searches",commercial,Organic
business moving services,53,53,110,20,8.84,https://prestigemoving.ca/services/commercial-moving,0,0,0.00,0.12,0,"[52,9,52,52,52,80,33,23,66,66,52,33]",2026-03-18,"Local pack, Video, Related searches",commercial,Organic
galaxy movers,9,9,50,26,2.40,https://prestigemoving.ca/blog/the-best-day-of-the-week-to-move,0,0,0.00,0.47,9860000,"[9,9,9,9,52,66,52,9,52,9,9,9]",2026-02-27,"Knowledge panel, Sitelinks, Video, People also ask, Related searches",informational,People also ask
how much does moving a house cost,38,38,90,5,1.37,https://prestigemoving.ca/local-ottawa-moving-rates,0,0,0.00,0.34,129,"[81,45,45,45,100,100,100,81,81,63,81,45]",2026-03-17,"Sitelinks, Video, Related searches, AI overview",informational,Organic
how much does moving a house cost,43,43,90,5,1.37,https://prestigemoving.ca/local-ottawa-moving-rates,0,0,0.00,0.34,129,"[81,45,45,45,100,100,100,81,81,63,81,45]",2026-03-17,"Sitelinks, Video, Related searches, AI overview",informational,Organic
employee relocation companies,90,90,70,,0.00,https://prestigemoving.ca/ottawa-commercial-relocation-services-customized-solutions-for-every-industry/,0,0,0.00,0.05,0,"[14,14,14,78,78,35,100,100,78,50,50,50]",2026-03-08,"Video, Related searches, AI overview",informational,Organic
interprovincial moving,16,16,480,27,7.09,https://prestigemoving.ca/long-distance-movers-ottawa,0,0,0.00,0.09,0,"[44,36,54,44,44,44,100,100,100,81,81,100]",2026-03-07,"Local pack, Video, Related searches, AI overview",informational,Organic
interprovincial moving,32,32,480,27,7.09,https://prestigemoving.ca/long-distance-movers-ottawa,0,0,0.00,0.09,0,"[44,36,54,44,44,44,100,100,100,81,81,100]",2026-03-07,"Local pack, Video, Related searches, AI overview",informational,Organic
cost of moving house,55,55,140,9,2.11,https://prestigemoving.ca/local-ottawa-moving-rates,0,0,0.00,0.51,129,"[34,43,65,43,28,34,43,53,28,43,34,21]",2026-03-18,"Video, Related searches, AI overview",informational,Organic
cost of moving house,62,62,140,9,2.11,https://prestigemoving.ca/local-ottawa-moving-rates,0,0,0.00,0.51,129,"[34,43,65,43,28,34,43,53,28,43,34,21]",2026-03-18,"Video, Related searches, AI overview",informational,Organic
downsizing assistance for seniors,39,39,50,5,1.53,https://vancouver.prestigemoving.ca/services/senior-moving,0,0,0.00,0.57,0,"[50,35,78,21,78,21,28,21,14,14,21,14]",2026-03-13,"Local pack, Video, Featured snippet, Related searches",informational,Organic
downsizing assistance for seniors,45,45,50,5,1.53,https://vancouver.prestigemoving.ca/services/senior-moving,0,0,0.00,0.57,0,"[50,35,78,21,78,21,28,21,14,14,21,14]",2026-03-13,"Local pack, Video, Featured snippet, Related searches",informational,Organic
moving from toronto to ottawa,40,40,170,5,8.14,https://prestigemoving.ca/toronto-to-ottawa-movers-pricing-routes-delivery/,0,0,0.00,0.44,64400000,"[43,43,43,81,15,53,12,65,65,65,65,65]",2026-02-21,"Sitelinks, Video, Video Carousel, People also ask, Related searches, Discussions and forums, AI overview",informational,Organic
moving assistance for seniors,87,87,70,6,3.34,https://vancouver.prestigemoving.ca/services/senior-moving,0,0,0.00,0.41,713000000,"[81,100,81,81,63,63,100,63,63,45,18,18]",2026-02-17,"Local pack, People also ask, Related searches, AI overview",commercial,Organic
move in discount,35,35,170,25,1.78,https://prestigemoving.ca/services/student-moving,0,0,0.00,0.31,537000000,"[0,6,100,81,100,81,0,0,0,81,100,100]",2026-02-20,"Sitelinks, Video, People also ask, Related searches, AI overview",informational,Organic
moving help for seniors,43,43,70,14,2.70,https://prestigemoving.ca/services/senior-moving,0,0,0.00,0.85,193000000,"[78,64,64,50,50,50,64,50,35,14,21,7]",2026-03-15,"Local pack, Related searches, Discussions and forums, AI overview",informational,Organic
movers for seniors,64,64,70,32,3.34,https://prestigemoving.ca/services/senior-moving,0,0,0.00,0.38,0,"[19,5,5,6,1,1,6,6,9,12,19,19]",2026-03-14,"Local pack, Video, Related searches",commercial,Organic
riverbend movers,1,1,260,32,1.42,https://prestigemoving.ca/blog/the-best-day-of-the-week-to-move,0,0,0.00,0.18,356000,"[35,44,28,35,35,44,54,44,54,44,44,35]",2026-02-28,"Knowledge panel, Sitelinks, Video, Image, People also ask, Related searches",navigational,People also ask
where to change address when moving,86,86,110,32,0.00,https://prestigemoving.ca/blog/post-move-to-do-list-ottawa,0,0,0.00,0.33,1150000000,"[19,14,33,33,100,52,33,80,100,66,80,9]",2026-02-26,"Video, People also ask, Related searches, AI overview",informational,Organic
residential move,28,28,110,6,0.00,https://prestigemoving.ca/services/residential-moving,0,0,0.00,0,317000000,"[33,4,42,33,42,66,23,80,80,66,66,66]",2026-02-27,"Local pack, Video, People also ask, Related searches, See results about, AI overview",informational,Organic
long term storage,66,66,480,26,5.69,https://prestigemoving.ca/services/storage-solutions,0,0,0.00,0.01,234,"[3,2,3,3,3,10,8,8,7,10,8,100]",2026-03-18,"Local pack, Video, Related searches, AI overview",informational,Organic
seniors move,80,80,50,28,3.34,https://vancouver.prestigemoving.ca/services/senior-moving,0,0,0.00,0.38,136,"[21,9,0,15,100,0,3,3,9,6,3,0]",2026-03-19,"Local pack, Video, Related searches",commercial,Organic
commercial mover companies,74,74,140,15,10.09,https://prestigemoving.ca/blog/commercial-moving-services-in-ottawa-for-offices-businesses,0,0,0.00,0.02,1160000000,"[0,0,0,0,0,0,14,54,43,81,81,100]",2026-02-17,"Local pack, People also ask, Related searches",commercial,Organic
commercial mover companies,83,83,140,15,10.09,https://prestigemoving.ca/blog/commercial-moving-services-in-ottawa-for-offices-businesses,0,0,0.00,0.02,1160000000,"[0,0,0,0,0,0,14,54,43,81,81,100]",2026-02-17,"Local pack, People also ask, Related searches",commercial,Organic
movers orleans,32,32,170,11,6.52,https://prestigemoving.ca/movers-in-orleans-village,0,0,0.00,0.47,0,"[18,14,18,22,22,43,43,43,43,29,35,43]",2026-03-18,"Local pack, Image, Related searches",commercial,Organic
movers orleans,73,73,170,11,6.52,https://prestigemoving.ca/residential-movers-orleans,0,0,0.00,0.47,0,"[18,14,18,22,22,43,43,43,43,29,35,43]",2026-03-18,"Local pack, Image, Related searches",commercial,Organic
ottawa moving,72,72,110,37,7.83,https://prestigemoving.ca/blog/ottawa-moving-companies-ranked,0,0,0.00,0.41,0,"[5,5,5,8,5,5,16,16,10,8,10,8]",2026-03-06,"Local pack, Sitelinks, Video, Image, Related searches",commercial,Organic
ottawa residential moving,30,30,210,44,0.00,https://prestigemoving.ca/top-10-ottawa-movers-reviewed-who-deserves-your-trust/,0,0,0.00,0.33,7680000,"[42,19,80,80,100,100,80,100,53,42,65,80]",2026-02-07,"Local pack, People also ask, Related searches",commercial,Organic
ottawa residential moving,61,61,210,44,0.00,https://prestigemoving.ca/best-movers-in-ottawa-the-ultimate-guide-to-choosing-the-right-moving-company/,0,0,0.00,0.33,7680000,"[42,19,80,80,100,100,80,100,53,42,65,80]",2026-02-07,"Local pack, People also ask, Related searches",commercial,Organic
ottawa residential moving,96,96,210,44,0.00,https://prestigemoving.ca/pricing/,0,0,0.00,0.33,7680000,"[42,19,80,80,100,100,80,100,53,42,65,80]",2026-02-07,"Local pack, People also ask, Related searches",commercial,Organic
moving companies for seniors,89,89,50,31,2.90,https://vancouver.prestigemoving.ca/services/senior-moving,0,0,0.00,0.32,1280000000,"[0,0,3,3,0,1,3,5,5,8,10,10]",2026-02-16,"Local pack, Video, Ads bottom, People also ask, Related searches, AI overview",commercial,Organic
best vancouver movers,68,68,50,41,8.29,https://vancouver.prestigemoving.ca/,0,0,0.00,0.93,3980000,"[0,0,0,0,14,35,35,78,78,78,64,100]",2026-02-21,"Local pack, Sitelinks, Video, People also ask, Related searches, Discussions and forums, AI overview",commercial,Organic
best vancouver movers,74,74,50,41,8.29,https://vancouver.prestigemoving.ca/,0,0,0.00,0.93,3980000,"[0,0,0,0,14,35,35,78,78,78,64,100]",2026-02-21,"Local pack, Sitelinks, Video, People also ask, Related searches, Discussions and forums, AI overview",commercial,Organic
ottawa residential movers,51,51,170,,0.00,https://prestigemoving.ca/top-10-ottawa-movers-reviewed-who-deserves-your-trust/,0,0,0.00,0.21,324000,"[42,19,80,65,100,100,80,100,42,42,80,100]",2026-02-11,"Local pack, Image, People also ask, Related searches",commercial,Organic
ottawa mover,34,34,110,43,6.95,https://prestigemoving.ca/top-10-ottawa-movers-reviewed-who-deserves-your-trust/,0,0,0.00,0.86,743000,"[16,13,1,1,1,1,1,16,20,13,8,8]",2026-02-02,"Local pack, Sitelinks, Image, People also ask, Related searches",commercial,Organic
ottawa mover,62,62,110,43,6.95,https://prestigemoving.ca/top-rated-ottawa-movers-for-same-day-moving-services/,0,0,0.00,0.86,743000,"[16,13,1,1,1,1,1,16,20,13,8,8]",2026-02-02,"Local pack, Sitelinks, Image, People also ask, Related searches",commercial,Organic
prof movers,16,16,210,44,7.16,https://prestigemoving.ca/professional-movers-ottawa,0,0,0.00,0.21,0,"[0,0,0,0,0,100,100,0,0,0,0,0]",2026-03-02,"Local pack, Video, Related searches",commercial,Organic
prof movers,22,22,210,44,7.16,https://prestigemoving.ca/professional-movers-ottawa,0,0,0.00,0.21,0,"[0,0,0,0,0,100,100,0,0,0,0,0]",2026-03-02,"Local pack, Video, Related searches",commercial,Organic
office packers,24,24,90,8,0.00,https://prestigemoving.ca/services/packing-services,0,0,0.00,0,0,"[52,11,52,52,52,52,41,64,82,64,64,64]",2026-03-07,"Video, Related searches, AI overview",commercial,Organic
downsizing companies for seniors,66,66,90,22,0.00,https://vancouver.prestigemoving.ca/services/senior-moving,0,0,0.00,0.5,0,"[50,35,28,28,28,28,100,100,100,78,100,100]",2026-03-12,"Local pack, Video, Related searches",commercial,Organic
moving nepean,16,16,70,10,0.00,https://prestigemoving.ca/,0,0,0.00,0,620000,"[4,4,4,0,0,0,0,80,80,66,100,100]",2026-02-17,"Local pack, Video, Image, People also ask, Related searches",commercial,Organic
moving nepean,23,23,70,10,0.00,https://prestigemoving.ca/,0,0,0.00,0,620000,"[4,4,4,0,0,0,0,80,80,66,100,100]",2026-02-17,"Local pack, Video, Image, People also ask, Related searches",commercial,Organic
long haul moving,70,70,390,23,7.59,https://prestigemoving.ca/service/long-distance-moving-service-in-ottawa/,0,0,0.00,0.45,115000000,"[35,66,54,66,66,66,66,100,81,100,100,100]",2026-02-11,"Video, People also ask, Related searches",informational,Organic
moving service vancouver,92,92,210,41,11.54,https://vancouver.prestigemoving.ca/,0,0,0.00,0.76,34600000,"[82,17,28,23,28,35,35,82,82,82,82,82]",2026-01-26,"Local pack, Sitelinks, Image, People also ask, Related searches",commercial,Organic
professional packers,19,19,140,10,4.83,https://prestigemoving.ca/services/packing-services,0,0,0.00,0.66,211,"[14,9,9,52,80,52,100,100,100,100,100,100]",2026-03-09,"Local pack, Video, Related searches, See results about, AI overview",informational,Organic
moving companies ottawa,85,85,2400,52,9.63,https://prestigemoving.ca/blog/ottawa-moving-companies-ranked,0,0,0.00,0.88,0,"[36,66,80,52,100,66,80,44,44,44,66,52]",2026-03-19,"Local pack, Sitelinks, Related searches",commercial,Organic
long distance movers vancouver,39,0,320,24,15.29,https://vancouver.prestigemoving.ca/services/long-distance-moving,0,0,0.00,0.12,999000,"[15,36,23,29,19,6,54,54,54,100,100,81]",2026-03-20,"Knowledge panel, Sitelinks, Related searches, AI overview",informational,Organic
best movers in ottawa,15,15,170,47,5.89,https://prestigemoving.ca/best-movers-ottawa,0,0,0.00,0.48,0,"[66,66,17,23,100,28,28,35,28,35,35,28]",2026-03-15,"Local pack, Sitelinks, Video, Image, Related searches, Discussions and forums",commercial,Organic
best movers in ottawa,87,87,170,47,5.89,https://prestigemoving.ca/blog/top-10-ottawa-movers-reviewed-who-deserves-your-trust,0,0,0.00,0.48,0,"[66,66,17,23,100,28,28,35,28,35,35,28]",2026-03-15,"Local pack, Sitelinks, Video, Image, Related searches, Discussions and forums",commercial,Organic
junk removal barrhaven,70,70,140,8,5.16,https://prestigemoving.ca/blog/what-to-expect-during-a-long-distance-move-with-prestige-moving-ottawa,0,0,0.00,1,0,"[7,42,42,42,7,7,65,80,100,53,65,65]",2026-03-08,"Local pack, Sitelinks, Video, Image, Related searches",commercial,Organic
your local movers vancouver,88,88,50,23,9.56,https://vancouver.prestigemoving.ca/,0,0,0.00,0.83,1190000,"[9,9,52,52,52,9,9,14,14,52,14,33]",2026-02-20,"Knowledge panel, Sitelinks, People also ask, Related searches",navigational,Organic
your local movers vancouver,93,93,50,23,9.56,https://vancouver.prestigemoving.ca/,0,0,0.00,0.83,1190000,"[9,9,52,52,52,9,9,14,14,52,14,33]",2026-02-20,"Knowledge panel, Sitelinks, People also ask, Related searches",navigational,Organic
furniture movement service,31,31,90,14,4.00,https://prestigemoving.ca/furniture-moving-services-in-ottawa/,0,0,0.00,0.63,384000000,"[11,11,41,64,64,82,64,41,41,100,29,52]",2026-02-15,"Local pack, Video, Related searches, AI overview",informational,Organic
moving services ottawa,35,35,720,55,6.95,https://prestigemoving.ca/best-movers-in-ottawa-the-ultimate-guide-to-choosing-the-right-moving-company/,0,0,0.00,0.86,133000000,"[24,27,5,4,7,66,20,10,13,44,16,16]",2026-02-05,"Local pack, Sitelinks, Video, People also ask, Related searches",commercial,Organic
low price moving companies,24,0,170,29,8.46,https://prestigemoving.ca/affordable-movers-ottawa,0,0,0.00,0.44,387000000,"[35,43,54,43,35,29,14,22,35,29,29,29]",2026-03-20,"Local pack, Sitelinks, Related searches",commercial,Organic
alta movers,22,22,140,23,14.86,https://prestigemoving.ca/blog/alta-vista-senior-estate-movers,0,0,0.00,0.16,19400000,"[6,6,6,6,6,81,100,65,53,81,65,65]",2026-02-09,"Knowledge panel, Sitelinks, Video, People also ask, Related searches",navigational,Organic
student moving company,59,59,140,5,2.88,https://vancouver.prestigemoving.ca/services/student-moving,0,0,0.00,0.46,0,"[41,41,64,64,64,64,100,100,82,82,100,100]",2026-03-09,"Knowledge panel, Video, Related searches, AI overview",informational,Organic
long distance moving ottawa,8,8,50,23,7.61,https://prestigemoving.ca/,0,0,0.00,0.53,5320000,"[18,36,18,9,36,0,9,100,81,81,100,81]",2026-02-21,"Local pack, Sitelinks, People also ask, Related searches",commercial,Organic
long distance moving ottawa,34,34,50,23,7.61,https://prestigemoving.ca/services/long-distance-moving,0,0,0.00,0.53,5320000,"[18,36,18,9,36,0,9,100,81,81,100,81]",2026-02-21,"Local pack, Sitelinks, People also ask, Related searches",commercial,Organic
movers barrhaven,58,58,110,11,5.43,https://prestigemoving.ca/service/residential-moving-service-in-ottawa/,0,0,0.00,0.65,25600,"[3,3,7,7,7,11,11,80,80,65,100,100]",2026-01-27,"Local pack, Video, Image, People also ask, Related searches",commercial,Organic
movers barrhaven,96,96,110,11,5.43,https://prestigemoving.ca/service/residential-moving-service-in-ottawa/,0,0,0.00,0.65,25600,"[3,3,7,7,7,11,11,80,80,65,100,100]",2026-01-27,"Local pack, Video, Image, People also ask, Related searches",commercial,Organic
transport a hot tub,32,32,320,12,2.02,https://prestigemoving.ca/blog/your-hot-tub-in-ottawa-professional-movers-you-can-trust,0,0,0.00,0.66,21200000,"[2,1,4,5,5,66,5,100,54,81,100,54]",2026-02-28,"Sitelinks, Video, Image, Video Carousel, People also ask, Related searches, Short videos, AI overview",informational,Organic
corporate relocation,87,87,320,23,0.00,https://prestigemoving.ca/ottawa-commercial-relocation-services-customized-solutions-for-every-industry/,0,0,0.00,0.01,64200000,"[4,4,4,6,15,12,81,66,66,66,66,100]",2026-02-03,"Local pack, Video, Ads bottom, People also ask, Related searches, AI overview",informational,Organic
senior downsizing services,71,71,110,21,1.89,https://vancouver.prestigemoving.ca/services/senior-moving,0,0,0.00,0.58,132,"[82,64,52,52,52,52,100,82,82,41,64,64]",2026-03-17,"Local pack, Video, Related searches, AI overview",informational,Organic
top rated moving companies near me,34,34,70,32,2.89,https://prestigemoving.ca/top-rated-ottawa-movers-for-same-day-moving-services/,0,0,0.00,0.73,1190000000,"[33,42,33,42,33,52,52,42,9,9,9,9]",2026-01-22,"Knowledge panel, Sitelinks, Video, People also ask, Related searches",transactional,Organic
commercial moving services,17,17,480,22,10.01,https://prestigemoving.ca/ottawa-commercial-relocation-services-customized-solutions-for-every-industry/,0,0,0.00,0.02,0,"[6,5,5,10,16,13,67,67,100,55,67,76]",2026-03-10,"Local pack, Video, Related searches",commercial,Organic
affordable cross country movers,26,26,70,19,6.29,https://prestigemoving.ca/,0,0,0.00,0.24,212,"[14,64,100,78,50,64,50,35,78,14,28,14]",2026-03-12,"Sitelinks, Video, Related searches, Discussions and forums, AI overview",informational,Organic
gym equipment movers,59,59,90,5,3.04,https://prestigemoving.ca/services/specialty-item-moving,0,0,0.00,0.8,8340000,"[64,52,41,41,41,41,41,64,41,100,41,64]",2026-03-03,"Local pack, Sitelinks, Video, People also ask, Popular products, Related searches, See results about",commercial,Organic
gym equipment movers,84,84,90,5,3.04,https://vancouver.prestigemoving.ca/services/specialty-item-moving,0,0,0.00,0.8,8340000,"[64,52,41,41,41,41,41,64,41,100,41,64]",2026-03-03,"Local pack, Sitelinks, Video, People also ask, Popular products, Related searches, See results about",commercial,Organic
distance between toronto and ottawa,58,58,390,11,0.00,https://prestigemoving.ca/toronto-to-ottawa-movers-pricing-routes-delivery/,0,0,0.00,0,39400000,"[54,54,44,44,81,44,44,66,54,54,44,44]",2026-02-10,"Video, People also ask, Related searches",informational,Organic
affordable movers near me,17,17,210,41,5.57,https://prestigemoving.ca/affordable-movers-ottawa,0,0,0.00,0.92,0,"[44,35,28,23,28,35,28,35,44,44,28,23]",2026-03-07,"Local pack, Sitelinks, Video, Related searches, Discussions and forums",transactional,Organic
fitness equipment moving companies,56,56,90,5,3.04,https://prestigemoving.ca/services/specialty-item-moving,0,0,0.00,0.8,208,"[42,34,34,34,26,26,34,26,19,42,26,42]",2026-03-05,"Local pack, Sitelinks, Video, Image, People also ask, Related searches",commercial,Organic
fitness equipment moving companies,89,89,90,5,3.04,https://vancouver.prestigemoving.ca/services/specialty-item-moving,0,0,0.00,0.8,208,"[42,34,34,34,26,26,34,26,19,42,26,42]",2026-03-05,"Local pack, Sitelinks, Video, Image, People also ask, Related searches",commercial,Organic
mover ottawa,33,33,70,55,9.64,https://prestigemoving.ca/furniture-moving-services-in-ottawa/,0,0,0.00,0.88,0,"[65,15,11,11,15,19,53,65,53,34,19,7]",2026-03-08,"Local pack, Video, Image, Related searches",commercial,Organic
movers in ottawa ontario,22,22,1000,49,6.95,https://prestigemoving.ca/,0,0,0.00,0.86,544000,"[82,55,4,5,20,65,30,16,24,24,24,20]",2026-02-21,"Local pack, Sitelinks, Image, People also ask, Related searches",commercial,Organic
local moving companies ottawa,9,9,90,43,8.77,https://prestigemoving.ca/,0,0,0.00,0.72,0,"[17,12,23,23,23,28,23,28,17,17,17,12]",2026-03-17,"Local pack, Video, Related searches",commercial,Organic
local moving companies ottawa,11,11,90,43,8.77,https://prestigemoving.ca/,0,0,0.00,0.72,0,"[17,12,23,23,23,28,23,28,17,17,17,12]",2026-03-17,"Local pack, Video, Related searches",commercial,Organic
local moving companies ottawa,86,86,90,43,8.77,https://prestigemoving.ca/local-movers-ottawa,0,0,0.00,0.72,0,"[17,12,23,23,23,28,23,28,17,17,17,12]",2026-03-17,"Local pack, Video, Related searches",commercial,Organic
local moving companies ottawa,93,93,90,43,8.77,https://prestigemoving.ca/local-movers-ottawa,0,0,0.00,0.72,0,"[17,12,23,23,23,28,23,28,17,17,17,12]",2026-03-17,"Local pack, Video, Related searches",commercial,Organic
best moving company in ottawa,16,16,50,41,4.10,https://prestigemoving.ca/,0,0,0.00,0.59,11300000,"[81,63,18,27,100,36,45,45,45,27,81,18]",2026-02-21,"Local pack, Sitelinks, People also ask, Related searches, Discussions and forums",commercial,Organic
best moving company in ottawa,55,55,50,41,4.10,https://prestigemoving.ca/blog/cheap-vs-best-rated-ottawa-movers,0,0,0.00,0.59,11300000,"[81,63,18,27,100,36,45,45,45,27,81,18]",2026-02-21,"Local pack, Sitelinks, People also ask, Related searches, Discussions and forums",commercial,Organic
piano mover winnipeg,84,84,70,8,1.37,https://prestigemoving.ca/service/long-distance-moving-service-in-ottawa/,0,0,0.00,0.58,654000,"[6,6,34,34,34,34,34,9,9,34,15,9]",2026-01-26,"Local pack, Sitelinks, Video, Image, Related searches",commercial,Organic
moving calculator,10,10,50,11,2.90,https://prestigemoving.ca/calculator,0,0,0.00,0.47,0,"[55,55,55,44,55,44,55,77,55,55,100,44]",2026-03-16,"Video, Related searches",commercial,Organic
moving calculator,11,11,50,11,2.90,https://prestigemoving.ca/calculator,0,0,0.00,0.47,0,"[55,55,55,44,55,44,55,77,55,55,100,44]",2026-03-16,"Video, Related searches",commercial,Organic
piano moving services near me,81,81,210,24,2.61,https://prestigemoving.ca/services/piano-moving,0,0,0.00,0.56,88100000,"[66,82,100,43,53,28,43,43,43,23,23,66]",2026-03-03,"Local pack, People also ask, Related searches, AI overview",transactional,Organic
how to find affordable moving supplies,66,66,140,32,0.00,https://prestigemoving.ca/blog/moving-supplies-in-ottawa,0,0,0.00,0,241000000,"[23,23,35,23,11,11,0,0,100,18,15]",2026-03-03,"Sitelinks, Video, People also ask, Related searches, Discussions and forums, AI overview",informational,Organic
how to find affordable moving supplies,78,78,140,32,0.00,https://prestigemoving.ca/blog/moving-supplies-in-ottawa,0,0,0.00,0,241000000,"[23,23,35,23,11,11,0,0,100,18,15]",2026-03-03,"Sitelinks, Video, People also ask, Related searches, Discussions and forums, AI overview",informational,Organic
moving companies ottawa prices,13,13,70,12,6.38,https://prestigemoving.ca/blog/ottawa-moving-companies-ranked,0,0,0.00,0.88,0,"[14,10,10,10,14,10,18,29,22,18,18,18]",2026-03-14,"Local pack, Sitelinks, Related searches, AI overview",commercial,Organic
best ottawa movers,36,36,70,45,4.10,https://prestigemoving.ca/best-movers-ottawa,0,0,0.00,0.59,931000,"[0,0,6,100,8,1,1,28,6,1,5,5]",2026-02-20,"Knowledge panel, Sitelinks, People also ask, Related searches, Discussions and forums, AI overview",commercial,Organic
commercial mover,58,58,320,23,8.18,https://prestigemoving.ca/services/commercial-moving,0,0,0.00,0.01,1620000000,"[2,10,7,10,10,12,19,67,67,100,67,81]",2026-02-20,"Local pack, Video, People also ask, Related searches",commercial,Organic
discounts moving,85,85,170,19,1.58,https://prestigemoving.ca/services/student-moving,0,0,0.00,0.64,333000000,"[43,34,100,81,100,81,81,43,43,0,0,0]",2026-03-04,"Video, Related searches, AI overview",informational,Organic
moving furniture,44,44,320,28,4.21,https://prestigemoving.ca/furniture-moving-services-in-ottawa/,0,0,0.00,0.99,0,"[21,11,21,17,26,17,17,88,32,100,32,17]",2026-03-14,"Local pack, Sitelinks, Video, Video Carousel, Popular products, Related searches, AI overview",commercial,Organic
cheap moving,44,44,90,29,5.60,https://prestigemoving.ca/affordable-movers-ottawa,0,0,0.00,0.81,0,"[6,6,6,6,8,10,22,100,8,6,8,10]",2026-03-16,"Local pack, Video, Popular products, Related searches",commercial,Organic
senior move,87,87,70,37,2.90,https://vancouver.prestigemoving.ca/services/senior-moving,0,0,0.00,0.32,1680000000,"[0,0,0,100,15,11,0,8,8,0,0,1]",2026-02-20,"Local pack, Video, Related searches, See results about",commercial,Organic
corporate relocation companies,95,95,140,38,5.05,https://prestigemoving.ca/ottawa-commercial-relocation-services-customized-solutions-for-every-industry/,0,0,0.00,0.16,47500000,"[6,34,34,43,43,65,100,53,53,43,43,43]",2026-02-20,"Local pack, Video, Ads bottom, People also ask, Related searches, AI overview",informational,Organic
moving to ottawa,26,26,110,17,0.99,https://prestigemoving.ca/,0,0,0.00,0.14,125000000,"[17,28,28,35,35,28,23,43,28,23,28,35]",2026-02-23,"Sitelinks, Video, Image, Video Carousel, People also ask, Related searches, Discussions and forums, AI overview",informational,Organic
moving to ottawa,33,33,110,17,0.99,https://prestigemoving.ca/,0,0,0.00,0.14,125000000,"[17,28,28,35,35,28,23,43,28,23,28,35]",2026-02-23,"Sitelinks, Video, Image, Video Carousel, People also ask, Related searches, Discussions and forums, AI overview",informational,Organic
prestige moving,1,1,50,34,2.76,https://prestigemoving.ca/,0,0,0.00,0.25,0,"[14,14,7,78,0,50,50,100,21,28,28,35]",2026-03-18,"Local pack, Sitelinks, Video, Image, Related searches",navigational,Organic
senior movers,71,71,390,11,2.90,https://vancouver.prestigemoving.ca/services/senior-moving,0,0,0.00,0.32,28700000,"[16,10,20,8,13,13,13,24,20,24,13,16]",2026-02-13,"Local pack, Video, People also ask, Related searches",commercial,Organic
moving service ottawa,11,11,260,50,6.95,https://prestigemoving.ca/,0,0,0.00,0.86,18600000,"[81,36,1,1,2,67,4,15,100,10,10,7]",2026-03-03,"Local pack, Image, People also ask, Related searches",commercial,Organic
moving service ottawa,50,50,260,50,6.95,https://prestigemoving.ca/contact,0,0,0.00,0.86,18600000,"[81,36,1,1,2,67,4,15,100,10,10,7]",2026-03-03,"Local pack, Image, People also ask, Related searches",commercial,Organic
move to calgary from toronto,61,61,50,10,6.87,https://prestigemoving.ca/toronto-to-calgary-long-distance-moving-experts-affordable-professional-stress-free-relocation/,0,0,0.00,0.59,26300000,"[35,28,50,21,100,50,14,64,64,35,21,14]",2026-01-24,"Sitelinks, Video, Video Carousel, People also ask, Related searches, Discussions and forums, AI overview",informational,Organic
move to calgary from toronto,73,73,50,10,6.87,https://prestigemoving.ca/toronto-to-calgary-long-distance-moving-experts-affordable-professional-stress-free-relocation/,0,0,0.00,0.59,26300000,"[35,28,50,21,100,50,14,64,64,35,21,14]",2026-01-24,"Sitelinks, Video, Video Carousel, People also ask, Related searches, Discussions and forums, AI overview",informational,Organic
